하천명,하천등급,기점위치,기점경계위치,종점위치,종점경계위치,하천지정근거,하천고시일내역,본류명,1지류명,2지류명,하천연장(키로미터)
낙동강,국가,경북안동도산,토계삼각점(352.7m)단천 삼각점(648.1m)직선,경북고령우곡,"경북,경남도계",대통령령 제16535호,2013-03-15,낙동강,낙동강, ,262.34
반변천,국가,경북청송파천,용전천(지방) 합류점,경북안동용상,낙동강(국가) 합류점,대통령령 제16535호,2010-05-26,반변천,낙동강,반변천,36.04
내성천,국가,경북예천호명,고평교,경북예천굥궁,낙동강(국가) 합류점,대통령령 제16535호,2013-05-28,내성천,낙동강,내성천,27
감천,국가,경북김천조마구성,"조마면,구성면의 경계",경북구미선산,낙동강(국가) 합류점,대통령령 제16535호,2016-07-25,감천,낙동강,감천,39
금호강,국가,경북영천완산,고촌천(지방) 합류점,경북칠곡지천,"대구,경북도계",대통령령 제16535호,2011-02-28,금호강,낙동강,금호강,32.1
형산강,국가,경북경주율동,대천(지방) 합류점,경북포항송정,해안,대통령령 제16535호,2009-04-07,형산강,형산강,,36
낙동강,지방,경북봉화명호,낙동강(지방) 기점,경북안동도산,단천리813(임)번지선 낙동강(국가)합류점,대통령령 제16535호,2014-06-30,낙동강,,,19.3
낙동강,지방,경북봉화소천,"석포리944(천) 번지선(강원,경북도계)",경북봉화명호,낙동강(지방) 기점,경북536호 (1966-04-22 ),2014-06-30,낙동강,,,66.43
내성천,지방,경북영주문수,서천합류점,경북예천호명,직산리1059-12 번지선내성천(국가)기점,대통령령 제16535호,2014-07-17,낙동강,내성천,,23.4
내성천,지방,경북봉화물야,오전리 1251-1번지선,경북영주문수,서천합류점,경북536호 (1966-04-22 ),2014-07-17,낙동강,내성천,,51.93
병성천,지방,경북상주공성,영오리 564-2(대) 번지선,경북상주도남,720-1(전) 번지선 낙동강(국가)합류점,대통령령 제16535호,2011-12-12,낙동강,병성천,,30
병성천,지방,경북상주공성,영오,경북상주청리,병성천(지방) 기점,경북536호 (1966-04-22 ),2011-12-12,낙동강,병성천,,
위천,지방,경북의성비안,쌍계천(지방) 합류점,경북상주중동,낙동강(국가) 합류점,대통령령 제16535호,2014-06-30,낙동강,위천,,
위천,지방,경북군위고로,낙전,경북의성비안,위천(지방) 기점,경북536호 (1966-04-22 ),2014-06-30,낙동강,위천,,117
영덕오십천,지방,경북영덕신양,오십천(지방하천)합류점,경북영덕강구,오포리574-2(도)동해안,대통령령 제16535호,2014-12-01,영덕오십천,,,16.3
영덕오십천,지방,경북영덕지품,기사리112(임) 기사저수지,경북영덕신양,오십천(지방하천)합류점,경북536호 (1966-04-22 ),2014-12-01,영덕오십천,,,22.39
회천,지방,경북고령운수,운수면.성주군 수륜면의경계,경북고령고령,객기리 낙동강 (국가) 합류점,대통령령 제16535호,2014-02-20,낙동강,회천,,24.47
송정리천,지방,경북봉화소천,대현,경북봉화소천,낙동강(지방) 합류점,경북536호 ,1966-04-22,낙동강,송정리천,,5.75
병오천,지방,경북봉화소천,대현(병오),경북봉화소천,송정리천(지방) 합류점,경북88호,1969-07-02,낙동강,송정리천,병오천,8
석포리천,지방,경북봉화소천,석포,경북봉화소천,낙동강(지방) 합류점,경북536호 ,1966-04-22,낙동강,석포리천,,12.5
골포천,지방,경북울진서,전곡(골포),경북울진서,낙동강(지방) 합류점,경북88호 ,1969-07-02,낙동강,골포천,,8
회룡천,지방,경북봉화소천,남회룡리 21-2(천) 번지선,경북봉화소천,산94(임) 낙동강(지방) 합류점,경북536호 (1966-04-22 ),2010-12-20,낙동강,회룡천,,16.3
현동천,지방,경북봉화소천,고선리 산198번지선,경북봉화소천,현동리 산70-7번지선 낙동강(지방) 합류점,경북536호 (1966-04-22 ),2019-10-24,낙동강,현동천,,12.28
덕신천,지방,경북봉화소천,두음리 95번지선 교량지점,경북봉화소천,두음리 616-1번지선 낙동강(지방) 합류점,경북88호 (1969-07-02 ),2019-10-24,낙동강,덕신천,,7.94
가천,지방,경북봉화소천,갈산리 220번지선,경북봉화소천,갈산리 1212번지선 낙동강(지방) 합류점,경북536호 (1966-04-22 ),2019-10-24,낙동강,가천,,8.01
재산천,지방,경북봉화재산,동면리 588번지선,경북봉화재산,갈산리 2200번지선 낙동강(지방) 합류점,경북536호 (1966-04-22 ),2018-04-23,낙동강,재산천,,17.56
운곡천,지방,경북봉화춘양,서벽리 969번지선 도력교 지점,경북봉화명호,도천리 208번지선 낙동강(지방) 합류점,경북536호 (1966-04-22 ),1994-03-12,낙동강,운곡천,,32.55
월노천,지방,경북봉화춘양,서벽(실두),경북봉화춘양,운곡천(지방) 합류점,경북88호 (1969-07-02 ),1969-07-02,낙동강,운곡천,월노천,6.5
법전천,지방,경북봉화법전,법전 320,경북봉화명호,도천 5 운곡천(지방) 합류점,경북88호 (1969-07-02 ),2013-01-14,낙동강,운곡천,법전천,7.02
도천,지방,경북봉화법전,풍전(갈방),경북봉화명호,운곡천(지방) 합류점,경북88호 (1969-07-02 ),1969-07-02,낙동강,운곡천,도천,7.5
관창리천,지방,경북봉화명호,관창,경북봉화명호,낙동강(지방) 합류점,경북88호 (1969-07-02 ),1969-07-02,낙동강,관창리천,,6
고리천,지방,경북안동도산,태평(노루매),경북안동도산,낙동강(지방) 합류점,경북88호 (1969-07-02 ),1969-07-02,낙동강,고리천,,5.5
토계천,지방,경북안동도산,온혜 101-1 고산교,경북안동도산,토계 468-3 낙동강(국가) 합류점,경북536호 (1966-04-22 ),2013-12-30,낙동강,토계천,,6.15
동계천,지방,경북안동예안,도촌리 594-3번지선,경북안동예안,인계리 818-1번지선 낙동강(국가)합류점,경북536호 (1966-04-22 ),2016-09-01,낙동강,동계천,,10.9
역계천,지방,경북안동녹전,신평리 1276번지선,경북안동녹전,사신리 1026-1번지선 낙동강(국가)합류점,경북536호 (1966-04-22 ),2016-09-01,낙동강,역계천,,9.15
구계천,지방,경북안동예안,구룡,경북안동예안,낙동강(국가) 합류점,경북536호 (1966-04-22 ),1966-04-22,낙동강,구계천,,8.5
와야천,지방,경북안동와룡,태리 895번지선,경북안동신야,상아동 370번지선 낙동강(국가)합류점,경북88호 (1969-07-02 ),2016-09-01,낙동강,와야천,,7.99
반변천,지방,경북영양일월,문암,경북안동길안,반변천(국가) 합류점,경북536호 (1966-04-22 ),2004-11-25,낙동강,반변천,,75
문상천,지방,경북영양수비,계동,경북영양일월,반변천(지방) 합류점,경북536호 (1966-04-22 ),2012-08-09,낙동강,반변천,문상천,7.22
장파천,지방,경북영양수비,송하,경북영양일월,반변천(지방) 합류점,경북536호 (1966-04-22 ),2004-11-25,낙동강,반변천,장파천,7.55
장군천,지방,경북영양일월,도곡,경북영양일월,반변천(지방) 합류점,경북536호 (1966-04-22 ),2004-08-23,낙동강,반변천,장군천,9.42
화원천,지방,경북영양영양,창상,경북영양영양,반변천(지방) 합류점,경북536호 (1966-04-22 ),1966-04-22,낙동강,반변천,화원천,8.5
창하천,지방,경북영덕창수,보림,경북영양영양,화원천(지방) 합류점,경북88호 (1969-07-02 ),1969-07-02,낙동강,반변천,화원천,5.3
동부천,지방,경북영양영양,황룡,경북영양영양,반변천(지방) 합류점,경북88호 (1969-07-02 ),1969-07-02,낙동강,반변천,동부천,5.5
동천,지방,경북영양청기,무진,경북영양입암,반변천(지방) 합류점,경북536호 (1966-04-22 ),2001-12-24,낙동강,반변천,동천,26.4
소청천,지방,경북영양청기,경북영양청기,경북영양청기,동천(지방) 합류점,경북88호 (1969-07-02 ),1969-07-02,낙동강,반변천,동천,5.5
신사천,지방,경북영양입암,경북영양입암,경북영양입암,반변천(지방) 합류점,경북88호 (1969-07-02 ),2011-07-14,낙동강,반변천,신사천,7.57
동산천,지방,경북영양입암,경북영양입암,경북영양입암,반변천(지방) 합류점,경북88호 (1969-07-02 ),1969-07-02,낙동강,반변천,동산천,6.2
화매천,지방,경북영양석보,화매,경북영양입암,반변천(지방) 합류점,경북536호 (1966-04-22 ),2003-10-23,낙동강,반변천,화매천,13.27
인지천,지방,경북영양석보,경북영양석보,경북영양석보,화매천(지방) 합류점,경북88호 (1969-07-02 ),2003-10-23,낙동강,반변천,화매천,8.17
송하천,지방,경북영양석보,경북영양석보,경북영양석보,옥계리(화매천 합류점),경북88호 (1969-07-02 ),2016-12-29,낙동강,반변천,화매천,7.18
서시천,지방,경북청송진보,괴정(갈평),경북청송진보,반변천(지방) 합류점,경북536호 (1966-04-22 ),1966-04-22,낙동강,반변천,서시천,13.5
용전천,지방,경북청송부남,중기(국동),경북청송파천,송강 반변천(지방.지방경계)합류점,경북536호 (1966-04-22 ),1993-12-28,낙동강,반변천,용전천,53
경암천,지방,경북청송부남,경북청송부남,경북청송부남,용전천(지방) 합류점,경북88호 (1969-07-02 ),1969-07-02,낙동강,반변천,용전천,6.5
노부천,지방,경북청송부남,경북청송부남,경북청송부남,용전천(지방) 합류점,경북536호 (1966-04-22 ),1966-04-22,낙동강,반변천,용전천,11.75
주산천,지방,경북청송부동,경북청송부동,경북청송부동,용전천(지방) 합류점,경북536호 (1966-04-22 ),2009-07-23,낙동강,반변천,용전천,11.75
신동천,지방,경북청송부동,경북청송부동,경북청송부동,주산천(지방) 합류점,경북88호 (1969-07-02 ),1969-07-02,낙동강,반변천,용전천,6.7
주방천,지방,경북청송부동,경북청송부동,경북청송부동,용전천(지방) 합류점,경북536호 (1966-04-22 ),2012-07-09,낙동강,반변천,용전천,6.09
구평천,지방,경북청송청송,경북청송청송,경북청송청송,용전천(지방) 합류점,경북88호 (1969-07-02 ),1969-07-02,낙동강,반변천,용전천,8
괘천,지방,경북청송청송,경북청송청송,경북청송청송,용전천(지방) 합류점,경북536호 (1966-04-22 ),1966-04-22,낙동강,반변천,용전천,5.25
신흥천,지방,경북청송파천,경북청송파천,경북청송파천,용전천(지방) 합류점,경북88호 (1969-07-02 ),1969-07-02,낙동강,반변천,용전천,7
신기천,지방,경북청송파천,경북청송파천,경북청송파천,용전천(지방) 합류점,경북88호 (1969-07-02 ),1969-07-02,낙동강,반변천,용전천,8
일낙천,지방,경북안동길안,대곡(추곡),경북안동임동,용전천(지방) 합류점,경북88호 (1969-07-02 ),1969-07-02,낙동강,반변천,일낙천,5.5
용계천,지방,경북청송파천,지경,경북안동길안,반변천(국가) 합류점,경북536호 (1966-04-22 ),1966-04-22,낙동강,반변천,용계천,13.75
대곡천,지방,경북안동임동,대곡,경북안동길안,반변천(국가) 합류점,경북536호 (1966-04-22 ),1966-04-22,낙동강,반변천,대곡천,21
길안천,지방,경북청송현서,월정,경북안동임하,반변천(국가) 합류점,경북536호 (1966-04-22 ),2012-07-09,낙동강,반변천,길안천,72
보현천,지방,경북청송현서,두곡85-3(답)선,경북청송안덕,길안천(지방) 합류점,경북536호 (1966-04-22 ),2010-07-12,낙동강,반변천,길안천,14.5
무계천,지방,경북청송현서,무계(간산),경북청송현서,보현천(지방) 합류점,경북88호 (1969-07-02 ),,낙동강,반변천,길안천,6
무계천,지방,경북청송현동,월매,경북청송현동,길안천(지방) 합류점,경북536호 (1966-04-22 ),2004-02-09,낙동강,반변천,길안천,13.05
병보천,지방,경북포항죽장,상사,경북청송현동,눌인천(지방) 합류점,경북536호 (1966-04-22 ),2010-12-20,낙동강,반변천,길안천,9.14
은계천,지방,경북청송현동,눌인(매곡),경북청송현동,눌인천(지방) 합류점,경북88호 (1969-07-02 ),,낙동강,반변천,길안천,6.8
송제천,지방,경북안동길안,경북안동길안,경북안동길안,길안천(지방) 합류점,경북88호 (1969-07-02 ),,낙동강,반변천,길안천,8.6
백자천,지방,경북안동길안,경북안동길안,경북안동길안,길안천(지방) 합류점,경북88호 (1969-07-02 ),,낙동강,반변천,길안천,6
현하천,지방,경북안동길안,경북안동길안,경북안동길안,길안천(지방) 합류점,경북536호 (1966-04-22 ),2010-02-22,낙동강,반변천,길안천,7.22
신기천,지방,경북안동임하,고곡,경북안동임하,길안천(지방) 합류점,경북88호 (1969-07-02 ),,낙동강,반변천,길안천,5.9
이천천,지방,경북안동임하,초목(점리),경북안동남선,반변천(국가) 합류점,경북88호 (1969-07-02 ),,낙동강,반변천,이천천,8.5
백일천,지방,경북안동남선,신흥,경북안동남선,반변천(국가) 합류점,경북88호 (1969-07-02 ),,낙동강,반변천,백일천,9
송야천,지방,경북영주평은,오운,경북안동풍산,낙동강(국가) 합류점,경북536호 (1966-04-22 ),2004-10-04,낙동강,송야천,,22.01
미천,지방,경북의성옥산,실업리 1288번지선,경북안동남후,검암리(낙동강합류점),경북536호 (1966-04-22 ),1991-12-01,낙동강,미천,,53.15
달곡천,지방,경북의성옥산,금학,경북의성옥산,미천(지방) 합류점,경북536호 (1966-04-22 ),2005-07-18,낙동강,미천,달곡천,10.35
옥곡천,지방,경북의성점곡,황룡리 산81,경북의성점곡,사촌리 미천(지방) 합류점,경북88호 (1969-07-03 ),2009-07-23,낙동강,미천,옥곡천,7.7
하화천,지방,경북의성단촌,상화리 943(대곡저수지 여수로 하단),경북의성단촌,세촌리 880-6(미천 합류점),경북88호 (1969-07-03 ),2016-03-17,낙동강,미천,하화천,6.7
망율천,지방,경북안동일직,평팔,경북안동일직,미천(지방) 합류점,경북88호 (1969-07-02 ),2008-06-19,낙동강,미천,망율천,5.58
안망천,지방,경북의성단촌,외천,경북안동일직,미천(지방) 합류점,경북88호 (1969-07-03 ),2012-07-09,낙동강,미천,안망천,9.72
송양천,지방,경북안동일직,용각,경북안동일직,미천(지방) 합류점,경북88호 (1969-07-02 ),2011-07-14,낙동강,미천,송양천,7
노림천,지방,경북안동남선,외하,경북안동남후,미천(지방) 합류점,경북88호 (1969-07-02 ),2019-10-24,낙동강,미천,노림천,5.85
하고천,지방,경북안동남후,고상리 1272번지선,경북안동남후,검암리 943-1번지선 낙동강(국가)합류점,경북88호 (1969-07-02 ),2016-09-01,낙동강,하고천,,6.55
증수천,지방,경북안동서후,이개리 870번지선,경북안동풍산,수곡리 833-1번지선 낙동강(국가)합류점,경북88호 (1969-07-02 ),2016-09-01,낙동강,증수천,,6.1
풍산천,지방,경북안동서후,자품리 일대,경북안동풍산,낙동강 합류점,경북536호 (1966-04-22 ),2016-06-16,낙동강,풍산천,,12.53
신역천,지방,경북안동풍산,신양리 일대,경북안동풍산,낙동강 합류점,경북536호 (1966-04-22 ),2016-06-16,낙동강,신역천,,8
하아천,지방,경북안동남후,상아,경북안동남후,낙동강(국가) 합류점,경북88호 (1969-07-02 ),2008-12-22,낙동강,하아천,,6
광산천,지방,경북의성신평,덕봉리,경북안동풍천,낙동강 합류점,경북536호 (1966-04-22 ),2017-02-02,낙동강,광산천,,21.77
하신천,지방,경북안동풍천,어담(거물억),경북안동풍천,광산천(지방) 합류점,경북88호 (1969-07-02 ),2010-02-22,낙동강,광산천,하신천,7.7
신평천,지방,경북의성신평,중하 1458,경북의성신평,쌍호 932-110 낙동강(국가) 합류점,경북536호 (1966-04-22 ),2018-09-06,낙동강,신평천,,19.61
봉정천,지방,경북의성다인,달제,경북의성다인,봉정 낙동강(국가) 합류점,경북536호 (1966-04-22 ),2018-11-08,낙동강,봉정천,,5.53
가계천,지방,경북봉화봉성,금봉리 204-11번지선,경북봉화봉화,삼계리 166-2번지선 내성천(지방)합류점,경북536호 (1966-04-22 ),2014-07-17,낙동강,내성천,가계천,8.68
창평천,지방,경북봉화봉성,경북봉화봉성,경북봉화봉성,금봉리산156-5번지선 가계천합류점,경북88호 (1969-07-02 ),2014-07-17,낙동강,내성천,가계천,5.49
동막천,지방,경북봉화물야,북지리 136-3번지선,경북봉화봉화,삼계리 916-1번지선 가계천합류점,경북88호 (1969-07-02 ),2014-07-17,낙동강,내성천,가계천,3.89
낙화암천,지방,경북영주부석,우곡리372-1번지선,경북봉화봉화,문단리12-1번지선 내성천(지방)합류점,경북536호 (1966-04-22 ),2014-07-17,낙동강,내성천,낙화암천,14.1
행계천,지방,경북봉화물야,두문리896번지선,경북영주부석,감곡리 483-4번지선 낙화암천합류점,경북88호 (1969-07-02 ),2014-07-17,낙동강,내성천,낙화암천,6.32
토일천,지방,경북봉화봉성,봉성리 372-1번지선,경북영주평은,천본리 691번지선 내성천(지방)합류점,경북536호 (1966-04-22 ),2014-07-17,낙동강,내성천,토일천,19.2
구천,지방,경북봉화상운,하눌리1217-3번지선,경북영주평은,천본리 48번지선 토일천합류점,경북536호 (1966-04-22 ),2014-07-17,낙동강,내성천,토일천,10.56
서천,지방,경북영주풍기,동부리36-3번지선,경북영주문수,승문리1817-1번지선 내성천(지방)합류점,경북536호 (1966-04-22 ),2014-07-17,낙동강,내성천,서천,21.97
남원천,지방,경북영주풍기,수철리 201-1번지선,경북영주풍기,동부리 36-3번지선 서천합류점,경북536호 (1966-04-22 ),2014-07-17,낙동강,내성천,서천,8.25
금계천,지방,경북영주풍기,금계리17번지선,경북영주풍기,동부리32-9번지선 서천합류점,경북536호 (1966-04-22 ),2014-07-17,낙동강,내성천,서천,5.27
죽계천,지방,경북영주순흥,내죽리383-1번지선,경북영주고현,359-1번지선 서천합류점,경북536호 (1966-04-22 ),2014-07-17,낙동강,내성천,서천,12.79
사천,지방,경북영주단산,옥대리 911번지선,경북영주단산,동원리 767-121번지선 죽계천합류점,경북536호 (1966-04-22 ),2014-07-17,낙동강,내성천,서천,11.19
홍교천,지방,경북영주순흥,태장리1096번지선,경북영주창진,445-1번지선 죽계천합류점,경북536호 (1966-04-22 ),2014-07-17,낙동강,내성천,서천,7.49
조와천,지방,경북영주조와,598-79번지선,경북영주고현,457-8번지선 서천합류점,경북88호 (1969-07-02 ),2014-07-17,낙동강,내성천,서천,5.8
석탑천,지방,경북안동북후,신전리494-1번지선,경북안동북후,석탑리 산38번지선 내성천(지방)합류천,경북88호 (1969-07-02 ),2014-07-17,낙동강,내성천,석탑천,6.14
옥계천,지방,경북영주안정,묵리363번지선,경북예천보문,옥천리 437-3번지선 내성천(지방)합류점,경북536호 (1966-04-22 ),2014-07-17,낙동강,내성천,옥계천,14.5
우곡천,지방,경북영주안정,여륵리524-4번지선,경북영주장수,화기리754-1번지선 옥계천 합류점,경북88호 (1969-07-02 ),2014-07-17,낙동강,내성천,옥계천,8.02
석관천,지방,경북영주봉현,노좌리242-3번지선,경북예천감천,마촌리 532번지선 내성천(지방)합류점,경북536호 (1966-04-22 ),2014-07-17,낙동강,내성천,석관천,15.29
한천,지방,경북예천상리,백석리100-1번지선,경북예천개포,동송리608-62번지선 내성천(국가)합류천,경북536호 (1966-04-22 ),2014-07-17,낙동강,내성천,한천,27.38
용두천,지방,경북예천상리,용두리 810번지선,경북예천하리,우곡리 635-8번지선 한천합류점,경북536호 (1966-04-22 ),2014-07-17,낙동강,내성천,한천,7.77
금곡천,지방,경북예천용문,두천리 718번지선,경북예천예천,생천리 66번지선 한천합류점,경북536호 (1966-04-22 ),2014-07-17,낙동강,내성천,한천,12.01
중평천,지방,경북예천유천,중평리128-7번지선,경북예천개포,금리24-4번지선 한천합류점,경북536호 (1966-04-22 ),2014-07-17,낙동강,내성천,한천,9.82
송평천,지방,경북예천호명,산합리99-1번지선,경북예천지보,수월리 185-9번지선 내성천(국가)합류점,경북536호 (1966-04-22 ),2014-07-17,낙동강,내성천,송평천,9.62
금천,지방,경북문경동노,적성리 1248번지선,경북문경영순,달지리 44-1번지선 내성천합류점,경북536호 (1966-04-22 ),2014-07-17,낙동강,내성천,금천,33.7
수진천,지방,경북문경동노,석항리 702번지선,경북문경동노,간송리 217번지선 금천합류점,경북88호 (1969-07-02 ),2014-07-17,낙동강,내성천,금천,4.76
대하리천,지방,경북문경산북,호암리 494번지선,경북문경산북,대하리 502번지선 금천합류점,경북536호 (1966-04-22 ),2014-07-17,낙동강,내성천,금천,13.37
복계천,지방,경북문경산북,지내리535번지선,경북예천용궁,무이리 37-2번지선 금천합류점,경북536호 (1966-04-22 ),2014-07-17,낙동강,내성천,금천,10.95
영강,지방,경북문경농암,병천교,경북문경영순,말응리 산105,경북536호 (1966-04-22 ),2016-01-21,낙동강,영강,,58.91
양산천,지방,경북문경가은,완장,경북문경가은,영강(지방) 합류점,경북536호 (1966-04-22 ),2004-08-23,낙동강,영강,양산천,9.7
조령천,지방,경북문경문경,마원,경북문경마성,영강(지방) 합류점,경북536호 (1966-04-22 ),2008-06-19,낙동강,영강,조령천,7.86
신북천,지방,경북문경문경,갈평,경북문경문경,조령천(지방) 합류점,경북536호 (1966-04-22 ),2008-06-19,낙동강,영강,조령천,10.44
산이천,지방,경북문경문경,평천(월항),경북문경문경,신북천(지방) 합류점,경북88호 (1969-07-02 ),2010-02-22,낙동강,영강,조령천,4.83
초곡천,지방,경북문경문경,상초,경북문경문경,조령천(지방) 합류점,경북536호 (1966-04-22 ),2007-08-23,낙동강,영강,조령천,6.96
가도천,지방,경북문경호계,선암,경북문경호계,영강(지방) 합류점,경북88호 (1969-07-02 ),2001-12-24,낙동강,영강,가도천,6.9
이안천,지방,경북상주내서,서원리 259번지선,경북상주함창,금곡리 215-3번지선 영강(지방) 합류점,경북536호 (1966-04-22 ),2020-04-13,낙동강,영강,이안천,38.36
대중천,지방,경북상주외서,예의 469,경북상주외서,이촌 199-4 이안천(지방) 합류점,경북88호 (1969-07-03 ),2020-04-13,낙동강,영강,이안천,7.24
시암천,지방,경북문경농암,선곡 309,경북상주은척,하흘 357-9 이안천(지방) 합류점,경북536호 (1966-04-22 ),2020-04-13,낙동강,영강,이안천,5.08
지평천,지방,경북상주이안,구미 939,경북상주공검,지평 246-1 이안천(지방) 합류점,경북88호 (1969-07-03 ),2020-04-13,낙동강,영강,이안천,6
지산천,지방,경북상주이안,안룡,경북상주공검,이안천(지방) 합류점,경북536호 (1966-04-22 ),2020-04-13,낙동강,영강,이안천,7.6
공덕천,지방,경북상주풍양,홍천리 725-1번지,경북상주풍양,효갈리(낙동강 합류점),경북88호 (1969-07-02 ),2014-06-30,낙동강,공덕천,,5.6
장산천,지방,경북상주공성,용신,경북상주공성,병성천(지방) 합류점,경북88호 (1969-07-02 ),2017-06-05,낙동강,병성천,장산천,4.14
청하천,지방,경북상주청리,청상,경북상주청리,병성천(지방) 합류점,경북88호 (1969-07-02 ),2017-06-05,낙동강,병성천,청하천,5.62
청리천,지방,경북상주외남,소상,경북상주청리,병성천(지방) 합류점,경북536호 (1966-04-22 ),2017-06-05,낙동강,병성천,청리천,4.9
북천,지방,경북상주모서,대표,경북상주복룡,병성천(지방) 합류점,경북536호 (1966-04-22 ),1993-12-28,낙동강,병성천,북천,23.9
개운천,지방,경북상주개운,개운,경북상주서문,북천(지방) 합류점,경북536호 (1966-04-22 ),2012-04-30,낙동강,병성천,북천,5.85
동천,지방,경북상주사벌,목가,경북상주낙상,병성천(지방) 합류점,경북536호 (1966-04-22 ),2002-11-25,낙동강,병성천,동천,7.5
외서천,지방,경북상주외서,가곡리,경북상주낙상,동천 합류점,경북536호 (1966-04-22 ),2016-06-16,낙동강,병성천,동천,8.27
삼덕천,지방,경북상주사벌,덕담,경북상주사벌,병성천(지방) 합류점,경북88호 (1969-07-03 ),2011-07-14,낙동강,병성천,삼덕천,4.2
장천,지방,경북상주낙동,용포,경북상주낙동,낙동강(국가) 합류점,경북536호 (1966-04-22 ),2019-10-24,낙동강,장천,,11.13
말지천,지방,경북의성다인,덕지리 775구 지번선,경북상주중동,신암리 131전 지번선 낙동강합류점,경북88호 (1969-07-03 ),2014-07-31,낙동강,말지천,,7.99
가암천,지방,경북군위고로,가암(백암),경북군위고로,위천(지방) 합류점,경북536호 (1966-04-22 ),1966-04-22,낙동강,위천,가암천,6.3
덕천천,지방,경북군위고로,화산,경북군위고로,위천(지방) 합류점,경북88호 (1969-07-03 ),1969-07-03,낙동강,위천,덕천천,8.5
구천,지방,경북군위산성,백학,경북군위우보,위천(지방) 합류점,경북536호 (1966-04-22 ),2018-11-08,낙동강,위천,구천,16.14
남천,지방,경북군위부계,대율,경북군위효령,위천(지방) 합류점,경북536호 (1966-04-22 ),2018-11-08,낙동강,위천,남천,19.96
사창천,지방,경북칠곡가산,용암,경북군위효령,남천(지방) 합류점,경북536호 (1966-04-22 ),2018-11-08,낙동강,위천,남천,12.96
신안천,지방,경북의성금성,도경,경북군위군위,위천(지방)-합류점,경북536호 (1966-04-22 ),2012-07-09,낙동강,위천,신안천,11.46
곡정천,지방,경북구미산동,백현리 1151(천)번지선,경북군위소보,위성리1191-4(천)번지선위천합류점,경북536호 (1966-04-22 ),2014-07-17,낙동강,위천,곡정천,10.73
쌍계천,지방,경북의성춘산,신흥리803번지선(중리교),경북의성비안,쌍계리754-1번지선(위천합류점),경북536호 (1966-04-22 ),2014-07-14,낙동강,위천,쌍계천,38.58
금오천,지방,경북의성춘산,금오(상류),경북의성춘산,쌍계천(지방) 합류점,경북88호 (1969-07-03 ),2010-09-27,낙동강,위천,쌍계천,5.48
사미천,지방,경북의성춘산,효선,경북의성가음,쌍계천(지방) 합류점,경북536호 (1966-04-22 ),2014-07-14,낙동강,위천,쌍계천,6.8
산마천,지방,경북의성금성,운곡,경북의성금성,쌍계천(지방) 합류점,경북536호 (1966-04-22 ),2018-04-23,낙동강,위천,쌍계천,6.6
남대천,지방,경북의성사곡,공정리776-3(답)번지선,경북의성봉양,구미리771-3(천)번지선,경북536호 (1966-04-22 ),2012-04-30,낙동강,위천,쌍계천,33.79
안평천,지방,경북의성안평,삼춘,경북의성봉양,쌍계천(지방) 합류점,경북536호 (1966-04-22 ),1999-08-09,낙동강,위천,쌍계천,17.5
화신천,지방,경북의성비안,산제리 494번지선,경북의성비안,쌍계천(지방) 합류점,경북88호-(1696-07-03),2018-04-23,낙동강,위천,쌍계천,7.14
금당천,지방,경북의성안평,금곡,경북의성안평,안평천(지방) 합류점,경북88호 (1969-07-03 ),2018-04-23,낙동강,위천,쌍계천,4.97
괴촌천,지방,경북의성안평,신월,경북의성안평,안평천(지방) 합류점,경북88호 (1969-07-03 ),2006-07-03,낙동강,위천,쌍계천,6.75
위양천,지방,경북의성안계,위양리,경북의성안계,위양리 위천(지방) 합류점,경북88호 (1969-07-03 ),2019-10-24,낙동강,위천,위양천,1.75
비산천,지방,경북의성구천,조성,경북의성구천,위천(지방) 합류점,경북89호 (1969-07-08 ),2001-12-24,낙동강,위천,비산천,10.8
신곡천,지방,경북구미도개,신곡,경북구미도개,낙동강(국가) 합류점,경북25호 (1982-02-02 ),2010-07-12,낙동강,신곡천,,3.46
감천,지방,경북김천대덕,대리,경북김천구성,감천(국가) 기점,경북536호 (1966-04-22 ),2003-10-23,낙동강,감천,,28.53
부항천,지방,경북김천부항,어전,경북김천지례,감천(지방) 합류점,경북536호 (1966-04-22 ),2020-07-23,낙동강,감천,부항천,11.2
무릉천,지방,경북김천구성,월계,경북김천구성,감천(지방) 합류점,경북536호 (1966-04-22 ),2020-07-13,낙동강,감천,무릉천,6.65
하원천,지방,경북김천대항,주례,경북김천구성,감천(지방) 합류점,경북536호 (1966-04-22 ),2020-07-13,낙동강,감천,하원천,9.71
강곡천,지방,경북김천조마,신곡,경북김천조마,감천(국가) 합류점,경북89호 (1969-07-08 ),2004-11-25,낙동강,감천,강곡천,6.65
대방천,지방,경북김천조마,대방(수방),경북김천감천,감천(국가) 합류점,경북536호 (1966-04-22 ),2012-04-30,낙동강,감천,대방천,7.45
직지사천,지방,경북김천봉산,광천,경북김천모암,감천(국가) 합류점,경북536호 (1966-04-22 ),2020-04-20,낙동강,감천,직지사천,17.96
백운천,지방,경북김천대항,운수,경북김천봉산,직지사천(지방) 합류점,경북89호 (1969-07-08 ),2020-04-20,낙동강,감천,직지사천,5.47
아천,지방,경북김천어모,능치리 1196,경북김천개령,서부리 611-10 감천(국가) 합류점,경북536호 (1966-04-22 ),2020-04-20,낙동강,감천,아천,18.35
감문천,지방,경북김천감문,문무리 563,경북김천어모,군자리 1155-1 아천(지방) 합류점,경북536호 (1966-04-22 ),2020-04-20,낙동강,감천,아천,6.77
율곡천,지방,경북김천농소,봉곡리 1512-1,경북김천남,초곡리 1036-2 감천(국가) 합류점,경북536호 (1966-04-22 ),2020-04-20,낙동강,감천,율곡천,12.01
연봉천,지방,경북김천남,오봉,경북김천아포,감천(국가) 합류점,경북536호 (1966-04-22 ),2020-04-20,낙동강,감천,연봉천,10.57
광천천,지방,경북김천개령,남전리 1068,경북김천개령,광천리 1305-59 감천(국가) 합류점,경북89호 (1969-07-08 ),2020-04-20,낙동강,감천,광천천,5.03
외현천,지방,경북김천감문,금곡,경북김천개령,감천(국가) 합류점,경북536호 (1966-04-22 ),2020-04-20,낙동강,감천,외현천,8.73
대천,지방,경북구미무을,안곡,경북구미선산,감천(국가) 합류점,경북536호 (1966-04-22 ),2020-04-20,낙동강,감천,대천,13.35
봉곡천,지방,경북구미옥성,태봉,경북구미옥성,대천(지방) 합류점,경북89호 (1969-07-08 ),2020-04-20,낙동강,감천,대천,7.05
단계천,지방,경북구미선산,교동,경북구미선산,감천(국가) 합류점,경북289호 (1978-10-16 ),2020-04-20,낙동강,감천,단계천,5.47
대망천,지방,경북구미고아,대망,경북구미고아,낙동강(국가) 합류점,경북413호 (1977-12-02 ),2018-04-23,낙동강,대망천,,6.85
습문천,지방,경북구미해평,도문,경북구미해평,낙동강(국가) 합류점,경북88호 (1967-07-03 ),2018-04-23,낙동강,습문천,,5.19
인노천,지방,경북구미고아,원호리 산59(구),경북구미고아,괴평리(낙동강 합류점),경북88호 (1967-07-03 ),2017-04-27,낙동강,인노천,,7.65
성수천,지방,경북구미산동,인덕리135-5(대)번지선,경북구미산동,성수리 807-1(답)낙동강합류점,경북89호 (1969-07-08 ),2014-07-17,낙동강,성수천,,8.57
구미천,지방,경북구미수점,342-1(천)대성천(소하천)종점,경북구미신평,낙동강(국가) 합류점,경북536호 (1966-04-22 ),2014-07-17,낙동강,구미천,,10.07
봉곡천,지방,경북구미부곡,부곡,경북구미도량,구미천(지방) 합류점,경북25호 (1982-02-02 ),2009-07-23,낙동강,구미천,봉곡천,4.72
금오천,지방,경북구미남통,남통,경북구미원평,구미천(지방) 합류점,경북88호 (1967-07-03 ),2010-09-27,낙동강,구미천,금오천,7
한천,지방,경북칠곡가산,다부리 산15(임)번지선,경북구미양호,308-30(도)번지선낙동강합류점,경북536호 (1966-04-22 ),2014-07-17,낙동강,한천,,22.98
금산천,지방,경북구미장천,오로,경북구미장천,한천(지방) 합류점,경북88호 (1967-07-03 ),2018-04-23,낙동강,한천,금산천,7.63
이계천,지방,경북구미신동,470(답)번지선,경북구미임수,540-5(임)번지선 낙동강합류점,경북536호 (1966-04-22 ),2014-07-17,낙동강,이계천,,6.57
광암천,지방,경북칠곡석적,성곡리 70답 지번선,경북칠곡석적,중리 722천 지번선 낙동강합류점,경북89호 (1969-07-08 ),2014-07-31,낙동강,광암천,,6.05
광평천,지방,경북구미형곡,형곡,경북구미임은,낙동강(국가) 합류점,경북88호 (1967-07-03 ),2010-12-20,낙동강,광평천,,8.21
경호천,지방,경북김천남,부상,경북칠곡약목,낙동강(국가) 합류점,경북536호 (1966-04-22 ),2013-07-18,낙동강,경호천,,11.79
두만천,지방,경북칠곡약목,남계(두만),경북칠곡약목,낙동강(국가) 합류점,경북536호 (1966-04-22 ),2018-04-23,낙동강,경호천,두만천,3.01
반지천,지방,경북칠곡가산,학산,경북칠곡석적,낙동강(국가) 합류점,경북536호 (1966-04-22 ),2013-07-18,낙동강,반지천,,9.15
강정천,지방,경북칠곡약목,각산,경북칠곡약목,낙동강(국가) 합류점,경북89호 (1969-07-08 ),2009-07-23,낙동강,강정천,,6.92
동정천,지방,경북칠곡왜관,봉계리 412-8유 지번선,경북칠곡왜관,왜관리 1237-1전 지번선 낙동강합류점,경북536호 (1966-04-22 ),2014-07-31,낙동강,동정천,,6.75
백천,지방,경북성주초전,월곡(달말),경북성주선남,낙동강(국가) 합류점,경북536호 (1966-04-22 ),2013-06-01,낙동강,백천,,29.6
이천,지방,경북성주벽진,용암리 달창마을앞 지점,경북성주월항,백천(지방) 합류점,경북536호 (1966-04-22 ),1993-10-01,낙동강,백천,이천,19.1
봉암천,지방,경북성주용암,중거(지수),경북성주선남,백천(지방) 합류점,경북536호 (1966-04-22 ),2018-04-23,낙동강,백천,봉암천,8.81
신천,지방,경북성주용암,마월(월곡),경북성주용암,낙동강(국가) 합류점,경북536호 (1966-04-22 ),2013-08-26,낙동강,신천,,13.01
대조천,지방,경북성주용암,상신,경북성주용암,신천(지방) 합류점,경북89호 (1969-07-08 ),2010-02-22,낙동강,신천,대조천,5.7
하빈천,지방,경북칠곡지천,송정,경북칠곡지천,"대구,경북도계", ,2011-07-14,낙동강,하빈천,,2.4
자호천,지방,경북포항죽장,합덕리(양지),경북영천조교,883-1천 번지선 금호강(국가)지점,경북536호 (1966-04-22 ),1995-07-10,낙동강,금호강,자호천,35.85
현내천,지방,경북포항죽장,봉계(두문),경북포항죽장,자호천(지방) 합류점,경북88호 (1969-07-02 ),,낙동강,금호강,자호천,5.8
가사천,지방,경북포항죽장,가사,경북포항죽장,자호천(지방) 합류점,경북536호 (1966-04-22 ),,낙동강,금호강,자호천,6.75
정자천,지방,경북포항죽장,감곡,경북포항죽장,자호천(지방) 합류점,경북88호 (1969-07-02 ),,낙동강,금호강,자호천,6.4
하거천,지방,경북영천자양,보현(탑전),경북영천자양,자호천(지방) 합류점,경북536호 (1966-04-22 ),,낙동강,금호강,자호천,6.75
상신천,지방,경북영천자양,신방,경북영천자양,자호천(지방) 합류점,경북88호 (1969-07-02 ),,낙동강,금호강,자호천,6
선원천,지방,경북영천임고,삼매(매곡),경북영천임고,자호천(지방) 합류점,경북88호 (1969-07-02 ),,낙동강,금호강,자호천,7.5
임고천,지방,경북영천임고,수성,경북영천고경,자호천(지방) 합류점,경북536호 (1966-04-22 ),2001-12-24,낙동강,금호강,자호천,20.4
고촌천,지방,경북영천고경,덕정,경북영천고경,금호강(국가) 기점,경북536호 (1966-04-22 ),1998-07-23,낙동강,금호강,고촌천,20.5
상계천,지방,경북영천고경,삼포(수흥),경북영천고경,고촌천(지방) 합류점,경북88호 (1969-07-02 ),2010-02-22,낙동강,금호강,고촌천,6.4
차당천,지방,경북영천고경,삼귀,경북영천고경,고촌천(지방) 합류점,경북88호 (1969-07-02 ),,낙동강,금호강,고촌천,6.8
의곡천,지방,경북영천고경,오류,경북영천고경,고촌천(지방) 합류점,경북88호 (1969-07-02 ),2010-12-20,낙동강,금호강,고촌천,7.7
신령천,지방,경북영천신령,치산,경북영천청통,고촌천(지방) 합류점,경북536호 (1966-04-22 ),2012-12-06,낙동강,금호강,신령천,27.5
신양천,지방,경북영천신령,연정,경북영천신령,고촌천(지방) 합류점,경북88호 (1969-07-02 ),,낙동강,금호강,신령천,7
용호천,지방,경북영천화산,당지,경북영천화산,고촌천(지방) 합류점,경북536호 (1966-04-22 ),,낙동강,금호강,신령천,7
용연천,지방,경북영천청통,신학,경북영천청통,신령천(지방) 합류점,경북88호 (1969-07-02 ),,낙동강,금호강,신령천,6
삼부천,지방,경북영천화산,화산,경북영천청통,신령천(지방) 합류점,경북536호 (1966-04-22 ),2011-07-14,낙동강,금호강,신령천,7.22
고현천,지방,경북영천화북,상송,경북영천화룡,신령천(지방) 합류점,경북536호 (1966-04-22 ),1993-12-28,낙동강,금호강,신령천,26
횡계천,지방,경북영천화북,정각,경북영천화북,고현천(지방) 합류점,경북88호 (1969-07-02 ),,낙동강,금호강,신령천,8.8
오산천,지방,경북영천화북,공덕,경북영천화북,고현천(지방) 합류점,경북88호 (1969-07-02 ),,낙동강,금호강,신령천,5
안천,지방,경북영천화북,구전,경북영천화북,고현천(지방) 합류점,경북536호 (1966-04-22 ),2012-04-30,낙동강,금호강,신령천,8.28
북안천,지방,경북영천북안,옥천,경북영천도동,금호강(국가) 합류점,경북536호 (1966-04-22 ),2003-02-03,낙동강,금호강,북안천,15.9
용호천,지방,경북영천북안,관동,경북영천북안,북안천(지방) 합류점,경북88호 (1969-07-02 ),,낙동강,금호강,북안천,5.7
봉동천,지방,경북영천괴연,괴연,경북영천봉동,북안천(지방) 합류점,경북88호 (1969-07-02 ),2011-04-04,낙동강,금호강,북안천,5.4
대창천,지방,경북영천대창,운천,경북경산진량,금호강(국가) 합류점,경북536호 (1966-04-22 ),2001-12-24,낙동강,금호강,대창천,15.53
청통천,지방,경북영천청통,신원,경북경산하양,금호강(국가) 합류점,경북536호 (1966-04-22 ),1999-08-09,낙동강,금호강,청통천,19.62
박사천,지방,경북영천와촌,음양,경북영천와촌,청통천(지방) 합류점,경북536호 (1966-04-22 ),2003-02-03,낙동강,금호강,청통천,7.08
조산천,지방,경북경산하양,대곡,경북경산하양,청통천(지방) 합류점,경북536호 (1966-04-22 ),2010-12-20,낙동강,금호강,청통천,4.1
부기천,지방,경북영천대창,구지리 산167번지,경북경산하양,금락리 375-270번지 금호강(국가) 합류점,경북88호 (1969-07-02 ),2016-05-26,낙동강,금호강,부기천,10.12
오목천,지방,경북경산용성,송림,경북경산대정,금호강(국가) 합류점, ,1989-07-15,낙동강,금호강,오목천,23
오산천,지방,경북경산용성,곡란,경북경산용성,오목천(지방) 합류점,경북88호 (1969-07-02 ),2004-02-09,낙동강,금호강,오목천,4.8
사림천,지방,경북경산남산,사림,경북경산남산,오목천(지방) 합류점,경북536호 (1966-04-22 ),2004-02-09,낙동강,금호강,오목천,5.3
남천,지방,경북경산남천,하도,경북경산대정,"대구,경북도계", ,2010-02-22,낙동강,금호강,남천,16.43
송백천,지방,경북경산남천,신방,경북경산남천,남천(지방) 합류점,경북88호 (1969-07-02 ),2002-04-25,낙동강,금호강,남천,4.56
팔거천,지방,경북칠곡동명,가천(상지),경북칠곡동명,"대구,경북도계", ,2005-07-21,낙동강,금호강,팔거천,8
구야천,지방,경북칠곡동명,기성,경북칠곡동명,팔거천(지방) 합류점,경북89호 (1969-07-08 ),2012-04-30,낙동강,금호강,팔거천,6.18
이언천,지방,경북칠곡지천,달서,경북칠곡동명,금호강(국가) 합류점,경북536호 (1966-04-22 ),2001-12-24,낙동강,금호강,이언천,14
연호천,지방,경북칠곡지천,낙산,경북칠곡지천,이언천(지방) 합류점,경북89호 (1969-07-08 ),2001-12-25,낙동강,금호강,이언천,6
용소천,지방,경북고령성산,용소리 용소저수지,경북고령성산,삼대리 낙동강 합류점,경북89호 (1969-07-08 ),2014-02-20,낙동강,용소천,,5.03
대가천,지방,경북김천증산,장전,경북성주수륜,회천(지방) 기점,경북536호 (1966-04-22 ),2017-06-05,낙동강,회천,대가천,40.96
옥동천,지방,경북김천증산,수도리 524번지선,경북김천증산,유성리 749-1번지선 대가천(지방) 합류점,경북89호 (1969-07-08 ),2017-06-05,낙동강,회천,대가천,8.02
화죽천,지방,경북성주가천,신계리 1129번지선,경북성주가천,화죽리 대가천(지방) 합류점,경북536호 (1966-04-22 ),2009-07-23,낙동강,회천,대가천,11.25
계정천,지방,경북고령덕곡,백리 60번지선,경북성주수륜,계정리 150-6번지선 대가천(지방) 합류점,경북89호 (1969-07-08 ),2017-08-28,낙동강,회천,대가천,5.4
금성천,지방,경북고령운수,신간리 269번지선,경북고령운수,681번지선 회천(지방) 합류점,경북89호 (1969-07-08 ),2017-08-28,낙동강,회천,금성천,7.48
소가천,지방,경북성주수륜,백운리 524-3번지선,경북고령대가야,본관리 925-194번지선 회천(지방) 합류점,경북536호 (1966-04-22 ),2017-08-28,낙동강,회천,소가천,14.4
오리천,지방,경북고령덕곡,옥계리 361번지선,경북고령덕곡,본리리 557번지선 소가천(지방) 합류점,경북89호 (1969-07-08 ),2017-08-28,낙동강,회천,소가천,4.17
내곡천,지방,경북고령고령,신리 산29-8(임),경북고령고령,헌문리 334-1(천) 회천(지방)합류점,경북536호 (1966-04-22 ),2014-02-20,낙동강,회천,내곡천,7.41
안림천,지방,경북고령쌍림,산주리 72-1번지선 석사교 지점,경북고령대가야,외리 65번지선 회천(지방) 합류점,경북536호 (1966-04-22 ),2017-08-28,낙동강,회천,안림천,13.49
용동천,지방,경북고령쌍림,용리 347-2번지선 용동교 지점,경북고령대가야,외리 1178-9번지선 안림천(지방) 합류점,경북25호 (1982-02-02 ),2017-08-28,낙동강,회천,안림천,4.07
신안천,지방,경북고령성산,사부리 425-2번지선,경북고령개진,신안리 479-1번지선 회천(지방) 합류점,경북89호 (1969-07-08 ),2017-08-28,낙동강,회천,신안천,4.95
동창천,지방,경북경주산내,대현리3100번지선,경북청도청도,내호리276-62번지선 밀양강(국가)기점, ,2014-10-30,낙동강,밀양강,동창천,59.99
범곡천,지방,경북경주산내,대현리 2649번지선,경북경주산내,대현리 3127-25번지선 동창천(지방)합류점,경북88호 (1969-07-02 ),2014-10-30,낙동강,밀양강,동창천,7.49
감존천,지방,경북경주산내,감산리 산313번지선,경북경주산내,내일리 1263-4번지선 동창천(지방)합류점,경북536호 (1966-04-22 ),2014-10-30,낙동강,밀양강,동창천,8
직현천,지방,경북경주산내,우라리 1239번지선,경북경주산내,신원리444-13번지선 동창천(지방)합류점,경북536호 (1966-04-22 ),2014-10-30,낙동강,밀양강,동창천,7.55
지촌천,지방,경북청도운문,마일리 312번지선,경북청도운문,지촌리 658-1번지선 동창천(지방)합류점,경북88호 (1969-07-02 ),2014-10-30,낙동강,밀양강,동창천,8.55
운문천,지방,경북청도운문,신원리산169-1번지선,경북청도운문,순지리362번지선 동창천(지방)합류점,경북536호 (1966-04-22 ),2014-10-30,낙동강,밀양강,동창천,13.67
신원천,지방,경북청도운문,신원리 1805번지선,경북청도운문,신원리 747-2번지선 운문천(지방)합류점,경북88호 (1969-07-02 ),2014-10-30,낙동강,밀양강,동창천,8
동곡천,지방,경북청도금천,갈지리 산149번지선,경북청도금천,산지리 1637-19번지선 동창천(지방)합류점,경북536호 (1966-04-22 ),2014-10-30,낙동강,밀양강,동창천,9.85
부일천,지방,경북경산용성,부일리 34-2번지선,경북청도금천,사전리 266-2번지선 동곡천(지방)합류천,경북88호 (1969-07-02 ),2014-10-30,낙동강,밀양강,동창천,13.51
관하천,지방,경북청도매전,두곡리767-3번지,경북청도매전,북지리 산9번지선 동창천(지방)합류점,경북536호 (1966-04-22 ),2014-10-30,낙동강,밀양강,동창천,9.98
청도천,지방,경북청도각북,금천,경북청도청도,밀양강(국가) 합류점,경북536호 (1966-04-22 ),2012-04-30,낙동강,밀양강,청도천,38.97
오산천,지방,경북청도각북,오산(오이),경북청도각북,청도천(지방) 합류점,경북88호 (1969-07-02 ),,낙동강,밀양강,청도천,5
풍각천,지방,경북청도풍각,화산,경북청도풍각,청도천(지방) 합류점,경북536호 (1966-04-22 ),2011-10-13,낙동강,밀양강,청도천,12.1
현리천,지방,경북청도풍각,수월,경북청도풍각,풍각천(지방) 합류점,경북88호 (1969-07-02 ),2005-11-28,낙동강,밀양강,청도천,7.1
부곡천,지방,경북청도각남,사동,경북청도각남,청도천(지방) 합류점,경북89호 (1969-07-08 ),,낙동강,밀양강,청도천,5
대곡천,지방,경북청도이서,대곡,경북청도화양,청도천(지방) 합류점,경북536호 (1966-04-22 ),2002-04-25,낙동강,밀양강,청도천,8.92
금혁천,지방,경북청도이서,수야리 산103-6임 번지선,경북청도이서,서원리 대곡천(지방) 합류점,경북88호 (1969-07-02 ),2010-07-12,낙동강,밀양강,청도천,6.3
다로천,지방,경북청도화양,송금,경북청도청도,청도천(지방) 합류점,경북88호 (1969-07-02 ),2012-04-30,낙동강,밀양강,청도천,8.23
형산강,지방,경북경주내남,"경북,경남도계",경북경주율동,형산강(국가) 기점, ,1993-09-22,형산강,,,11.56
이조천,지방,경북경주내남,박달(괘전),경북경주내남,형산강(지방) 합류점,경북25호 (1982-02-02 ),2017-06-05,형산강,이조천,,12.6
화곡천,지방,경북경주내남,화곡(송림),경북경주내남,형산강(지방) 합류점,경북88호 (1969-07-03 ),2010-02-22,형산강,화곡천,,7.5
대천,지방,경북경주서,천촌리 산85(구) 덕천저수지,경북경주호현,형산강 합류점,경북25호 (1982-02-02 ),2016-01-21,형산강,대천,,22.23
심곡천,지방,경북경주서,도리,경북경주서,심곡리 1067-2답 대천 합류점,경북88호 (1969-07-03 ),2011-10-13,형산강,대천,심곡천,4.24
건천,지방,경북경주건천,송선리 1499천,경북경주건천,건천리 359-8도(대천 합류점),경북536호 (1966-04-22 ),2016-01-21,형산강,대천,건천,4.07
제내천,지방,경북경주건천,용명리 313(유) 용곡저수지,경북경주건천,대천 합류점,경북25호 (1982-02-02 ),2016-01-21,형산강,대천,제내천,3.99
고천,지방,경북경주건천,화천(백석),경북경주건천,대천(지방) 합류점,경북536호 (1966-04-22 ),2011-07-14,형산강,대천,고천,4.76
남천,지방,경북경주마,952-1번지선,경북경주탑,87-7번지선 형산강(국가) 합류점,경북536호 (1966-04-22 ),2017-08-28,형산강,남천,,17.25
원동천,지방,경북경주외동,제내리 327번지선,경북경주시,산1번지선 남천(지방) 합류점,경북536호 (1966-04-22 ),2017-08-28,형산강,남천,원동천,6.08
북천,지방,경북경주천군,산354번지선,경북경주성건,형산강(국가) 합류점,경북536호 (1966-04-22 ),2010-12-20,형산강,북천,,14.5
덕동천,지방,경북경주왕산,왕산,경북경주덕동,북천(지방) 합류점,경북88호 (1969-07-03 ),2018-04-23,형산강,북천,덕동천,4.42
소현천,지방,경북경주현곡,남사(경동),경북경주현곡,형산강(국가) 합류점,경북536호 (1966-04-22 ),2017-06-05,형산강,소현천,,8.04
태암천,지방,경북경주현곡,비대,경북경주현곡,소현천(지방) 합류점,경북88호 (1969-07-03 ),2017-06-05,형산강,소현천,태암천,2.96
신당천,지방,경북경주천북,물천리 1126-1번지선,경북경주천북,신당리 1297번지선 형산강(국가) 합류점,경북536호 (1966-04-22 ),2017-08-28,형산강,신당천,,8.07
사방천,지방,경북경주안강,검단리 1381번지선,경북경주안강,사방리 458-2번지선 형산강(국가) 합류점,경북25호 (1982-02-02 ),2004-11-25,형산강,사방천,,4.31
칠평천,지방,경북경주안강,두류,경북경주안강,형산강(국가) 합류점,경북536호 (1966-04-22 ),2004-11-25,형산강,칠평천,,11.11
사박천,지방,경북경주안강,두류,경북경주안강,칠평천(지방) 합류점,경북88호 (1969-07-03 ),2018-04-23,형산강,칠평천,사박천,4.56
야일천,지방,경북경주안강,강교,경북경주안강,사박천(지방) 합류점,경북88호 (1969-07-03 ),2018-04-23,형산강,칠평천,사박천,4.36
옥산천,지방,경북경주안강,옥산(말내),경북경주안강,칠평천(지방) 합류점,경북88호 (1969-07-03 ),2018-04-23,형산강,칠평천,옥산천,4.21
기계천,지방,경북포항기계,오덕,경북경주강동,형산강(국가) 합류점,경북536호 (1966-04-22 ),2017-06-05,형산강,기계천,,26.13
화대천,지방,경북포항기계,미현(미노),경북포항기계,기계천(지방) 합류점,경북536호 (1966-04-22 ),2019-10-24,형산강,기계천,화대천,3.24
내단천,지방,경북포항신광,냉수(주막),경북포항기계,기계천(지방) 합류점,경북536호 (1966-04-22 ),2019-10-24,형산강,기계천,내단천,3.78
왕신천,지방,경북경주천북,화산(나리),경북경주강동,형산강(국가) 합류점,경북536호 (1966-04-22 ),2008-12-22,형산강,왕신천,,8.69
자명천,지방,경북포항연일,학전,경북포항연일,형산강(국가) 합류점,경북25호 (1982-02-02 ),,형산강,자명천,,5
칠성천,지방,경북포항대송,대각,경북포항연일,형산강(국가) 합류점,경북536호 (1966-04-22 ),2004-11-25,형산강,칠성천,,5.3
동천,지방,경북경주외동,괘릉,경북경주외동,동천(지방) 기점,경북536호 (1966-04-22 ),2019-10-24,태화강,동천,,12.05
입실천,지방,경북경주외동,입실리 산27-8임번지선(입실저수지),경북경주외동,입실리 1310전 번지선 동천합류점,경북25호 (1982-02-02 ),2014-07-31,태화강,동천,입실천,3.8
신안천,지방,경북영덕지품,도계리 280(답),경북영덕지품,영덕오십천(지방)합류점,경북88호 (1969-07-03 ),2014-12-01,영덕 오십천,신안천,,5.5
대서천,지방,경북영덕달산,옥산리1004(천),경북영덕지품,신양리 463-49(답)(오십천)합류점,경북536호 (1966-04-22 ),2014-12-01,영덕 오십천,대서천,,14.73
가천,지방,경북청송부동,나동리 196-3(전),경북영덕달산,옥산리 1004(천)(대서천) 합류점,경북536호 (1966-04-22 ),2014-12-01,영덕 오십천,대서천,가천,10.55
소서천,지방,경북영덕달산,봉산리 251(유),경북영덕달산,대서천(지방)합류점,경북536호 (1966-04-22 ),2014-12-01,영덕 오십천,대서천,소서천,8.44
용덕천,지방,경북영덕지품,송천리461-2(답),경북영덕달산,소서천(지방)합류점,경북88호 (1969-07-03 ),2014-12-01,영덕 오십천,대서천,소서천,6.1
관동천,지방,경북영덕지품,삼화리 660(답),경북영덕지품,영덕오십천(지방)합류점,경북536호 (1966-04-22 ),2014-12-01,영덕 오십천,관동천,,4.84
나곡천,지방,경북울진북,검성,경북울진북,나곡해안,경북88호 (1969-07-03 ),2012-04-30,나곡천,,,8
부구천,지방,경북울진북,덕구리 561-3(천) 덕구온천지점,경북울진북,부구리 1009(천) 상부천(소) 합류점,경북536호 (1966-04-22 ),2016-06-16,부구천,,,9.62
남대천,지방,경북울진북,하당리 외두천(지방) 합류점,경북울진울진,읍남해안,경북536호 (1966-04-22 ),2013-12-16,남대천,,,13.3
외두천,지방,경북울진북,두천리 외두9교 지점,경북울진북,하당리 남대천(지방) 합류점,경북88호 (1969-07-03 ),2016-06-16,남대천,외두천,,6.56
박금천,지방,경북울진북,소곡,경북울진울진,남대천(지방) 합류점,경북88호 (1969-07-03 ),2012-04-30,남대천,박금천,,7.26
산사천,지방,경북울진울진,읍남리995-1(천),경북울진울진,남대천 합류점,경북88호 (1969-07-03 ),2014-12-01,남대천,산사천,,2.74
왕피천,지방,경북울진금강송,왕피리 장수포천(지방) 합류점,경북울진근남,수산해안,경북536호 (1966-04-22 ),2016-12-08,왕피천,,,31.42
장수포천,지방,경북영양수비,오기리 122-6번지선 오기저수지 방류부,경북울진서,왕피리 왕피천(지방) 합류점,경북536호 (1966-04-22 ),2014-10-02,왕피천,장수포천,,27.48
발리천,지방,경북영양수비,발리리 25(답) (용곡저수지),경북영양수비,발리리 477(답) 장수포천(지방)  합류점,경북88호 (1969-07-03 ),2013-07-18,왕피천,장수포천,발리천,4.43
신원천,지방,경북영양수비,본신리 음지터천(소) 합류점,경북영양수비,신원리 장수포천(지방) 합류점,경북88호 (1969-07-03 ),2016-01-21,왕피천,장수포천,신원천,9.36
본돈천,지방,경북영양수비,본신리 본돈3사방댐 지점,경북영양수비,수하리 장수포천(지방) 합류점,경북88호 (1969-07-03 ),2016-01-21,왕피천,장수포천,본돈천,5.26
신암천,지방,경북영양수비,신암리 새골천(소) 합류점,경북영양수비,수하리 장수포천(지방) 합류점,경북536호 (1966-04-22 ),2016-01-21,왕피천,장수포천,신암천,10.42
매화천,지방,경북울진매화,길곡리,경북울진근남,구산리(왕피천 합류점),경북536호 (1966-04-22 ),2016-12-08,왕피천,매화천,,22.86
광천,지방,경북울진금강송,쌍전리 산150-9(도),경북울진근남,횡곡리 249-10 왕피천(지방) 합류점,경북536호 (1966-04-22 ),2016-06-16,왕피천,광천,,26.9
후곡천,지방,경북울진금강송,소광리 251(전),경북울진금강송,쌍전리 광천(지방) 합류점,경북88호 (1969-07-03 ),2016-06-16,왕피천,광천,후곡천,7.7
보부천,지방,경북울진금강송,하원리 201(답),경북울진금강송,하원리 광천(지방) 합류점,경북88호 (1969-07-03 ),2016-06-16,왕피천,광천,보부천,2.05
척산천,지방,경북울진기성,이평,경북울진기성,척산해안,경북536호 (1966-04-22 ),2010-09-06,척산천,,,10.36
방율천,지방,경북울진기성,삼산,경북울진기성,척산천(지방) 합류점,경북536호 (1966-04-22 ),2003-09-15,척산천,방율천,,4.4
감률천,지방,경북울진기성,방율(사천),경북울진기성,방율천(지방) 합류점,경북88호 (1969-07-03 ),2010-09-06,척산천,방율천,감률천,6.06
황보천,지방,경북울진기성,황보,경북울진평해,월송해안,경북536호 (1966-04-22 ),2010-07-12,황보천,,,4.5
남대천,지방,경북울진온정,외신미리150-1(천),경북울진평해,직산리 동해안,경북536호 (1966-04-22 ),2014-12-01,남대천,,,20.86
내선미천,지방,경북울진온정,선구리712-1(천),경북울진온정,남대천 합류점,경북88호 (1969-07-03 ),2014-12-01,남대천,내선미천,,2.28
온정천,지방,경북울진온정,조금리1016-1(천),경북울진온정,남대천 합류점,경북88호 (1969-07-03 ),2014-12-01,남대천,온정천,,9.95
금천,지방,경북울진온정,덕산리76-6(천),경북울진온정,남대천 합류점,경북88호 (1969-07-03 ),2014-12-01,남대천,금천,,6.63
삼율천,지방,경북울진온정,평해면면계,경북울진평해,삼율해안,경북88호 (1969-07-03 ),2003-02-03,삼율천,,,6.41
유금천,지방,경북영덕병곡,금곡(유금),경북영덕병곡,금곡해안,경북88호 (1969-07-03 ),2012-04-30,유금천,,,5.08
백록천,지방,경북영덕병곡,영리 1199-1천 번지선,경북영덕병곡,병곡리 병곡해안,경북88호 (1969-07-03 ),2014-07-31,백록천,,,6.2
아곡천,지방,경북영덕병곡,아곡,경북영덕병곡,원황해안,경북88호 (1969-07-03 ),2008-12-22,아곡천,,,6.11
각리천,지방,경북영덕병곡,각리,경북영덕병곡,덕천해안,경북88호 (1969-07-03 ),2008-12-22,각리천,,,5.63
송천,지방,경북영덕창수,백청리 산53-2,경북영덕병곡,덕천리 해안,경북536호 (1966-04-22 ),2015-05-27,송천,,,28.65
석문천,지방,경북영덕창수,수리 산129,경북영덕창수,삼계리 269,경북88호 (1969-07-03 ),2015-05-28,송천,석문천,,3.52
울령천,지방,경북영덕창수,창수리 437-1,경북영덕병곡,미곡리 산176,경북536호 (1966-04-22 ),2015-05-28,송천,울령천,,12.12
남천,지방,경북영덕영해,묘곡,경북영덕영해,송천(지방) 합류점,경북536호 (1966-04-22 ),2012-04-30,송천,남천,,3.21
축산천,지방,경북영덕영덕,화천리 화천저수지 직하류,경북영덕축산,축산리 동해,경북536호 (1966-04-22 ),2015-05-28,축산천,,,19.07
조항천,지방,경북영덕축산,조항리 칠성저수지 직하류,경북영덕축산,축산천 합류점,경북88호 (1969-07-03 ),2015-05-28,축산천,조항천,,5.1
동로천,지방,경북영덕축산,대곡,경북영덕축산,조항천(지방)  합류점,경북88호 (1969-07-03 ),2015-05-28,축산천,조항천,동로천,3.3
장사천,지방,경북영덕남정,도천리 사암천(소) 합류부,경북영덕남정,부흥리 동해,경북536호 (1966-04-22 ),2015-05-28,장사천,,,5.85
지경천,지방,경북영덕남정,회동(상해),경북영덕남정,부경해안,경북88호 (1969-07-03 ),2010-07-12,지경천,,,4.75
광천,지방,경북포항송라,중산리 산126구 극락교지점,경북포항송라,조사리 719-2천 동해안,경북536호 (1966-04-22 ),2014-12-01,광천,,,7.56
청하천,지방,경북포항청하,청계리 1066구 무명교지점,경북포항청하,월포리 645-114천 동해안,경북536호 (1966-04-22 ),2014-12-01,청하천,,,7.69
서정리천,지방,경북포항청하,유계,경북포항청하,용두해안,경북536호 (1966-04-22 ),2012-04-30,서정리천,,,7.12
곡강천,지방,경북포항신광,만석리,경북포항흥해,곡강리 동해안,경북536호 (1966-04-22 ),2017-08-28,곡강천,,,17.65
신광천,지방,경북포항신광,우각,경북포항신광,곡강천(지방) 합류점,경북536호 (1966-04-22 ),2012-04-30,곡강천,신광천,,4.71
초곡천,지방,경북포항흥해,대연,경북포항흥해,곡강천(지방) 합류점,경북536호 (1966-04-22 ),2010-02-22,곡강천,초곡천,,11.7
학림천,지방,경북포항흥해,학천,경북포항흥해,초곡천(지방) 합류점,경북88호 (1969-07-03 ),2011-07-14,곡강천,초곡천,학림천,4.6
여남천,지방,경북포항창포,창포(우창),경북포항여남,여남해안,경북536호 (1966-04-22 ),,여남천,,,4.25
칠성천,지방,경북포항상도,상도,경북포항항구,항구해안,경북88호 (1969-07-03 ),,칠성천,,,4.5
냉천,지방,경북포항오천,갈평,경북포항동촌,동촌해안,경북536호 (1966-04-22 ),2012-12-06,냉천,,,13.4
신광천,지방,경북포항오천,항사,경북포항오천,냉천(지방) 합류점,경북88호 (1969-07-03 ),2019-10-24,냉천,신광천,,7.5
대화천,지방,경북포항장기,정천리,경북포항장기,동해안,경북536호 (1966-04-22 ),2017-08-28,대화천,,,8.5
장기천,지방,경북포항장기,방산리 산530(유) 방산저수지,경북포항장기,신창리 동해 합류점,경북536호 (1966-04-22 ),2016-01-21,장기천,,,10.47
대종천,지방,경북경주양북,장항리 453번지선,경북경주양북,용당해안,경북25호 (1982-02-22 ),2017-11-16,대종천,,,14.78
호암천,지방,경북경주양북,호암리 400-2,경북경주양북,대종천(지방) 합류,경북88호 (1969-07-03 ),2017-11-16,대종천,호암천,,5.34
용동천,지방,경북경주양북,권이,경북경주양북,대종천(지방) 합류점,경북88호 (1969-07-03 ),2012-04-30,대종천,용동천,,7.21
나산천,지방,경북경주양남,상라리 363-1번지선,경북경주양남,나아해안,경북88호 (1969-07-03 ),2015-05-28,나산천,,,5.56
하서천,지방,경북경주양남,석읍리 312번지선,경북경주양남,하서해안,경북25호 (1982-02-22 ),2015-05-27,하서천,,,9.7
수렴천,지방,경북경주양남,상계리 658번지선,경북경주양남,수렴해안,경북25호 (1982-02-02 ),2015-05-28,수렴천,,,4.37
도동천,지방,경북울릉울릉,저동,경북울릉울릉,대저해안,경북536호 (1966-04-22 ),,도동천,,,0.7
태하천,지방,경북울릉서,태하리253-5(도),경북울릉서,태하리 동해안,경북536호 (1966-04-22 ),2014-12-01,태하천,,,1.61
석천,지방,경북상주모동,금계.반계천 (지방급)합류점,경북상주모동,"경북,충북도계", ,2004-12-20,금강,초강,석천,6.95
금계천,지방,경북상주화동,평산(복수),경북상주모동,석천(지방)  합류점,경북536호 (1966-04-22 ),2004-12-20,금강,초강,석천,10.2
삼포리천,지방,경북상주화동,판곡(마륜),경북상주모서,금계천(지방) 합류점,경북536호 (1966-04-22 ),2004-12-20,금강,초강,석천,13.03
이소천,지방,경북상주화서,상현(봉정),경북상주화동,삼포리천(지방) 합류점,경북536호 (1966-04-22 ),2018-11-08,금강,초강,석천,8.59
반계천,지방,경북상주공성,효곡,경북상주모동,석천(지방) 합류점,경북536호 (1966-04-22 ),2018-11-08,금강,초강,석천,10.7
