시군,펌프,위치(읍면),위치(리동),주용도,배수유역,모타(HPX대),펌프(mmX대),처리능력,유수지,계획,설치자,관리자,설치,비고
포항시,형산,,상도,내수,606.0,1250HP×3대 1100HP×2대,1500mm×5대,2130.0,105000,20.0,포항시장,포항시장,1993,형산강(국가)
포항시,공단,,제철,내수,580.0,215HP×5대 500HP×3대,900mm×5대 1650mm×3대,1624.0,180000,20.0,포항시장,포항시장,1994,구무천(소하천)
포항시,해도,,송도,내수,223.0,500HP×6대,1500mm×6대,2040.0,1731,20.0,포항시장,포항시장,2002,형산강(국가)
포항시,연일,연일,생지,내수,818.0,473HP×6대,1350mm×6대,1482.0,10000,20.0,포항시장,포항시장,2001,형산강(국가)
포항시,대송,대송,제네,내수,85.0,200HP×4대,1200mm×4대,564.0,5236,20.0,포항시장,포항시장,1994,칠성천(지방2급)
포항시,장성,,장성,내수,22.0,20HP×1대 25HP×1대 87HP×2대,200mm×1대 300mm×1대 400mm×1대 500mm×1대,70.0,313,20.0,포항시장,포항시장,1994,내수
포항시,송도,,송도,내수,43.0,50HP×3대,800mm×3대,270.0,218,20.0,포항시장,포항시장,2002,형산강(국가)
포항시,대도,,상대,내수,80.0,20HP×1대 30HP×1대 47HP×1대,200mm×1대 300mm×1대 150mm×1대,26.0,150,20.0,포항시장,포항시장,1990,내수
포항시,눌태리,구룡포,눌태,내수,56.0,160HP×3대 90HP×1대,900mm×3대 600mm×1대,340.0,2200,20.0,포항시장,포항시장,2006,눌태(소하천)
포항시,송도 내항,,송도,내수,8.0,50HP×1대 40HP×1대,600mm×1대 450mm×1대,60.0,180,20.0,포항시장,포항시장,2006,바다
포항시,창포,,창포,내수,3.0,100HP×2대 50HP×2대,500mm×2대 350mm×2대,85.0,180,20.0,포항시장,포항시장,2007,내수
포항시,학산,,학산,내수,6.0,100HP×2대,500mm×2대,70.0,0,20.0,포항시장,포항시장,2003,칠성천
포항시,구무천,,송내,내수,17.0,180HP×2대,1000mm×2대,262.0,0,30.0,포항시장,포항시장,2004,구무천
포항시,죽도2,,죽도,내수,223.0,270HP×3대 180HP×1대,1000mm×3대 800mm×1대,400.0,3500,20.0,포항시장,포항시장,2011,동빈내항
포항시,영흥,,죽도,내수,10.0,75HP×3대,500mm×3대,90.0,1100,20.0,포항시장,포항시장,2011,동빈내항
포항시,효자,,효자,내수,589.1,200HP×3대 100HP×1대 ,800mm×3대 600mm×1대,280.0,13200,30.0,포항시장,포항시장,2017,형산강(국가하천)
경주시,양동,강동,양동,내수,110.0,200HP×3대,1000mm×3대,360.0,2370,20.0,경주시장,경주시장,2009,형산강(국가하천)
경주시,성건1,,성건,내수,13.0,120HP×3대,700mm×3대,105.0,870,20.0,경주시장,경주시장,2011,형산강(국가하천)
경주시,성건2,,성건,내수,13.0,160HP×3대,700mm×3대,135.0,870,20.0,경주시장,경주시장,2011,형산강(국가하천)
경주시,호명,강동,호명,내수,122.0,415HP×2대 134HP×2대,1350mm×2대 700mm×2대,540.0,12700,20.0,경주시장,경주시장,2020,형산강(국가하천)
경주시,근계1,안강,근계,내수,2.0,20HP×1대 10HP×2대,300mm×1대,20.0,0,20.0,경주시장,경주시장,2020,칠평천(지방하천)
경주시,근계2,안강,근계,내수,87.0,176HP×4대 15HP×2대 1HP×1대,1000mm×4대,398.0,7100,20.0,경주시장,경주시장,2020,칠평천(지방하천)
경주시,근계3,안강,근계,내수,5.0,30HP×2대 60HP×1대,400mm×2대,40.0,0,20.0,경주시장,경주시장,2020,칠평천(지방하천)
경주시,월성,,배반,내수,3.0,30HP×2대,300mm×2대,20.0,0,20.0,경주시장,경주시장,2020,남천(지방하천)
경주시,오금,강동,오금,내수,54.7,240HP×3대 100HP×1대,1000mm×3대 600mm×1대,396.0,10800,20.0,경주시장,경주시장,2021,형산강(국가하천)
경주시,사방,안강,사방,내수,41.3,246HP×3대 100HP×1대,1200mm×3대 700mm×1대,522.0,3700,20.0,경주시장,경주시장,2021,형산강(국가하천)
경주시,안계,강동,안계,내수,8.0,60HP×1대,400mm×2대,36.0,0,20.0,경주시장,경주시장,2020,기계천(지방하천)
경주시,유금,강동,유금,내수,152.0,500HP×5대,1500mm×5대,900.0,13000,20.0,경주시장,경주시장,2009,형산강(국가하천)
경주시,모서,강동,모서,내수,211.0,500HP×3대 200HP×2대,1500mm×2대 900mm×2대,972.0,7500,20.0,경주시장,경주시장,2014,형산강(국가하천)
김천시,용암,,모암,내수,110.0,435HP×3대,1350mm×3대,585.0,4980,10.0,김천시장,(주)티에스케이워터,1999,직지사천(지방하천)
김천시,신음,,신음,내수,98.0,340HP×3대,1200mm×3대,525.0,3200,20.0,김천시장,(주)티에스케이워터,2000,직지사천(지방하천)
김천시,부곡,,부곡,내수,152.0,462HP×4대,1200mm×3대,720.0,6000,20.0,김천시장,(주)티에스케이워터,2000,직지사천(지방하천)
김천시,평화,,모암,내수,150.0,420HP×4대,1350mm×3대,950.0,10000,30.0,김천시장,(주)티에스케이워터,2012,직지사천(지방하천)
김천시,황금,,황금,내수,15.2,176HP×3대,800mm×3대,255.0,1700,50.0,김천시장,(주)티에스케이워터,2014,(국가하천)
김천시,양금,,양천,내수,119.0,533HP×4대,1500mm×3대,1228.0,9500,50.0,김천시장,(주)티에스케이워터,2014,감천(국가하천)
김천시,지좌 간이,,지좌,내수,1.2,20HP×3대,250mm×3대,18.0,0,,김천시장,(주)티에스케이워터,2007,감천(국가하천)
김천시,황금 간이,,황금,내수,3.3,15HP×3대,200mm×3대,14.0,0,,김천시장,(주)티에스케이워터,2004,감천(국가하천)
김천시,금송,감천,금송,내수,66.0,310HP×3대 150HP×3대,1200mm×3대 800mm×3대,600.0,3606,20.0,김천시장,김천시,2022,감천(국가하천)
김천시,광기,감천,광기,내수,10.0,50HP×2대,600mm×2대,72.0,1213,20.0,김천시장,김천시,2022,감천(국가하천)
김천시,도평,감천,도평,내수,16.0,100HP×3대,700mm×3대,180.0,5177,20.0,김천시장,김천시,2022,감천(국가하천)
김천시,호동,농소,신촌,내수,60.0,110HP×3대,800mm×3대,240.0,1886,20.0,김천시장,김천시,2023,감천(국가하천)
김천시,원창,아포,의,내수,189.0,250HP×3대,1200mm×3대,660.0,5000,100.0,김천시장,김천시,1991,감천(국가하천)
김천시,대신,아포,봉산,내수,54.0,200HP×3대,900mm×3대,330.0,3000,100.0,김천시장,김천시,1991,감천(국가하천)
김천시,초곡,아포,초곡,내수,71.0,75HP×1대 40HP×1대,600mm×1대 400mm×1대,72.0,2000,100.0,김천시장,김천시,2004,감천(국가하천)
김천시,광천,개령,광천,내수,195.0,360HP×4대 146HP×2대,1350mm×4대 800mm×2대,1032.0,8000,100.0,김천시장,김천시,2010,감천(국가하천)
김천시,서부,개령,서부,내수,50.0,100HP×1대 49HP×2대,700mm×1대 500mm×2대,120.0,3000,100.0,김천시장,김천시,2010,감천(국가하천)
김천시,다남,개령,덕촌,내수,43.0,100HP×2대 40HP×1대,700mm×2대 500mm×1대,150.0,5000,100.0,김천시장,김천시,2011,아천(지방하천)
김천시,군자,어모,군자,내수,54.0,186HP×2대 73HP×1대,1000mm×2대 600mm×1대,300.0,7000,100.0,김천시장,김천시,2010,아천(지방하천)
안동시,용상,,용상,내수,230.0,400HP×2대,1200mm×2대,336.0,516,5.0,안동시장,안동시장,2000,반변천(지방1급)
안동시,태화,,태화,내수,113.0,400HP×2대,1500mm×2대,564.0,360,10.0,안동시장,안동시장,2006,낙동강(국가)
안동시,당북,,당북,내수,129.6,420HP×4대 ,1350mm×4대,960.0,8482,30.0,안동시장,안동시장,2012,천리천(소하천)
안동시,운흥,,운흥,내수,89.7,340HP×3대 270HP×1대 ,900mm×3대 800mm×1대,380.0,790,30.0,안동시장,안동시장,2016,낙동강(국가)
안동시,구담,풍천,구담,내수,96.0,300HP×2대,900mm×2대,216.0,1200,5.0,안동시장,안동시장,2000,낙동강(국가)
안동시,운산,일직,운산,내수,82.65,200HP×2대,1350mm×2대,386.0,768,10.0,안동시장,안동시장,2008,낙동강(국가)
구미시,신림,도개,신림,내수,50.0,50HP×3대,400mm×3대,21.0,0,20.0,구미시장,구미시장,1998,낙동강(국가)
구미시,독동,선산,독동,내수,39.0,50HP×2대,500mm×2대,21.0,0,20.0,구미시장,구미시장,2000,낙동강(국가)
구미시,금호,해평,금호,내수,66.0,50HP×2대,500mm×2대,26.0,0,20.0,구미시장,구미시장,2000,낙동강(국가)
구미시,강정,고아,예강,내수,15.0,50HP×2대,200mm×2대,7.0,0,20.0,구미시장,구미시장,2003,낙동강(국가)
구미시,원리,선산,원,내수,15.0,30HP×2대,125mm×2대,13.0,0,20.0,구미시장,구미시장,2004,감천(국가)
구미시,거의,,거의,내수,34.0,230HP×4대,250mm×4대,10.0,0,20.0,구미시장,구미시장,2004,감천(국가)
구미시,양호,,양호,내수,52.0,230HP×4대,250mm×4대,10.0,0,20.0,구미시장,구미시장,2004,한천(국가)
구미시,낙산,해평,낙산,내수,21.0,20HP×1대,200mm×1대,7.0,0,20.0,구미시장,구미시장,2005,낙동강(국가)
구미시,뒷개,해평,해평,내수,6.0,40HP×2대,300mm×2대,20.0,0,20.0,구미시장,구미시장,2005,낙동강(국가)
구미시,원1,선산,원,내수,2.0,50HP×2대,200mm×2대,16.0,0,20.0,구미시장,구미시장,2007,감천(국가)
구미시,원3,선산,원,내수,9.0,15HP×2대,200mm×2대,3.0,0,20.0,구미시장,구미시장,2007,내수
구미시,내고,선산,내고,내수,50.0,150HP×2대 75HP×1대,1000mm×2대 700mm×1대,288.0,0,30.0,구미시장,구미시장,2013,감천(국가)
구미시,북산,선산,북산,내수,61.0,110HP×2대 55HP×1대,800mm×2대 600mm×1대,192.0,0,30.0,구미시장,구미시장,2013,감천(국가)
구미시,황산,고아,황산,내수,72.0,110HP×2대 55HP×1대,800mm×2대 600mm×1대,192.0,0,30.0,구미시장,구미시장,2013,감천(국가)
구미시,신촌,고아,신촌,내수,50.0,75HP×2대 37HP×1대,700mm×2대 500mm×1대,132.0,0,30.0,구미시장,구미시장,2013,감천(국가)
구미시,횡산,고아,횡산,내수,44.0,120HP×3대,800mm×3대,90.0,0,30.0,구미시장,구미시장,2017,감천(국가)
구미시,유수지,,공단,내수,816.0,640HP×3대,1500mm×3대,540.0,436000,20.0,구미시장,구미시설공단,1973,낙동강(국가)
구미시,상시,,공단,내수,816.0,174HP×3대,700mm×3대,340.0,436000,20.0,구미시장,구미시설공단,2013,광평천
구미시,비산,,공단,내수,111.0,800HP×3대 100HP×1대,1350mm×3대 400mm×2대,750.0,6800,20.0,구미시장,구미시설공단,1991,낙동강(국가)
구미시,광평,,광평,내수,10.0,100HP×2대 5HP×1대,600mm×2대 150mm×1대,160.0,510,20.0,구미시장,구미시설공단,1991,광평천
구미시,원평,,원평,내수,0.81,1140HP×2대 600HP×1대,1650mm×2대 1200mm×1대,860.0,13500,20.0,구미시장,구미도시공사,2020,구미천
구미시,임은,,공단,내수,34.0,15HP×2대,200mm×2대,9.0,0,20.0,구미시장,구미시설공단,2007,광평천
영주시,영주,,영주,내수,0.25,50HPx2대,500mmx2대,25.0,64,20.0,영주시장,영주시장,2012,서천
영주시,하망,,하망,내수,0.13,40HPx2대,400mmx2대,14.0,35,20.0,영주시장,영주시장,2012,서천
영천시,완산,,완산,내수,51.16,255HP×3대,1350mm×1대,180.0,1400,50.0,영천시장,영천시,2016,금호강(국가하천)
상주시,복룡,,복룡,배수,365.0,1250HP×2대 1100HP×2대,2000mm×2대 2000mm×2대,1600.0,39000,30.0,상주시장,㈜대림,2009,병성천(지방하천)
상주시,금흔,사벌,화달,내수,40.0,250HP×2대,900mm×2대,216.0,234,,상주시장,상주시장,2001,병성천(지방하천)
상주시,원흥,사벌,원흥,내수,55.0,40HP×3대,600mm×3대,342.0,510,,상주시장,상주시장,2001,동천(지방하천)
상주시,금곡,함창,금곡,내수,41.0,200HP×2대 75HP×1대,900mm×2대 600mm×1대,258.0,327,,상주시장,상주시장,2006,영강(지방하천)
상주시,병성,,병성,내수,62.0,185HP×2대 55HP×1대,900mm×2대 500mm×1대,228.0,179,20.0,상주시장,상주시장,2010,병성천(지방하천)
상주시,냉림,,냉림,내수,4.52,1000HP×3대,900mm×3대,1100.0,2862,30.0,상주시장,상주시장,2023,북천(지방하천)
상주시,수상1,청리,수상,내수,53.6,30kw×2대,700mm×2대,108.0,100,20.0,상주시장,상주시장,2021,청리천(지방하천)
상주시,수상2,청리,수상,내수,53.6,75kw×2대,700mm×2대,120.0,100,20.0,상주시장,상주시장,2021,청리천(지방하천)
상주시,원장,청리,수상,내수,53.6,30kw×2대,700mm×2대,120.0,100,20.0,상주시장,상주시장,2021,병성천(지방하천)
상주시,퇴강,사벌,퇴강,내수,69.0,120HP×2대 55HP×1대,800mm×2대 500mm×1대,180.0,220,20.0,상주시장,상주시장,2010,낙동강(국가하천)
상주시,신덕,함창,금곡,내수,101.0,125HP×2대 75HP×1대,800mm×2대 600mm×1대,216.0,820,,상주시장,상주시장,2006,이안천(지방하천)
상주시,낙상,,낙상,내수,13.0,37HP×2대,500mm×2대,66.0,66,20.0,상주시장,상주시장,2010,동천(지방하천)
문경시,말응1,영순,말응,내수,42.4,500mm×2대,500mm×2대,60.0,600,50.0,문경시장,문경시장(한국농어촌공사 수탁운영),2019,영강(국가)
문경시,말응2,영순,말응,내수,91.4,800mm×2대,800mm×2대,150.0,1150,50.0,문경시장,문경시장(한국농어촌공사 수탁운영),2019,영강(국가)
문경시,율곡,영순,율곡,내수,164.2,900mm×2대,900mm×2대,186.0,1250,50.0,문경시장,문경시장(한국농어촌공사 수탁운영),2021,영강(국가)
문경시,달지,,달지,내수,86.0,600HP×3대 150HP×2대,1500mm×6대 800mm×3대,1044.0,9240,20.0,문경시장,문경시장,2001,내성천(지방하천)
경산시,금락,하양,금락,내수,0.82,500HP×1대,1200mm×3대,320.0,2500,30.0,경산시장,경산시장,2014,금호강(국가하천)
경산시,부기,하양,금락,내수,0.28,117HP×2대,700mm×3대,120.0,4500,50.0,경산시장,경산시장,2020,부기천(지2급)
경산시,임당,,조영,내수,5.75,100HP×1대 125HP×1대,600mm×1대 500mm×1대,80.0,28,50.0,경산시장,경산시장,1994,오목천(지방하천)
경산시,청천,하양,청천,내수,119.0,100HP×3대,800mm×3대,89.0,119,50.0,경산시장,경산시장,2004,숙천천(지2급)
의성군,위양,안계,위양,내수,66.0,300HP×4대,1200mm×4대,708.0,1000,50.0,의성군수,의성군수,1998,위천(지방1급)
영덕군,영덕,영덕,남석,내수,42.4,800mm×3대,800mm×3대,170.0,1680,80.0,영덕군수,영덕군수,2020,오십천(지방하천)
영덕군,우곡,영덕,우곡,내수,10.66,136HP×2대,800mm×2대,75.0,450,20.0,영덕군수,영덕군수,2003,오십천(지방하천)
영덕군,오포,강구,오포,내수,23.98,95HP×2대,800mm×2대,80.0,318,20.0,영덕군수,영덕군수,2003,오십천(지방하천)
영덕군,강구,강구,오포,내수,3.6,120HP×2대,120HP×2대,60.0,200,10.0,영덕군수,영덕군수,1992,오십천(지방하천)
영덕군,금호,강구,금호,내수,383.0,450HP×4대,1350mm×4대,800.0,18400,30.0,영덕군수,영덕군수,2014,오십천(지방하천)
영덕군,남산,영덕,남산,내수,114.4,285HP×3대,1000mm×3대,471.0,4800,80.0,영덕군수,영덕군수,2022,오십천(지방하천)
영덕군,강구2,강구,강구,내수,45.9,145HP×3대,800mm×2대,189.0,45.9,80.0,영덕군수,영덕군수,2021,오십천(지방하천)
영덕군,금호2,강구,금호,내수,3.89,253HP×3대,1200mm×3대,450.0,5000,80.0,영덕군수,영덕군수,2022,오십천(지방하천)
영덕군,우곡2,영덕,남산,내수,90.3,1200mmx4대,1200mmx4대,586.0,3010,80.0,영덕군수,영덕군수,2020,오십천(지방하천)
영덕군,축산,축산,축산,내수,42.6,1000mmx3대,1000mmx3대,230.0,2025,80.0,영덕군수,영덕군수,2020,오십천(지방하천)
청도군,유등,화양,유등,내수,110.0,,90mm×3대 75mm×1대,7.0,2500,50.0,청도군수,청도군수,2007,
고령군,고아,고령,,내수,501.0,1000HP×3대 250HP×3대,1800mm×3대 1350mm×3대,1920.0,165667,30.0,고령군수,고령군수,2011,회 천(지방하천)
고령군,개포,개진,개포,내수,19.0,150HP×1기 75HP×2기 350HP×1기 280HP×1기,600mm×1대 400mm×2대 1000mm×2대,328.0,24000,30.0,고령군수,고령군수,2001,낙 동 강(국가하천)
고령군,사촌,우곡,사촌,내수,19.0,75HP×2기,450mm×2대,46.0,0,30.0,고령군수,고령군수,2001,회 천(지방하천)
성주군,성주,성주,예산,내수,203.0,115HP×2대 250HP×3대 70HP×6대,,1400.0,29750,50.0,성주군수,성주군수,2014,이 천(지방하천)
성주군,용신,선남,도흥,내수,27.0,110HP×2대,700mm×2대,2975.0,432,20.0,성주군수,성주군수,1992,낙 동 강(국가하천)
성주군,(신)성원,선남 ,성원,내수,80.6,380HP X 4대,1000mm x 4대,10.26,8500,20.0,성주군수,성주군수,2022,이천(지방하천)
성주군,(신)동암,선남,동암,내수,95.0,500HPX 4대,1200mmx 4대,12.67,5000,20.0,성주군수,성주군수,2022,백천(지방하천)
성주군,성원,선남,성원,내수,24.0,50HP×1대 100HP×2대,500mm×1대 700mm×2대,3363.0,585,20.0,성주군수,성주군수,1994,백 천(지방하천)
성주군,동암,선남,관화,내수,56.0,60HP×2대,600mm×2대,2.0,1306,20.0,성주군수,성주군수,2004,백 천(지방하천)
칠곡군,포남,석적,포남,내수,676.0,480HP×1대 813HP×4대,1350mm×1대 1650mm×4대,1260.0,163000,20.0,부산청,칠곡군수,2013,낙동강(국가)
예천군,미호,보문,미호,내수,75.0,30HP×2대,400mm×2대,18.0,200,20.0,예천군수,예천군수,1992,내성천(지방)
예천군,서정자,예천,상동,내수,81.0,175HP×4대,1200mm×4대,660.0,1200,20.0,예천군수,예천군수,2004,한천
예천군,마전,지보,마전,내수,79.4,750HP×2대 500HP×1대,1650mm×2대 1350mm×1대,900.0,,,예천군수,예천군수,2020,낙동강
예천군,와룡,풍양,와룡,내수,64.0,400HP×2대 150HP×1대,1200mm×2대 700mm×1대,360.0,,,예천군수,예천지사,2009,낙동강
예천군,향석,용궁,향석,내수,100.0,75HP×2대,600mm×2대,72.0,730,20.0,예천군수,예천군수,1999,내성천
예천군,무이,문경,영순,내수,346.0,225HP×2대 67.5HP×2대,1200mm×2대 700mm×2대,480.0,5500,20.0,예천군수,예천군수,2012,내성천
봉화군,서부1,봉화,해저,내수,178.0,120HP×3대,1000mm×3대,360.0,0,30.0,봉화군수,봉화군수,2019,가계천
봉화군,동부1,봉화,삼계,내수,10.0,30HP×1대(예비 1대),400mm×1대(예비1대),20.0,0,30.0,봉화군수,봉화군수,2019,내성천
봉화군,동부2,봉화,내성,내수,119.0,150HP×2대,1000mm×2대,240.0,0,30.0,봉화군수,봉화군수,2019,내성천
봉화군,동부3,봉화,내성,내수,119.0,150HP×2대,1000mm×2대,240.0,0,30.0,봉화군수,봉화군수,2019,내성천
봉화군,동부4,봉화,내성,내수,89.0,120HP×2대,900mm×2대,180.0,0,30.0,봉화군수,봉화군수,2019,내성천
봉화군,내성,봉화,내성,내수,20.0,30HP×1대(예비1대),400mm×1대(예비1대),15.0,0,30.0,봉화군수,봉화군수,2001,내성천
봉화군,해저,봉화,해저,내수,20.0,30HP×1대(예비1대),400mm×1대(예비1대),32.0,0,30.0,봉화군수,봉화군수,2003,내성천
울진군,읍내,울진,읍내,내수,61.0,400HP×3대 250HP×1대,1400mm×4대,790.0,1320,20.0,울진군수,울진군수,1995,"울진, 남대천"
울진군,울진,울진,읍내,내수,61.0,400HP×3대 250HP×1대,1400mm×4대,790.0,1320,20.0,울진군수,울진군수,1995,"울진, 남대천"
울진군,월변,울진,읍남,내수,60.0,100HP×3대,800mm×3대,213.0,2000,50.0,울진군수,울진군수,2022,"울진, 남대천"
울진군,월송,평해,월송,내수,265.0,402HP×3대,1350mm×3대,460.0,2300,50.0,울진군수,울진군수,2022,"평해, 남대천"
울진군,평해1,평해,평해,내수,94.0,120HP×4대,800mm×4대,290.0,3300,50.0,울진군수,울진군수,2022,"평해, 남대천"
울진군,평해2,평해,평해,내수,85.0,120HP×4대,800mm×4대,300.0,5200,50.0,울진군수,울진군수,2022,"평해, 남대천"
울진군,후포,후포,삼율,내수,311.0,50HP×3대,500mm×3대,90.0,1160,20.0,울진군수,울진군수,2001,동해
울진군,산포,근남,산포,내수,62.0,425HP×4대,1350mm×4대,930.0,22300,20.0,울진군수,울진군수,2019,왕피천
