시군구,유형,심한장애 남성,심한장애 여성,심하지 않은 장애 남성,심하지않은 장애 여성
포항시 남구,지체,745,359,2466,1733
포항시 남구,시각,95,119,535,372
포항시 남구,청각,220,206,1026,845
포항시 남구,언어,28,15,43,19
포항시 남구,지적,672,429,0,0
포항시 남구,뇌병변,319,246,294,200
포항시 남구,자폐성,186,32,0,0
포항시 남구,정신,196,180,10,6
포항시 남구,신장,274,157,38,42
포항시 남구,심장,17,13,3,1
포항시 남구,호흡기,42,11,3,1
포항시 남구,간,3,1,55,23
포항시 남구,안면,2,2,4,1
포항시 남구,장루.요루,5,0,47,30
포항시 남구,뇌전증,4,7,15,11
포항시 북구,지체,893,480,2821,2088
포항시 북구,시각,115,127,607,446
포항시 북구,청각,246,218,1228,1079
포항시 북구,언어,35,27,35,18
포항시 북구,지적,847,537,0,0
포항시 북구,뇌병변,430,338,337,211
포항시 북구,자폐성,237,57,0,0
포항시 북구,정신,296,264,14,5
포항시 북구,신장,340,181,96,57
포항시 북구,심장,29,20,6,2
포항시 북구,호흡기,36,16,2,1
포항시 북구,간,2,0,69,28
포항시 북구,안면,3,3,7,2
포항시 북구,장루.요루,7,5,55,30
포항시 북구,뇌전증,7,3,10,13
경주시,지체,850,475,3274,2332
경주시,시각,137,141,760,484
경주시,청각,335,296,1187,1293
경주시,언어,36,21,33,20
경주시,지적,857,595,0,0
경주시,뇌병변,387,345,384,225
경주시,자폐성,133,37,0,0
경주시,정신,299,288,8,10
경주시,신장,301,217,105,52
경주시,심장,6,4,6,4
경주시,호흡기,43,10,3,1
경주시,간,0,0,63,25
경주시,안면,3,3,4,8
경주시,장루.요루,2,3,51,31
경주시,뇌전증,5,1,13,9
김천시,지체,572,254,1848,1610
김천시,시각,88,69,417,326
김천시,청각,169,206,732,909
김천시,언어,20,12,29,6
김천시,지적,606,433,0,0
김천시,뇌병변,222,176,223,155
김천시,자폐성,93,30,0,0
김천시,정신,267,259,6,3
김천시,신장,141,101,50,41
김천시,심장,1,1,3,1
김천시,호흡기,16,8,4,0
김천시,간,0,0,40,15
김천시,안면,6,2,3,0
김천시,장루.요루,3,0,37,21
김천시,뇌전증,5,2,8,4
안동시,지체,735,429,2306,2075
안동시,시각,75,93,474,312
안동시,청각,193,188,1010,1100
안동시,언어,23,22,16,6
안동시,지적,876,605,0,0
안동시,뇌병변,306,283,298,189
안동시,자폐성,129,27,0,0
안동시,정신,429,317,8,4
안동시,신장,190,115,53,41
안동시,심장,1,4,3,1
안동시,호흡기,29,9,1,1
안동시,간,1,1,54,24
안동시,안면,5,5,1,2
안동시,장루.요루,2,4,33,27
안동시,뇌전증,3,0,12,5
구미시,지체,816,376,3409,2081
구미시,시각,135,133,792,455
구미시,청각,235,259,1321,1427
구미시,언어,44,24,79,30
구미시,지적,1295,819,0,0
구미시,뇌병변,440,371,431,256
구미시,자폐성,377,85,0,0
구미시,정신,274,317,15,12
구미시,신장,324,261,146,97
구미시,심장,11,10,7,3
구미시,호흡기,38,15,2,2
구미시,간,5,3,81,38
구미시,안면,5,9,7,6
구미시,장루.요루,2,3,33,34
구미시,뇌전증,3,5,13,17
영주시,지체,383,226,1491,1317
영주시,시각,60,56,290,218
영주시,청각,110,120,642,730
영주시,언어,18,11,15,6
영주시,지적,488,340,0,0
영주시,뇌병변,221,174,179,113
영주시,자폐성,68,12,0,0
영주시,정신,212,186,7,5
영주시,신장,88,64,38,19
영주시,심장,3,4,2,0
영주시,호흡기,19,5,1,0
영주시,간,1,3,37,14
영주시,안면,2,0,2,0
영주시,장루.요루,2,1,36,16
영주시,뇌전증,3,4,8,8
영천시,지체,397,212,1482,1085
영천시,시각,57,54,347,218
영천시,청각,112,120,889,927
영천시,언어,14,6,16,5
영천시,지적,486,324,0,0
영천시,뇌병변,181,138,174,98
영천시,자폐성,56,11,0,0
영천시,정신,218,200,1,4
영천시,신장,111,73,29,25
영천시,심장,1,2,3,2
영천시,호흡기,13,7,0,0
영천시,간,0,0,25,15
영천시,안면,6,1,2,3
영천시,장루.요루,6,1,28,13
영천시,뇌전증,1,1,5,4
상주시,지체,472,286,1364,1289
상주시,시각,48,65,276,236
상주시,청각,152,155,1178,1420
상주시,언어,20,5,11,10
상주시,지적,467,333,0,0
상주시,뇌병변,177,161,176,110
상주시,자폐성,62,7,0,0
상주시,정신,201,173,2,2
상주시,신장,123,58,38,20
상주시,심장,2,1,4,2
상주시,호흡기,16,5,0,0
상주시,간,0,1,30,10
상주시,안면,3,1,4,2
상주시,장루.요루,3,3,28,15
상주시,뇌전증,0,0,3,3
문경시,지체,429,194,1077,1001
문경시,시각,50,54,230,199
문경시,청각,92,98,668,771
문경시,언어,8,7,13,7
문경시,지적,316,182,0,0
문경시,뇌병변,114,118,114,86
문경시,자폐성,46,15,0,0
문경시,정신,97,87,4,2
문경시,신장,70,28,30,13
문경시,심장,2,0,0,0
문경시,호흡기,22,4,1,2
문경시,간,0,0,32,9
문경시,안면,1,1,2,2
문경시,장루.요루,1,1,14,19
문경시,뇌전증,3,0,9,3
경산시,지체,693,342,2713,1824
경산시,시각,83,84,675,428
경산시,청각,224,216,1531,1486
경산시,언어,44,27,54,28
경산시,지적,1158,682,0,0
경산시,뇌병변,394,325,379,213
경산시,자폐성,210,45,0,0
경산시,정신,265,285,14,3
경산시,신장,264,189,105,65
경산시,심장,4,4,7,1
경산시,호흡기,26,11,2,3
경산시,간,1,0,57,29
경산시,안면,5,2,2,4
경산시,장루.요루,8,3,51,19
경산시,뇌전증,5,3,11,11
의성군,지체,264,141,944,919
의성군,시각,37,37,201,161
의성군,청각,97,102,662,830
의성군,언어,12,3,8,1
의성군,지적,277,201,0,0
의성군,뇌병변,121,91,106,91
의성군,자폐성,17,4,0,0
의성군,정신,115,92,4,0
의성군,신장,56,40,25,7
의성군,심장,6,1,1,0
의성군,호흡기,17,4,1,1
의성군,간,0,0,14,5
의성군,안면,0,2,1,0
의성군,장루.요루,1,1,22,9
의성군,뇌전증,0,1,3,1
청송군,지체,125,79,458,461
청송군,시각,14,21,128,71
청송군,청각,47,47,273,336
청송군,언어,3,1,7,0
청송군,지적,116,71,0,0
청송군,뇌병변,50,37,49,43
청송군,자폐성,5,1,0,0
청송군,정신,45,45,1,1
청송군,신장,27,13,14,8
청송군,심장,1,2,0,0
청송군,호흡기,7,1,0,0
청송군,간,0,0,15,2
청송군,안면,1,0,0,1
청송군,장루.요루,0,1,9,8
청송군,뇌전증,0,0,1,2
영양군,지체,91,57,286,308
영양군,시각,12,13,62,41
영양군,청각,35,33,200,253
영양군,언어,3,2,3,2
영양군,지적,96,61,0,0
영양군,뇌병변,25,33,35,30
영양군,자폐성,10,4,0,0
영양군,정신,29,25,1,1
영양군,신장,17,3,7,5
영양군,심장,1,0,0,0
영양군,호흡기,3,2,1,0
영양군,간,1,0,9,3
영양군,안면,2,0,1,0
영양군,장루.요루,1,1,7,3
영양군,뇌전증,1,1,1,0
영덕군,지체,205,114,608,621
영덕군,시각,20,36,143,144
영덕군,청각,51,65,315,344
영덕군,언어,9,1,6,1
영덕군,지적,151,84,0,0
영덕군,뇌병변,79,65,66,50
영덕군,자폐성,16,2,0,0
영덕군,정신,77,53,0,0
영덕군,신장,51,28,11,9
영덕군,심장,1,0,2,1
영덕군,호흡기,8,3,1,3
영덕군,간,0,0,15,3
영덕군,안면,1,1,2,2
영덕군,장루.요루,2,1,13,9
영덕군,뇌전증,0,2,2,0
청도군,지체,195,109,634,701
청도군,시각,33,23,169,111
청도군,청각,58,60,502,569
청도군,언어,15,6,5,3
청도군,지적,207,121,0,0
청도군,뇌병변,86,78,80,47
청도군,자폐성,23,0,0,0
청도군,정신,80,77,4,0
청도군,신장,48,39,25,13
청도군,심장,4,3,1,0
청도군,호흡기,9,3,1,1
청도군,간,2,0,17,5
청도군,안면,2,0,0,3
청도군,장루.요루,3,1,11,7
청도군,뇌전증,2,2,5,2
고령군,지체,161,104,559,406
고령군,시각,24,11,123,78
고령군,청각,52,36,383,471
고령군,언어,7,3,5,1
고령군,지적,169,103,0,0
고령군,뇌병변,76,73,71,46
고령군,자폐성,5,2,0,0
고령군,정신,47,27,0,0
고령군,신장,51,28,15,5
고령군,심장,1,0,1,1
고령군,호흡기,2,2,0,0
고령군,간,0,1,17,6
고령군,안면,0,0,1,0
고령군,장루.요루,1,0,14,5
고령군,뇌전증,0,1,1,0
성주군,지체,217,96,764,534
성주군,시각,18,22,156,87
성주군,청각,58,57,392,498
성주군,언어,10,3,8,3
성주군,지적,188,130,0,0
성주군,뇌병변,93,73,71,51
성주군,자폐성,18,1,0,0
성주군,정신,68,53,2,4
성주군,신장,50,38,17,8
성주군,심장,0,2,1,1
성주군,호흡기,5,1,0,1
성주군,간,1,0,24,7
성주군,안면,1,1,0,0
성주군,장루.요루,0,1,12,9
성주군,뇌전증,0,1,3,2
칠곡군,지체,314,160,1243,785
칠곡군,시각,45,44,277,177
칠곡군,청각,93,94,618,607
칠곡군,언어,21,7,26,19
칠곡군,지적,512,290,0,0
칠곡군,뇌병변,155,116,156,94
칠곡군,자폐성,80,18,0,0
칠곡군,정신,163,172,1,1
칠곡군,신장,87,76,29,24
칠곡군,심장,6,1,1,1
칠곡군,호흡기,16,4,1,0
칠곡군,간,0,0,17,12
칠곡군,안면,0,1,4,1
칠곡군,장루.요루,2,0,16,13
칠곡군,뇌전증,3,1,5,2
예천군,지체,302,198,836,818
예천군,시각,41,42,163,127
예천군,청각,96,91,509,580
예천군,언어,14,2,7,5
예천군,지적,256,182,0,0
예천군,뇌병변,83,98,92,76
예천군,자폐성,31,11,0,0
예천군,정신,88,78,1,0
예천군,신장,46,32,21,13
예천군,심장,3,1,1,0
예천군,호흡기,12,3,0,2
예천군,간,0,0,19,13
예천군,안면,4,1,2,2
예천군,장루.요루,0,1,11,5
예천군,뇌전증,0,1,2,1
봉화군,지체,187,106,572,532
봉화군,시각,24,30,106,70
봉화군,청각,51,54,309,328
봉화군,언어,8,2,8,2
봉화군,지적,156,96,0,0
봉화군,뇌병변,47,58,58,30
봉화군,자폐성,12,1,0,0
봉화군,정신,58,40,0,1
봉화군,신장,42,23,11,5
봉화군,심장,0,1,0,0
봉화군,호흡기,7,1,1,0
봉화군,간,0,0,17,6
봉화군,안면,1,1,4,0
봉화군,장루.요루,0,0,9,5
봉화군,뇌전증,0,0,4,3
울진군,지체,210,130,803,681
울진군,시각,24,49,154,132
울진군,청각,75,67,242,224
울진군,언어,6,1,6,8
울진군,지적,221,140,0,0
울진군,뇌병변,84,75,76,51
울진군,자폐성,31,11,0,0
울진군,정신,67,74,1,1
울진군,신장,56,41,15,7
울진군,심장,0,0,3,1
울진군,호흡기,9,3,1,0
울진군,간,0,0,17,9
울진군,안면,1,0,1,0
울진군,장루.요루,2,1,11,4
울진군,뇌전증,0,1,5,2
울릉군,지체,20,8,132,98
울릉군,시각,3,2,27,22
울릉군,청각,8,6,46,23
울릉군,언어,3,1,0,1
울릉군,지적,14,16,0,0
울릉군,뇌병변,6,8,16,6
울릉군,자폐성,2,0,0,0
울릉군,정신,6,3,0,0
울릉군,신장,8,2,2,2
울릉군,심장,1,0,0,0
울릉군,간,0,0,3,2
울릉군,안면,2,0,0,0
울릉군,장루.요루,0,0,0,1
울릉군,뇌전증,0,0,0,1
