No,쉼터명칭,도로명주소,지번주소,시설유형,시설면적,이용가능인원(명),위도,경도
1,윗천전 경로당겸마을회관,경상북도 영덕군 영덕읍 천전길 102-3 ,경상북도 영덕군 영덕읍 천전리 216,노인시설,71.75,18,36.4147573,129.3590612
2,아랫천전 경로당겸마을회관,경상북도 영덕군 영덕읍 천전2길 6-5 ,경상북도 영덕군 영덕읍 천전리 322-1,노인시설,54.30,14,36.4099792,129.3586082
3,남산1리 경로당겸마을회관,경상북도 영덕군 영덕읍 남산2길 16,경상북도 영덕군 영덕읍 남산리 232-1,노인시설,99.00,25,36.3949858,129.3700139
4,남산2리 경로당겸마을회관,경상북도 영덕군 영덕읍 신공업단지길 104-3 ,경상북도 영덕군 영덕읍 남산리 608,노인시설,83.88,21,36.395606,129.36094
5,우곡리 경로당겸마을회관,경상북도 영덕군 영덕읍 서원길 21-2 ,경상북도 영덕군 영덕읍 우곡리 401-3,노인시설,99.40,25,36.4079941,129.3772771
6,화수1리 경로당겸마을회관,경상북도 영덕군 영덕읍 화수1길 12,경상북도 영덕군 영덕읍 화수리 406-5,노인시설,68.75,17,36.4353937,129.3797939
7,삼계리 경로당겸마을회관,경상북도 영덕군 영덕읍 시걸길 194,경상북도 영덕군 영덕읍 삼계리 273,노인시설,35.06,9,36.4315214,129.4025957
8,매정1리 경로당겸마을회관,경상북도 영덕군 영덕읍 매정길 225,경상북도 영덕군 영덕읍 매정리 83-8,노인시설,68.00,17,36.4476233,129.4217492
9,매정2리 경로당겸마을회관,경상북도 영덕군 영덕읍 샛터길 3,경상북도 영덕군 영덕읍 매정리 1013,노인시설,75.52,19,36.4577605,129.4078255
10,매정3리 경로당겸마을회관,경상북도 영덕군 영덕읍 매령길 270-14 ,경상북도 영덕군 영덕읍 매정리 244,노인시설,63.68,16,36.4549171,129.4227949
11,노물리 경로당겸마을회관,경상북도 영덕군 영덕읍 노물길 15-2 ,경상북도 영덕군 영덕읍 노물리 39,노인시설,58.32,15,36.4486261,129.4350627
12,오보리 경로당겸마을회관,경상북도 영덕군 영덕읍 오보길 16-23 ,경상북도 영덕군 영덕읍 오보리 137,노인시설,103.51,26,36.4441511,129.4327115
13,대탄리 경로당겸마을회관,경상북도 영덕군 영덕읍 대탄1길 12-23 ,경상북도 영덕군 영덕읍 대탄리 34-1,노인시설,75.24,19,36.436245,129.432396
14,화천1리 경로당겸마을회관,경상북도 영덕군 영덕읍 화천1길 35,경상북도 영덕군 영덕읍 화천리 236-11,노인시설,67.36,17,36.4658907,129.3795656
15,화천2리 경로당겸마을회관,경상북도 영덕군 영덕읍 화천3길 6-1 ,경상북도 영덕군 영덕읍 화천리 422-20,노인시설,67.20,17,36.466106,129.3615939
16,화천3리 경로당겸마을회관,경상북도 영덕군 영덕읍 화천길 373,경상북도 영덕군 영덕읍 화천리 545-1,노인시설,68.16,17,36.459861,129.352816
17,석리 경로당겸마을회관,경상북도 영덕군 영덕읍 영덕대게로 1531-5 ,경상북도 영덕군 영덕읍 석리 310,노인시설,102.90,26,36.4696035,129.4352425
18,대부리 경로당겸마을회관,경상북도 영덕군 영덕읍 영덕대게로 703-1 ,경상북도 영덕군 영덕읍 대부리 269-23,노인시설,125.60,31,36.4049075,129.4227161
19,창포리 경로당겸마을회관,경상북도 영덕군 영덕읍 영덕대게로 825-1 ,경상북도 영덕군 영덕읍 창포리 662,노인시설,177.88,44,36.4128257,129.4298563
20,화수2리 경로당겸 마을회관,경상북도 영덕군 영덕읍 미동길 15,경상북도 영덕군 영덕읍 화수리 577-1,노인시설,99.00,25,36.429307,129.3759191
21,구미리 경로당겸마을회관,경상북도 영덕군 영덕읍 구미1길 14,경상북도 영덕군 영덕읍 구미리 155-1,노인시설,69.00,17,36.433284,129.35448
22,화개1리 경로당겸마을회관,경상북도 영덕군 영덕읍 화개서길 16-3 ,경상북도 영덕군 영덕읍 화개리 169,노인시설,107.95,27,36.4197076,129.3673655
23,화개2리 경로당 겸 마을회관,경상북도 영덕군 영덕읍 경동로 8299,경상북도 영덕군 영덕읍 화개리 309-5,노인시설,97.75,24,36.4257863,129.3640995
24,남석1리 경로당겸마을회관,경상북도 영덕군 영덕읍 강변길 224,경상북도 영덕군 영덕읍 남석리 323-21,노인시설,78.66,20,36.4147261,129.3662156
25,남석2리 경로당겸마을회관,경상북도 영덕군 영덕읍 야성3길 8-14 ,경상북도 영덕군 영덕읍 남석리 185-1,노인시설,108.00,27,36.4132659,129.3669718
26,남석3리 경로당겸마을회관,경상북도 영덕군 영덕읍 남석1길 33,경상북도 영덕군 영덕읍 남석리 66-20,노인시설,66.00,17,36.4126872,129.3694576
27,덕곡1리 경로당겸마을회관,경상북도 영덕군 영덕읍 덕곡3길 11-16 ,경상북도 영덕군 영덕읍 덕곡리 176-8,노인시설,53.24,13,36.4168502,129.3699275
28,덕곡2리 경로당겸마을회관,경상북도 영덕군 영덕읍 덕곡길 51,경상북도 영덕군 영덕읍 덕곡리 128-3,마을회관,99.96,25,36.4151017,129.3766444
29,오포1리 경로당,경상북도 영덕군 강구면 오포5길 16,경상북도 영덕군 강구면 오포리 385-6,노인시설,44.00,11,36.3633861,129.3753877
30,오포1리 부인회,경상북도 영덕군 강구면 오포5길 16,경상북도 영덕군 강구면 오포리 385-6,노인시설,42.00,10,36.363366,129.3754303
31,오포2리 경로당,경상북도 영덕군 강구면 나비산길 22-3 ,경상북도 영덕군 강구면 오포리 607-3,노인시설,187.00,46,36.3557359,129.3793052
32,오포3리 경로담,경상북도 영덕군 강구면 신강구4길 11,경상북도 영덕군 강구면 오포리 3-90,노인시설,175.00,43,36.3566015,129.3867562
33,삼사리 경로당,경상북도 영덕군 강구면 강구해안길 25,경상북도 영덕군 강구면 삼사리 507-3,노인시설,205.00,51,36.3437158,129.3822404
34,피전리 경로당,경상북도 영덕군 강구면 삼사길 11-2 ,경상북도 영덕군 강구면 삼사리 676,노인시설,66.00,16,36.338258,129.381773
35,화전1리 경로당,경상북도 영덕군 강구면 화전길 11-10 ,경상북도 영덕군 강구면 화전리 산 55-1,노인시설,83.00,20,36.358564,129.3658529
36,화전2리,경상북도 영덕군 강구면 화전1길 5-10 ,경상북도 영덕군 강구면 화전리 414,노인시설,88.00,22,36.3625048,129.3571316
37,상직1리 경로당,경상북도 영덕군 강구면 직천3길 5,경상북도 영덕군 강구면 상직리 251-4,노인시설,77.00,19,36.3835193,129.3541491
38,상직2리 경로당,경상북도 영덕군 강구면 직천길 358-4 ,경상북도 영덕군 강구면 상직리 46-2,노인시설,53.00,13,36.3853599,129.3515251
39,상직3리,경상북도 영덕군 강구면 직천길 681,경상북도 영덕군 강구면 상직리 650,노인시설,55.00,13,36.401786,129.3292158
40,원직1리,경상북도 영덕군 강구면 직천길 150-6 ,경상북도 영덕군 강구면 원직리 194-2,노인시설,73.00,18,36.3763295,129.3687631
41,원직2리,경상북도 영덕군 강구면 직천2길 21,경상북도 영덕군 강구면 원직리 279,노인시설,71.00,17,36.3796274,129.3648142
42,소월리 경로당,경상북도 영덕군 강구면 소월1길 14,경상북도 영덕군 강구면 소월리 99-23,노인시설,121.00,30,36.3777519,129.3745187
43,금호1리,경상북도 영덕군 강구면 금호길 62-8 ,경상북도 영덕군 강구면 금호리 700-111,마을회관,284.00,71,36.3736051,129.3871445
44,금호1리,경상북도 영덕군 강구면 금호1길 20-5 ,경상북도 영덕군 강구면 금호리 424,노인시설,140.00,35,36.3854752,129.3845608
45,금호2리,경상북도 영덕군 강구면 금호2길 13,경상북도 영덕군 강구면 금호리 277-1,노인시설,106.00,26,36.3879182,129.3826738
46,금호3리,경상북도 영덕군 강구면 강영로 360,경상북도 영덕군 강구면 금호리 191-3,노인시설,83.00,20,36.391929,129.379727
47,하저리 경로당,경상북도 영덕군 강구면 하저길 423,경상북도 영덕군 강구면 하저리 396-5,노인시설,171.00,42,36.3901206,129.4067367
48,금진1리,경상북도 영덕군 강구면 번영길 231,경상북도 영덕군 강구면 금진리 99,마을회관,124.00,31,36.3773161,129.4020246
49,금진2리 경로당,경상북도 영덕군 강구면 영덕대게로 219,경상북도 영덕군 강구면 금진리 622,노인시설,29.00,7,36.3682495,129.3949548
50,강구리경노당,경상북도 영덕군 강구면 영덕대게로 55,경상북도 영덕군 강구면 강구리 343,노인시설,142.00,35,36.359731,129.3847028
51,강구부인경로당,경상북도 영덕군 강구면 영덕대게로 55,경상북도 영덕군 강구면 강구리 343,노인시설,109.00,27,36.3597228,129.3847185
52,강구2리,경상북도 영덕군 강구면 신흥길 28-8 ,경상북도 영덕군 강구면 강구리 89-4,노인시설,49.00,12,36.3669439,129.3853899
53,강구4리 경로당,경상북도 영덕군 강구면 영덕대게로 133-1 ,경상북도 영덕군 강구면 강구리 228-20,노인시설,33.00,8,36.3613147,129.3922644
54,화전1리,경상북도 영덕군 강구면 화전길 11-10 ,경상북도 영덕군 강구면 화전리 산 55-1,노인시설,62.00,15,36.3585681,129.3658315
55,장사리경로당,경상북도 영덕군 남정면 진불1길 33,경상북도 영덕군 남정면 장사리 374-1,노인시설,162.00,49,36.2857503,129.3734608
56,부경1리 경로당,경상북도 영덕군 남정면 부경길 7,경상북도 영덕군 남정면 부경리 285-1,노인시설,98.00,30,36.273263,129.378221
57,부경2리 경로당,경상북도 영덕군 남정면 부경길 22,경상북도 영덕군 남정면 부경리 265,노인시설,100.00,30,36.269669,129.375391
58,회1리 경로당,경상북도 영덕군 남정면 회리1길 20,경상북도 영덕군 남정면 회리 73-1,노인시설,77.00,23,36.2747338,129.3516267
59,회2리 경로당,경상북도 영덕군 남정면 회리2길 18,경상북도 영덕군 남정면 회리 295-2,노인시설,78.00,24,36.2752833,129.339283
60,양성리 경로당,경상북도 영덕군 남정면 양성길 42-32 ,경상북도 영덕군 남정면 양성리 174-2,노인시설,89.00,27,36.28292,129.366617
61,봉전1리 경로당,경상북도 영덕군 남정면 산정로 219,경상북도 영덕군 남정면 봉전리 147,노인시설,89.00,27,36.30029,129.360006
62,쟁암리 경로당,경상북도 영덕군 남정면 봉전쟁암길 384,경상북도 영덕군 남정면 쟁암리 83,노인시설,55.00,17,36.304796,129.325058
63,도천리 경로당,경상북도 영덕군 남정면 도천1길 20-1 ,경상북도 영덕군 남정면 도천리 158,노인시설,76.00,23,36.310352,129.352998
64,중화리 경로당,경상북도 영덕군 남정면 남정중화길 504,경상북도 영덕군 남정면 중화리 39-2,노인시설,55.00,17,36.354239,129.346302
65,남정리 경로당,경상북도 영덕군 남정면 남정1길 35,경상북도 영덕군 남정면 남정리 352-2,노인시설,155.00,47,36.345554,129.362405
66,남호리 경로당,경상북도 영덕군 남정면 남호길 8-1 ,경상북도 영덕군 남정면 남호리 77,노인시설,203.00,62,36.332129,129.378684
67,구계리 경로당,경상북도 영덕군 남정면 구계길 39-3 ,경상북도 영덕군 남정면 구계리 229,노인시설,148.00,45,36.320146,129.379178
68,원척리 경로당,경상북도 영덕군 남정면 원척1길 27-1 ,경상북도 영덕군 남정면 원척리 170,노인시설,59.00,18,36.299792,129.378784
69,부흥1리경로당,경상북도 영덕군 남정면 부흥1길 27,경상북도 영덕군 남정면 부흥리 98-11,노인시설,80.00,24,36.292063,129.376634
70,부흥2리 경로당,경상북도 영덕군 남정면 진불길 91,경상북도 영덕군 남정면 부흥리 201-17,노인시설,92.00,28,36.290167,129.373501
71,부흥3리 경로당,경상북도 영덕군 남정면 부흥길 34,경상북도 영덕군 남정면 부흥리 226-8,노인시설,58.00,18,36.291501,129.371518
72,매일2리,,경상북도 영덕군 달산면 매일리 559,노인시설,56.00,17,36.3772176,129.3035561
73,흥기1리,경상북도 영덕군 달산면 광산길 4,경상북도 영덕군 달산면 흥기리 249-1,노인시설,49.00,15,36.3864868,129.3064707
74,흥기1리,경상북도 영덕군 달산면 광산1길 6,경상북도 영덕군 달산면 흥기리 307,노인시설,57.00,17,36.3864868,129.3064707
75,흥기2리,경상북도 영덕군 달산면 오봉길 37-7 ,경상북도 영덕군 달산면 흥기리 502-1,노인시설,106.00,32,36.371921,129.308615
76,흥기3리,경상북도 영덕군 달산면 궁터길 24-61 ,경상북도 영덕군 달산면 흥기리 706,노인시설,87.00,26,36.364276,129.310698
77,주응1리,경상북도 영덕군 달산면 주응길 184-2 ,경상북도 영덕군 달산면 주응리 61-3,노인시설,90.00,27,36.3664336,129.2913997
78,주응2리,경상북도 영덕군 달산면 주응길 42,경상북도 영덕군 달산면 주응리 240-4,노인시설,46.00,14,36.359278,129.278921
79,옥산1리,경상북도 영덕군 달산면 하마산길 16,경상북도 영덕군 달산면 옥산리 122-1,노인시설,99.00,30,36.358942,129.286681
80,옥산2리,경상북도 영덕군 달산면 상마산길 25-44 ,경상북도 영덕군 달산면 옥산리 429-4,노인시설,56.00,17,36.3521,129.278976
81,옥산3리,경상북도 영덕군 달산면 수구만길 15,경상북도 영덕군 달산면 옥산리 815-1,마을회관,51.00,15,36.341656,129.271888
82,옥산학구,경상북도 영덕군 달산면 팔각산로 1141,경상북도 영덕군 달산면 옥산리 353-12,마을회관,73.00,22,36.357224,129.281997
83,인곡리,경상북도 영덕군 달산면 주왕산로 3342,경상북도 영덕군 달산면 인곡리 116,노인시설,64.00,19,36.4114635,129.2746809
84,용전리,경상북도 영덕군 달산면 용전길 2-16 ,경상북도 영덕군 달산면 용전리 197-1,노인시설,73.00,22,36.3970931,129.2583085
85,덕산1리,경상북도 영덕군 달산면 주왕산로 2952,경상북도 영덕군 달산면 덕산리 373-1,노인시설,66.00,20,36.3835709,129.2552847
86,덕산2리,경상북도 영덕군 달산면 청련길 18-1 ,경상북도 영덕군 달산면 덕산리 622,노인시설,57.00,17,36.3794168,129.2521471
87,봉산리,경상북도 영덕군 달산면 주왕산로 2779-10 ,경상북도 영덕군 달산면 봉산리 233,노인시설,73.00,22,36.3702061,129.247693
88,대지1리,경상북도 영덕군 달산면 대지1길 31-3 ,경상북도 영덕군 달산면 대지리 351,노인시설,113.00,34,36.4005018,129.3038537
89,대지2리,경상북도 영덕군 달산면 대지2길 23,경상북도 영덕군 달산면 대지리 769,노인시설,82.00,25,36.405182,129.2991537
90,용평리,경상북도 영덕군 달산면 용평길 140-1 ,경상북도 영덕군 달산면 용평리 263,노인시설,62.00,19,36.3927029,129.2901061
91,매일1리,경상북도 영덕군 달산면 매화길 29,경상북도 영덕군 달산면 매일리 93-1,노인시설,74.00,22,36.374817,129.302666
92,삼화2리 경로당,경상북도 영덕군 지품면 삼화1길 17-11 ,경상북도 영덕군 지품면 삼화리 538-2,노인시설,84.00,21,36.447218,129.32336
93,오천학구경로당,경상북도 영덕군 지품면 경동로 7741,경상북도 영덕군 지품면 오천리 306-5,노인시설,67.09,16,36.430991,129.327054
94,오천1리 경로당,경상북도 영덕군 지품면 오천길 22,경상북도 영덕군 지품면 오천리 241-4,마을회관,75.24,18,36.428069,129.326467
95,오천2리 경로당,경상북도 영덕군 지품면 오천2길 45,경상북도 영덕군 지품면 오천리 428-6,마을회관,90.86,22,36.43239,129.322896
96,신양리 경로당,경상북도 영덕군 지품면 팔각산로 2257-2 ,경상북도 영덕군 지품면 신양리 196-11,노인시설,114.60,28,36.430426,129.306956
97,눌곡리 경로당,경상북도 영덕군 지품면 눌곡길 145-11 ,경상북도 영덕군 지품면 눌곡리 361,노인시설,75.74,18,36.434663,129.286323
98,용덕1리 경로당,경상북도 영덕군 지품면 용덕1길 34,경상북도 영덕군 지품면 용덕리 36-3,노인시설,64.20,16,36.421425,129.279418
99,용덕2리 경로당,경상북도 영덕군 지품면 용덕길 253,경상북도 영덕군 지품면 용덕리 231-6,노인시설,126.20,31,36.419542,129.26147
100,송천1리 경로당,경상북도 영덕군 지품면 묵방길 137,경상북도 영덕군 지품면 송천리 347-2,노인시설,78.65,19,36.438008,129.243772
101,송천2리 경로당,경상북도 영덕군 지품면 묵방길 304,경상북도 영덕군 지품면 송천리 107,노인시설,78.65,19,36.430433,129.253202
102,낙평리 경로당,경상북도 영덕군 지품면 낙평2길 5,경상북도 영덕군 지품면 낙평리 378-1,노인시설,141.30,35,36.450643,129.234803
103,낙평세류경로당,경상북도 영덕군 지품면 경동로 6691-14 ,경상북도 영덕군 지품면 낙평리 110-2,노인시설,62.72,15,36.446754,129.244058
104,복곡리 경로당,경상북도 영덕군 지품면 복곡1길 5,경상북도 영덕군 지품면 복곡리 154,노인시설,99.25,24,36.474373,129.19789
105,원전경로당,경상북도 영덕군 지품면 원전2길 11,경상북도 영덕군 지품면 원전리 409,노인시설,154.60,38,36.484484,129.188839
106,원전학구경로당,경상북도 영덕군 지품면 원전길 11-3 ,경상북도 영덕군 지품면 원전리 455-3,노인시설,117.00,29,36.485654,129.187955
107,원전쟁골경로당,경상북도 영덕군 지품면 원전1길 41-1 ,경상북도 영덕군 지품면 원전리 240,노인시설,72.35,10,36.48774,129.192151
108,지품리 경로당,경상북도 영덕군 지품면 뫼들내길 62,경상북도 영덕군 지품면 지품리 66-1,노인시설,86.95,21,36.482589,129.182112
109,지품학곡경로당,경상북도 영덕군 지품면 뫼들내길 166-1 ,경상북도 영덕군 지품면 지품리 355,노인시설,48.32,15,36.479746,129.172593
110,기사리 경로당,경상북도 영덕군 지품면 기사1길 4,경상북도 영덕군 지품면 기사리 466-1,노인시설,66.12,16,36.472384,129.175983
111,기사2길경로당,경상북도 영덕군 지품면 기사길 217,경상북도 영덕군 지품면 기사리 263-1,마을회관,90.40,22,36.46293,129.177361
112,황장리 경로당,경상북도 영덕군 지품면 경동로 5884,경상북도 영덕군 지품면 황장리 157-3,노인시설,83.91,20,36.492354,129.182874
113,신안리새마을경로당,경상북도 영덕군 지품면 신안1길 14,경상북도 영덕군 지품면 신안리 94-16,노인시설,54.18,13,36.448994,129.282732
114,신안부인경로당,경상북도 영덕군 지품면 신안1길 63,경상북도 영덕군 지품면 신안리 205-3,노인시설,54.18,13,36.448223,129.284857
115,율전리 경로당,경상북도 영덕군 지품면 밤실길 7,경상북도 영덕군 지품면 율전리 336-1,노인시설,99.35,24,36.460836,129.279583
116,도계1리 경로당,경상북도 영덕군 지품면 지영로 373-23 ,경상북도 영덕군 지품면 도계리 218-3,마을회관,66.21,16,36.481134,129.279799
117,도계2리 경로당,경상북도 영덕군 지품면 도계1길 45,경상북도 영덕군 지품면 도계리 392-2,노인시설,83.20,20,36.503906,129.275333
118,신애리 경로당,경상북도 영덕군 지품면 신애길 78,경상북도 영덕군 지품면 신애리 10,마을회관,85.95,21,36.427725,129.345109
119,삼화1리 경로당,경상북도 영덕군 지품면 삼화2길 17-2 ,경상북도 영덕군 지품면 삼화리 58-1,노인시설,102.50,25,36.43985,129.331639
120,수암리 경로당,경상북도 영덕군 지품면 경동로 6381-3 ,경상북도 영덕군 지품면 수암리 223-1,노인시설,116.50,28,36.462673,129.216474
121,축산1리 경로당,경상북도 영덕군 축산면 축산항1길 64-2 ,경상북도 영덕군 축산면 축산리 249-3,노인시설,222.90,30,36.510492,129.445453
122,축산2리 경로당,경상북도 영덕군 축산면 염장길 40,경상북도 영덕군 축산면 축산리 654,노인시설,141.20,30,36.5016008,129.4356981
123,축산3리 경로당,경상북도 영덕군 축산면 축산항길 68,경상북도 영덕군 축산면 축산리 3-47,노인시설,161.50,30,36.508019,129.449762
124,경정1리 경로당,경상북도 영덕군 축산면 경정길 6-1 ,경상북도 영덕군 축산면 경정리 283,노인시설,208.40,30,36.4876635,129.4355359
125,경정2리 경로당,경상북도 영덕군 축산면 차유길 43-1 ,경상북도 영덕군 축산면 경정리 13,노인시설,203.30,30,36.4947487,129.4443766
126,경정3리 경로당,경상북도 영덕군 축산면 경정3길 26,경상북도 영덕군 축산면 경정리 621,노인시설,110.00,30,36.474352,129.433567
127,고곡1리(본동) 경로당,경상북도 영덕군 축산면 고실1길 8,경상북도 영덕군 축산면 고곡리 203-3,노인시설,77.00,30,36.4999816,129.4109245
128,고곡1리(갈밭목) 경로당,경상북도 영덕군 축산면 고실1길 3,경상북도 영덕군 축산면 고곡리 198-4,노인시설,30.90,30,36.4996432,129.4113454
129,고곡2리 경로당,경상북도 영덕군 축산면 고실길 42,경상북도 영덕군 축산면 고곡리 379,노인시설,75.30,30,36.47384,129.407389
130,도곡1리 경로당,경상북도 영덕군 축산면 도곡길 33,경상북도 영덕군 축산면 도곡리 133,노인시설,161.00,30,36.510091,129.410772
131,도곡2리(본동) 경로당,경상북도 영덕군 축산면 신돌석장군1길 46-8 ,경상북도 영덕군 축산면 도곡리 산 91-1,노인시설,102.70,30,36.514941,129.396459
132,도곡2리(망골) 경로당,경상북도 영덕군 축산면 신돌석장군2길 18,경상북도 영덕군 축산면 도곡리 232-1,노인시설,35.30,30,36.520138,129.401008
133,상원리(본동) 경로당,경상북도 영덕군 축산면 상원길 94,경상북도 영덕군 축산면 상원리 220-1,노인시설,100.80,30,36.507491,129.399072
134,상원리(황토목이) 경로당,경상북도 영덕군 축산면 상원길 29-3 ,경상북도 영덕군 축산면 상원리 357-1,마을회관,47.00,30,36.506456,129.39256
135,부곡리 경로당,경상북도 영덕군 축산면 부곡길 58-17 ,경상북도 영덕군 축산면 부곡리 산 5,노인시설,72.70,30,36.5097838,129.3867725
136,칠성1리 경로당,경상북도 영덕군 축산면 칠성길 291-2 ,경상북도 영덕군 축산면 칠성리 129,노인시설,79.50,30,36.497052,129.366804
137,칠성2리(진밭) 경로당,경상북도 영덕군 축산면 칠성길 428,경상북도 영덕군 축산면 칠성리 326-5,노인시설,57.50,30,36.497064,129.351976
138,칠성2리(꽃밭) 경로당,경상북도 영덕군 축산면 칠성2길 197,경상북도 영덕군 축산면 칠성리 583,노인시설,77.80,30,36.500828,129.345417
139,대곡리 경로당,경상북도 영덕군 축산면 대곡길 268,경상북도 영덕군 축산면 대곡리 340,노인시설,83.50,30,36.487585,129.351525
140,기암1리 경로당,경상북도 영덕군 축산면 기암길 7,경상북도 영덕군 축산면 기암리 83-6,노인시설,68.60,30,36.474935,129.393711
141,기암2리 경로당,경상북도 영덕군 축산면 애삼길 34,경상북도 영덕군 축산면 기암리 388-3,노인시설,75.80,30,36.494629,129.383281
142,대2리 경로당,경상북도 영덕군 영해면 대동로 1429,경상북도 영덕군 영해면 대리 231-4,노인시설,97.00,13,36.5315259,129.2629551
143,사진1리 경로당,경상북도 영덕군 영해면 밭내미길 3-1 ,경상북도 영덕군 영해면 사진리 473,노인시설,133.00,18,36.539305,129.4383946
144,성내5리 마을회관,경상북도 영덕군 영해면 예주목은길 102,경상북도 영덕군 영해면 성내리 509-3,노인시설,138.00,34,36.5442273,129.4085363
145,괴시1리 마을회관,경상북도 영덕군 영해면 호지마을길 16-1 ,경상북도 영덕군 영해면 괴시리 100-12,노인시설,198.00,49,36.5443961,129.4164104
146,사진2리 마을회관,경상북도 영덕군 영해면 영덕대게로 2374-1 ,경상북도 영덕군 영해면 사진리 298,노인시설,113.00,28,36.531525,129.440066
147,연평1리 마을회관,경상북도 영덕군 영해면 연평3길 9,경상북도 영덕군 영해면 연평리 105-1,노인시설,132.00,33,36.5530941,129.4067241
148,대진2리 마을회관,경상북도 영덕군 영해면 영덕대게로 2725-5 ,경상북도 영덕군 영해면 대진리 259,노인시설,120.00,30,36.5574492,129.4309339
149,연평2리 경로당,경상북도 영덕군 영해면 연평2길 46,경상북도 영덕군 영해면 연평리 120-7,노인시설,183.00,20,36.550471,129.4078339
150,대1리 경로당,경상북도 영덕군 영해면 대동로 1224-1 ,경상북도 영덕군 영해면 대리 108-5,노인시설,132.00,15,36.5199183,129.2770932
151,괴시3리 경로당,경상북도 영덕군 영해면 예주8길 14-1 ,경상북도 영덕군 영해면 괴시리 132-3,노인시설,85.00,25,36.5395457,129.4124828
152,대진1리 경로당,경상북도 영덕군 영해면 영덕대게로 2793,경상북도 영덕군 영해면 대진리 370,노인시설,50.00,30,36.562401,129.430061
153,벌영1리 경로당,경상북도 영덕군 영해면 벌영2길 8-5 ,경상북도 영덕군 영해면 벌영리 389-1,노인시설,260.00,25,36.5370119,129.4011631
154,원구1리 경로당,경상북도 영덕군 영해면 원구1길 46,경상북도 영덕군 영해면 원구리 138,노인시설,98.00,20,36.5390716,129.3781348
155,원구2리 경로당,경상북도 영덕군 영해면 창수영해로 198,경상북도 영덕군 영해면 원구리 721-2,노인시설,98.00,20,36.5412937,129.3650608
156,벌영2리 경로당,경상북도 영덕군 영해면 벌영5길 15,경상북도 영덕군 영해면 벌영리 263-1,노인시설,163.00,22,36.536775,129.3919243
157,묘곡2리 경로당,경상북도 영덕군 영해면 백일길 13-42 ,경상북도 영덕군 영해면 묘곡리 439,노인시설,70.00,15,36.5321341,129.3456581
158,성내2리 경로당,경상북도 영덕군 영해면 318만세1길 46-2 ,경상북도 영덕군 영해면 성내리 329-2,노인시설,104.00,19,36.5359439,129.408923
159,묘곡1리 경로당,경상북도 영덕군 영해면 대동로 601,경상북도 영덕군 영해면 묘곡리 703-7,노인시설,100.00,15,36.520304,129.337073
160,대진3리 경로당,경상북도 영덕군 영해면 건달길 3,경상북도 영덕군 영해면 대진리 118,노인시설,94.00,20,36.5498617,129.4396663
161,사진3리 경로당,경상북도 영덕군 영해면 영덕대게로 2252-1 ,경상북도 영덕군 영해면 사진리 623-1,노인시설,114.00,15,36.5213395,129.4428748
162,성내3리 경로당,경상북도 영덕군 영해면 예주1길 3,경상북도 영덕군 영해면 성내리 687-6,노인시설,136.00,23,36.535467,129.4054816
163,성내1리 경로당,경상북도 영덕군 영해면 예주길 80-8 ,경상북도 영덕군 영해면 성내리 345-1,노인시설,153.00,22,36.5387797,129.4089307
164,괴시2리 경로당,경상북도 영덕군 영해면 관어대길 8,경상북도 영덕군 영해면 괴시리 615-4,노인시설,70.00,25,36.5549165,129.4237443
165,금곡1 경로당,경상북도 영덕군 병곡면 거무실2길 2,경상북도 영덕군 병곡면 금곡리 883-20,노인시설,82.99,21,36.6434372,129.4130695
166,금곡2 경로당,경상북도 영덕군 병곡면 지경길 22-2 ,경상북도 영덕군 병곡면 금곡리 50-8,노인시설,82.56,21,36.6418418,129.421255
167,금곡3 경로당,경상북도 영덕군 병곡면 유금길 214-1 ,경상북도 영덕군 병곡면 금곡리 819,노인시설,99.20,25,36.6503801,129.3695036
168,백석2 경로당,경상북도 영덕군 병곡면 흰돌로 209-1 ,경상북도 영덕군 병곡면 백석리 170,노인시설,198.30,50,36.6234362,129.412219
169,병곡1 경로당,경상북도 영덕군 병곡면 병곡2길 7-8 ,경상북도 영덕군 병곡면 병곡리 234-2,노인시설,82.60,21,36.60235,129.4125537
170,병곡2 경로당,경상북도 영덕군 병곡면 병곡2길 23,경상북도 영덕군 병곡면 병곡리 210-2,노인시설,102.40,26,36.6012489,129.4134956
171,원황1 경로당,경상북도 영덕군 병곡면 원황길 80,경상북도 영덕군 병곡면 원황리 773-11,노인시설,99.10,25,36.5686166,129.391749
172,각리1리 경로당,경상북도 영덕군 병곡면 각리1길 45,경상북도 영덕군 병곡면 각리리 382-61,노인시설,191.70,48,36.5637201,129.3868718
173,각리2리 경로당,경상북도 영덕군 병곡면 각리3길 5-28 ,경상북도 영덕군 병곡면 각리리 735,노인시설,72.70,18,36.578397,129.367314
174,각리3리 경로당,경상북도 영덕군 병곡면 각리2길 93-2 ,경상북도 영덕군 병곡면 각리리 964-10,노인시설,66.10,17,36.5650361,129.3803337
175,사천 경로당,경상북도 영덕군 병곡면 사천길 9,경상북도 영덕군 병곡면 사천리 245-7,노인시설,99.10,25,36.548975,129.386006
176,신평 경로당,경상북도 영덕군 병곡면 신평1길 24,경상북도 영덕군 병곡면 신평리 58-11,노인시설,112.40,28,36.5544937,129.3980521
177,이천리 제2 경로당,경상북도 영덕군 병곡면 이천길 226-1 ,경상북도 영덕군 병곡면 이천리 181-4,노인시설,97.62,20,36.5854018,129.3729432
178,아치미 경로당,경상북도 영덕군 병곡면 유금1길 173-1 ,경상북도 영덕군 병곡면 금곡리 667,노인시설,55.10,15,36.6495358,129.3786167
179,영4리 경로당,경상북도 영덕군 병곡면 영2길 16-1 ,경상북도 영덕군 병곡면 영리 127,노인시설,84.60,22,36.5950499,129.4056434
180,거무역리 경로당,경상북도 영덕군 병곡면 내륙순환길 616,경상북도 영덕군 병곡면 거무역리 535-5,노인시설,76.00,18,36.5836762,129.3955158
181,아래거무역리 경로당,경상북도 영덕군 병곡면 천방마을길 67-42 ,경상북도 영덕군 병곡면 거무역리 58-15,노인시설,42.62,10,36.5790043,129.4075665
182,원황2리 경로당,경상북도 영덕군 병곡면 원황3길 20,경상북도 영덕군 병곡면 원황리 501-3,노인시설,204.35,50,36.5723855,129.40152
183,천방마을 경로당,경상북도 영덕군 병곡면 천방마을길 32-5 ,경상북도 영덕군 병곡면 원황리 82-6,노인시설,52.86,15,36.5774521,129.4045783
184,덕천리 경로당,경상북도 영덕군 병곡면 덕천길 162,경상북도 영덕군 병곡면 덕천리 54-1,노인시설,165.18,45,36.5648424,129.4204732
185,백석1리 경로당,경상북도 영덕군 병곡면 백석길 10,경상북도 영덕군 병곡면 백석리 249-3,노인시설,123.06,33,36.6205992,129.4107665
186,영1리 경로당,경상북도 영덕군 병곡면 칠보산길 78,경상북도 영덕군 병곡면 영리 1199-30,노인시설,100.80,25,36.6044552,129.4020677
187,영3리 경로당,경상북도 영덕군 병곡면 영3길 165,경상북도 영덕군 병곡면 영리 857-1,노인시설,97.32,25,36.6011531,129.3882231
188,아곡리 경로당,경상북도 영덕군 병곡면 아실길 217-28 ,경상북도 영덕군 병곡면 아곡리 293,노인시설,144.54,30,36.5837274,129.3841394
189,이천리 경로당,경상북도 영덕군 병곡면 이천길 108-16 ,경상북도 영덕군 병곡면 이천리 108-1,노인시설,82.00,18,36.5780629,129.3814292
190,송천2리 경로당,경상북도 영덕군 병곡면 송천1길 30-10 ,경상북도 영덕군 병곡면 송천리 219,노인시설,95.06,28,36.5572559,129.4037324
191,삼읍리 경로당,경상북도 영덕군 병곡면 거무실길 355,경상북도 영덕군 병곡면 삼읍리 169-1,노인시설,82.99,22,36.660155,129.393075
192,영2리 경로당,경상북도 영덕군 병곡면 영4길 83,경상북도 영덕군 병곡면 영리 414-3,노인시설,91.18,23,36.599807,129.4012178
193,송천1리 경로당,경상북도 영덕군 병곡면 송천1길 15-24 ,경상북도 영덕군 병곡면 송천리 340,노인시설,89.28,23,36.5563433,129.4023796
194,가산2리,경상북도 영덕군 창수면 가산길 184,경상북도 영덕군 창수면 가산리 315,노인시설,70.00,17,36.5638127,129.3384196
195,신기1리,경상북도 영덕군 창수면 신기2길 15,경상북도 영덕군 창수면 신기리 64-6,노인시설,100.00,25,36.5502098,129.3478684
196,신리2리,경상북도 영덕군 창수면 신리길 8-29 ,경상북도 영덕군 창수면 신리리 321-2,노인시설,99.00,24,36.5760902,129.2751923
197,신기2리,경상북도 영덕군 창수면 신기4길 30,경상북도 영덕군 창수면 신기리 446-3,노인시설,39.00,9,36.567892,129.3143031
198,신리1리,경상북도 영덕군 창수면 장육사길 95-11 ,경상북도 영덕군 창수면 신리리 121-4,노인시설,76.00,19,36.5831228,129.3131417
199,신리2리,경상북도 영덕군 창수면 신리길 8-29 ,경상북도 영덕군 창수면 신리리 321-2,노인시설,133.00,33,36.5787723,129.2760509
200,갈천1리,경상북도 영덕군 창수면 갈천인천길 249-12 ,경상북도 영덕군 창수면 갈천리 222,노인시설,95.00,23,36.594838,129.270435
201,갈천2리,경상북도 영덕군 창수면 갈천인천길 249-12 ,경상북도 영덕군 창수면 갈천리 222,노인시설,69.00,17,36.5973801,129.2715378
202,창수1리,경상북도 영덕군 창수면 창수1길 4-7 ,경상북도 영덕군 창수면 창수리 141,노인시설,83.00,20,36.581871,129.260439
203,창수1리,경상북도 영덕군 창수면 창수1길 14-3 ,경상북도 영덕군 창수면 창수리 142-1,노인시설,50.00,12,36.5846205,129.2614317
204,창수2리,경상북도 영덕군 창수면 창수3길 6,경상북도 영덕군 창수면 창수리 440-1,노인시설,88.00,22,36.5932427,129.2464384
205,창수2리,경상북도 영덕군 창수면 영양창수로 2072,경상북도 영덕군 창수면 창수리 389-3,노인시설,39.00,9,36.5898828,129.2555786
206,미곡1리,경상북도 영덕군 창수면 오서로 944,경상북도 영덕군 창수면 오촌리 242-20,노인시설,110.00,27,36.612268,129.32232
207,미곡2리,경상북도 영덕군 창수면 미곡2길 3,경상북도 영덕군 창수면 미곡리 334-1,노인시설,83.00,20,36.5974073,129.3398901
208,오촌1리,경상북도 영덕군 창수면 오서로 944,경상북도 영덕군 창수면 오촌리 242-20,노인시설,109.00,27,36.6147616,129.3231812
209,오촌2리,경상북도 영덕군 창수면 오서로 966-10 ,경상북도 영덕군 창수면 오촌리 256-1,노인시설,82.00,20,36.6165603,129.3221731
210,삼계1리,경상북도 영덕군 창수면 삼계길 118,경상북도 영덕군 창수면 삼계리 810,노인시설,102.00,25,36.624908,129.314609
211,삼계2리,경상북도 영덕군 창수면 오서로 1187,경상북도 영덕군 창수면 삼계리 262-14,노인시설,101.00,25,36.6330346,129.3113687
212,수리,경상북도 영덕군 창수면 숯골길 162-3 ,경상북도 영덕군 창수면 수리 225,노인시설,54.00,13,36.644408,129.3070113
213,인천1리,경상북도 영덕군 창수면 오서로 1367-7 ,경상북도 영덕군 창수면 인천리 30-3,노인시설,77.00,19,36.6355526,129.2961103
214,인천2리,경상북도 영덕군 창수면 오서로 1446,경상북도 영덕군 창수면 인천리 160-5,노인시설,57.00,14,36.6393408,129.2877961
215,보림리,경상북도 영덕군 창수면 오서로 1655,경상북도 영덕군 창수면 보림리 176-10,노인시설,70.00,17,36.6415395,129.2652056
216,백청리,경상북도 영덕군 창수면 오서로 1873,경상북도 영덕군 창수면 백청리 153,노인시설,84.00,21,36.6535454,129.2505214
217,신리2리,경상북도 영덕군 창수면 신리길 8-29 ,경상북도 영덕군 창수면 신리리 321-2,노인시설,41.00,10,36.5787723,129.2760509
218,신기1리,경상북도 영덕군 창수면 신기2길 15,경상북도 영덕군 창수면 신기리 64-6,노인시설,36.00,9,36.5502098,129.3478684
219,인량1리,경상북도 영덕군 창수면 인량2길 26,경상북도 영덕군 창수면 인량리 129-1,노인시설,90.00,22,36.5571008,129.3739866
220,인량2리,경상북도 영덕군 창수면 인량6길 12-15 ,경상북도 영덕군 창수면 인량리 411,노인시설,76.00,19,36.5542308,129.3685783
221,가산1리,경상북도 영덕군 창수면 가산1길 46-2 ,경상북도 영덕군 창수면 가산리 546-9,노인시설,67.00,16,36.5556478,129.346151
222,영덕읍사무소,경상북도 영덕군 영덕읍 우곡길 62,경상북도 영덕군 영덕읍 우곡길 62,관공서,2131,819,36.40946603871059,129.3726862283928
223,영덕읍교회,경상북도 영덕군 영덕읍 우곡길 10,경상북도 영덕군 영덕읍 우곡길 10,교회,661,254,36.40546844028521,129.37382548766263
224,영덕문화체육센터,경상북도 영덕군 영덕읍 강변길 324,경상북도 영덕군 영덕읍 강변길 324,기타시설,5644,2170,36.420226241344,129.36198122886785
225,영덕군 엠모텔,경상북도 영덕군 영덕읍 덕곡천길 86-1,경상북도 영덕군 영덕읍 덕곡천길 86-1,"연수,숙박",100,124,36.413576513955064,129.3722925571369
226,영덕군 위시모텔,경상북도 영덕군 영덕읍 덕곡천길 92,경상북도 영덕군 영덕읍 덕곡천길 92,"연수,숙박",300,132,36.41385040174116,129.37216006503039
227,영덕군 해맞이캠핑장,경상북도 영덕군 영덕읍 해맞이길 254-69,경상북도 영덕군 영덕읍 해맞이길 254-69,"연수,숙박",100,40,36.41830788151069,129.42143020636422
228,영덕고등학교,경상북도 영덕군 영덕읍 군청1길 13,경상북도 영덕군 영덕읍 군청1길 13,학교,1851,711,36.41620243752412,129.37024841367958
229,영덕야성초등학교,경상북도 영덕군 영덕읍 덕곡길 96,경상북도 영덕군 영덕읍 덕곡길 96,학교,714,275,36.41320243028067,129.36879121788797
230,강구면사무소,경상북도 영덕군 강구면 동해대로 4526,경상북도 영덕군 강구면 동해대로 4526,관공서,1368,526,36.36154382901921,129.37860317502594
231,강구교회,경상북도 영덕군 강구면 강영로 49,경상북도 영덕군 강구면 강영로 49,교회,4907,150,36.36490965662,129.3836843433648
232,이재민수용시설,경상북도 영덕군 강구면 오포리 628-1,경상북도 영덕군 강구면 오포리 628-1,기타시설,280,50,36.35366706374169,129.37883352934332
233,강구중학교,경상북도 영덕군 강구면 신강구1길 45-5,경상북도 영덕군 강구면 신강구1길 45-5,학교,1700,654,36.352975821496145,129.3799934586366
234,남정면사무소,경상북도 영덕군 남정면 진불길 43,경상북도 영덕군 남정면 진불길 43,관공서,1204,463,36.28587602666782,129.37245188304166
235,남정초등학교,경상북도 영덕군 남정면 진불길 15-6,경상북도 영덕군 남정면 진불길 15-6,학교,371,143,36.28364032401701,129.3721310505606
236,달산면사무소,경상북도 영덕군 달산면 팔각산로 1829,경상북도 영덕군 달산면 팔각산로 1829,관공서,589,226,36.3990109366632,129.30355260144097
237,지품면사무소,경상북도 영덕군 지품면 경동로 7153,경상북도 영덕군 지품면 경동로 7153,관공서,198,76,36.448410082641935,129.28191576777175
238,지품중학교,경상북도 영덕군 지품면 지영로 7-3,경상북도 영덕군 지품면 지영로 7-3,학교,1314,505,36.449984372560266,129.28272690098103
239,축산면사무소,경상북도 영덕군 축산면 도곡길 67,경상북도 영덕군 축산면 도곡길 67,관공서,595,228,36.50892098217394,129.41430376356507
240,축산교회,경상북도 영덕군 축산면 축산항1길 9-4,경상북도 영덕군 축산면 축산항1길 9-4,교회,231,88,36.507073721410755,129.44193940776995
241,축산항초등학교,경상북도 영덕군 축산면 축산항초교길 2,경상북도 영덕군 축산면 축산항초교길 2,학교,691,266,36.509515704424516,129.4423286320086
242,축산항출장소,경상북도 영덕군 축산면 영덕대게로 2053,경상북도 영덕군 축산면 영덕대게로 2053,관공서,181,69,36.50567598107601,129.44173643984388
243,영해예주문화예술회관,경상북도 영덕군 영해면 318만세길 36,경상북도 영덕군 영해면 318만세길 36,"공공시설(국·공립도서관, 공립병원, 시·도민회관, 구민회관 주민체육시설, 노인병원, 어린이도서관 등)",2425,932,36.52978609789105,129.40504341192755
244,영해면사무소,경상북도 영덕군 영해면 예주3길 7,경상북도 영덕군 영해면 예주3길 7,관공서,661,254,36.53745629702496,129.4070827448596
245,영해중고등학교,경상북도 영덕군 영해면 예주길 135,경상북도 영덕군 영해면 예주길 135,학교,1700,653,36.5422290220435,129.4130279424899
246,영해초등학교,경상북도 영덕군 영해면 예주5길 22,경상북도 영덕군 영해면 예주5길 22,학교,813,313,36.53871695856834,129.41118588071595
247,병곡면사무소,경상북도 영덕군 병곡면 병곡길 72,경상북도 영덕군 병곡면 병곡길 72,관공서,604,232,36.602244433011506,129.41060131250887
248,인량1리경로당,경상북도 영덕군 창수면 인량2길 26,경상북도 영덕군 창수면 인량2길 26,경로당,90,34,36.554293119403695,129.3731718934295
249,창수면사무소,경상북도 영덕군 창수면 신기길 5,경상북도 영덕군 창수면 신기길 5,관공서,198,76,36.54627485607802,129.3482360450229
