번호,시설명,상세 시설명,소재지(도로명주소),수용가능 면적(제곱미터),수용가능 인원(명),데이터 기준일
1,구룡포읍행정복지센터,대회의실,경상북도 포항시 남구 구룡포읍 호미로133,315,121,2025-08-09
2,구룡포초등학교,강당,경상북도 포항시 남구 구룡포읍 구룡포길61,962,370,2025-08-09
3,포항과학기술고등학교,강당,경상북도 포항시 남구 구룡포읍 호미로341,784,301,2025-08-09
4,구룡포읍민복지회관,회관,경상북도 포항시 남구 구룡포읍 구룡포길65번길7,285,110,2025-08-09
5,구룡포석병청소년수련관,해맞이관,경상북도 포항시 남구 구룡포읍 명월길51,1442,136,2025-08-09
6,경북대학교 인재원,"인재원 학생동 객실 11개 (10인 1/ 14인 3/ 20인 7), 세미나실",경상북도 포항시 남구 구룡포읍 하정로153,588,265,2025-08-09
7,어업기술원(이웃어촌지원센터),교육장,경상북도 포항시 남구 구룡포읍 동해안로4287번길6,131,50,2025-08-09
8,늘푸른교회,아동부실,경상북도 포항시 남구 구룡포읍 구룡포길89-9,210,80,2025-08-09
9,해파랑문화쉼터,다목적강당,경상북도 포항시 남구 구룡포읍 호미로 202,400,154,2025-08-09
10,연일초등학교,강당,경상북도 포항시 남구 연일읍 철강로25번길40,660,254,2025-08-09
11,연일형산초등학교,다목적강당,경상북도 포항시 남구 연일읍 형산강남로 262,888,341,2025-08-09
12,유강1리 마을회관,마을회관,경상북도 포항시 남구 연일읍 자명로43-2,155,60,2025-08-09
13,연일읍민 복지회관,복지회관,경상북도 포항시 남구 연일읍 동문로67,330,127,2025-08-09
14,유강다목적 복지회관,복지회관,경상북도 포항시 남구 연일읍 유강길50,238,92,2025-08-09
15,택전2리 마을회관,마을회관,경상북도 포항시 남구 연일읍 원서길137번길23,166,64,2025-08-09
16,연일다목적체육관,체육관,경상북도 포항시 남구 연일읍 연일로 221,1054,405,2025-08-09
17,오천읍민복지회관,다목적홀,경상북도 포항시 남구 오천읍 냉천로320번길4-11,297,114,2025-08-09
18,구정초등학교,다목적강당,경상북도 포항시 남구 오천읍 구정길 11,1023,393,2025-08-09
19,문충초등학교,다목적교실,경상북도 포항시 남구 오천읍 정몽주로 49,445,171,2025-08-09
20,신흥중학교,강당,경상북도 포항시 남구 오천읍 장기로 1636,699,268,2025-08-09
21,오천초등학교,체육관,경상북도 포항시 남구 오천읍 정몽주로  572,1171,450,2025-08-09
22,문덕초등학교,다목적강당(한울관2층),경상북도 포항시 남구 오천읍 해병로 293,542,208,2025-08-09
23,오천고등학교,다목적강당,경상북도 포항시 남구 오천읍 해병로 293,1003,385,2025-08-09
24,레지덴셜호텔,객실,경상북도 포항시 남구 오천읍 문덕로37번길 9-3,1560,34,2025-08-09
25,대송중학교,강당,경상북도 포항시 남구 대송면 남성길100,101,39,2025-08-09
26,대송초등학교,강당,경상북도 포항시 남구 대송면 제내길24,203,78,2025-08-09
27,대송교회,2층 유아부실,경상북도 포항시 남구 대송면 제내길65,43,17,2025-08-09
28,시온어르신주간보호센터,2층 방,경상북도 포항시 남구 대송면 제내길75번길13,45,17,2025-08-09
29,송동교회,강당,경상북도 포항시 남구 대송면 장동홍계길6,99,30,2025-08-09
30,대송면다목적복지회관,강당,경상북도 포항시 남구 대송면 운제로111,321,120,2025-08-09
31,대송면행정복지센터,회의실,경상북도 포항시 남구 대송면 장동홍계길19,124,48,2025-08-09
32,동국제강(3층),대회의실(안전교육장),경상북도 포항시 남구 대송면 철강산단로 195,148,50,2025-08-09
33,동해초등학교,강당,경상북도 포항시 남구 동해면 일월로78,499,191,2025-08-09
34,포항동해중학교,강당1층,경상북도 포항시 남구 동해면 일월로41번길 26,825,317,2025-08-09
35,동해면민복지회관,"1,2층 강당, 다목적실",경상북도 포항시 남구 동해면 일월로 123번길 17-45,366,140,2025-08-09
36,동해면다목적실내체육관,1층 체육관,경상북도 포항시 남구 동해면 일월로 123번길 17-45,987,379,2025-08-09
37,마린호텔,객실,경상북도 포항시 남구 동해면 호미로 3048번길25,370,32,2025-08-09
38,장기중학교,다목적강당,경상북도 포항시 남구 장기면 읍내길53,540,207,2025-08-09
39,장기초등학교,다목적강당,경상북도 포항시 남구 장기면 장기로336,180,69,2025-08-09
40,양포초등학교,다목적강당,경상북도 포항시 남구 장기면 장기로33,337,129,2025-08-09
41,장기면 다목적복지회관,"2,3층",경상북도 포항시 남구 장기면 읍내길54,1165,447,2025-08-09
42,알데아 원,객실,"경상북도 포항시 남구 장기면 동해안로 3952-26, 2층",991,45,2025-08-09
43,호미곶면면민복지회관,강당,경상북도 포항시 남구 호미곶면 해맞이로153,208,80,2025-08-09
44,대보중학교,강당,경상북도 포항시 남구 호미곶면 해맞이로122,260,80,2025-08-09
45,호미곶면행정복지센터,회의실,경상북도 포항시 남구 호미곶면 해맞이로242,130,50,2025-08-09
46,대도초등학교,다목적강당,경상북도 포항시 남구 상공로92번길 25-10,331,100,2025-08-09
47,상대초등학교,다목적강당,경상북도 포항시 남구 대해로82,450,173,2025-08-09
48,대해초등학교,다목적강당,경상북도 포항시 남구 양학천로 150번길58,331,127,2025-08-09
49,상대동행정복지센터,대회의실,경상북도 포항시 남구 상대로98,198,76,2025-08-09
50,포항종합사회복지괸,복지관,경상북도 포항시 남구 상공로 46번길 13,269,103,2025-08-09
51,해도동행정복지센터,회의실,경상북도 포항시 남구 상공로 235,99,30,2025-08-09
52,해도분회경로당,경로당,경상북도 포항시 남구 중앙로134번길 35-5,116,35,2025-08-09
53,해도부녀경로당,경로당,경상북도 포항시 남구 중앙로146번길 15,132,40,2025-08-09
54,해도장수경로당,경로당,경상북도 포항시 남구 희망대로1003번길 26-1,132,40,2025-08-09
55,우리새마을금고,회의실,경상북도 포항시 남구 중앙로 66-1,132,40,2025-08-09
56,해도동평생학습관,학습관,경상북도 포항시 남구 해동로72번길 13-3,132,40,2025-08-09
57,다온호텔,객실,경상북도 포항시 남구 중앙로12번길 12,255,46,2025-08-09
58,포항스테이호텔,객실,경상북도 포항시 남구 중앙로131번길 1,98,70,2025-08-09
59,송도중학교,강당,경상북도 포항시 남구 축항로72번길11,661,200,2025-08-09
60,송림초등학교,강당,경상북도 포항시 남구 축항로55,520,200,2025-08-09
61,송도초등학교,다목적 교실(일반교실 2실),경상북도 포항시 남구 송도로80,129,49,2025-08-09
62,송도동행정복지센터,2층 회의실,경상북도 포항시 남구 송도해안길67,141,54,2025-08-09
63,청림초등학교,강당,경상북도 포항시 남구 정몽주로 890950,825,250,2025-08-09
64,청림동행정복지센터,대회의실,경상북도 포항시 남구 신항로10,165,50,2025-08-09
65,청림경로당,경로당,경상북도 포항시 남구 청림남길37,177,30,2025-08-09
66,찬내어르신쉼터(경로당),회의실,경상북도 포항시 남구 정몽주로 861번길13,280,40,2025-08-09
67,청림문화복지회관,강당,경상북도 포항시 남구 청림서길77,495,120,2025-08-09
68,늘푸른요양원,요양시설,경상북도 포항시 남구 청림남길23-2,297,114,2025-08-09
69,한국SGI동해태양문화회관,종교시설,경상북도 포항시 남구 정몽주로 861번길10-2,699,268,2025-08-09
70,일월경로당,경로당,경상북도 포항시 남구 청림동길42,112,43,2025-08-09
71,제철동민 복지회관,다용도실,경상북도 포항시 남구 냉천로82,330,126,2025-08-09
72,인덕초등학교,강당,경상북도 포항시 남구 서원재로 170번길9,991,380,2025-08-09
73,효곡동행정복지센터,대회의실,경상북도 포항시 남구 효자동길30,198,76,2025-08-09
74,효자경로당,경로당,경상북도 포항시 남구 효자로118번길18,149,57,2025-08-09
75,효자초등학교,강당,경상북도 포항시 남구 효성로30번길5,846,325,2025-08-09
76,포항제철초등학교,강당,경상북도 포항시 남구 지곡로60,694,266,2025-08-09
77,포항제철고등학교,체육관,경상북도 포항시 남구 지곡로212번길40,986,379,2025-08-09
78,포항제철공업고등학교,강당,경상북도 포항시 남구 지곡로150,1203,462,2025-08-09
79,효자2경로당,경로당,경상북도 포항시 남구 유동길 42-1,70,26,2025-08-09
80,효곡동평생학습센터,회의실,경상북도 포항시 남구 효자동길2번길7,109,41,2025-08-09
81,대이초등학교,다목적강당(2층),경상북도 포항시 남구 대이로46번길35,755,290,2025-08-09
82,포항이동중학교,강당,경상북도 포항시 남구 대이로170,462,177,2025-08-09
83,이동고등학교,다목적강당,경상북도 포항시 남구 희망대로412,642,246,2025-08-09
84,대이동행정복지센터,회의실(2층),경상북도 포항시 남구 대이로17,139,53,2025-08-09
85,대잠1경로당,경로당 내,경상북도 포항시 남구 대잠길35,166,63,2025-08-09
86,대잠2경로당,경로당 내,경상북도 포항시 남구 대이로67번길5-1,59,22,2025-08-09
87,이동초등학교,강당,경상북도 포항시 남구 포스코대로147-10,592,227,2025-08-09
88,윌모텔,객실(10객실),경상북도 포항시 남구 새천년대로450번길 4-1,330,40,2025-08-09
89,학천초등학교,강당,경상북도 포항시 북구 흥해읍 도음로856번길17,432,130,2025-08-09
90,홍해남산초등학교,강당,경상북도 포항시 북구 흥해읍 남미질로26,925,280,2025-08-09
91,달전초등학교,강당,경상북도 포항시 북구 흥해읍 달전로215,808,244,2025-08-09
92,죽천2리마을회관,마을회관,경상북도 포항시 북구 흥해읍 죽천길13,202,60,2025-08-09
93,칠포1리마을회관,마을회관,경상북도 포항시 북구 흥해읍 해안로1555,143,43,2025-08-09
94,흥해종합복지문화센터,강당,경상북도 포항시 북구 흥해읍 한동로52,580,150,2025-08-09
95,흥해실내체육관,흥해실내체육관,경상북도 포항시 북구 흥해읍 동해대로1513,2173,600,2025-08-09
96,흥해읍 다목적 재난구호소,"실내코트, 다목적실, 기타",경상북도 포항시 북구 흥해읍 흥해로115번길15,1146,440,2025-08-09
97,초곡다목적재난대피시설,강당,경상북도 포항시 북구 흥해읍 초곡리1494,1500,576,2025-08-09
98,대구교육해양수련원,객실,경상북도 포항시 북구 흥해읍 해안로 1252,1034,100,2025-08-09
99,신광초등학교,다목적강당,경상북도 포항시 북구 신광면 토성길31,563,216,2025-08-09
100,신광중학교,다목적강당,경상북도 포항시 북구 신광면 토성길 51번길19-2,136,52,2025-08-09
101,신광면행정복지센터,회의실(2층),경상북도 포항시 북구 신광면 토성길 37번길13,326,100,2025-08-09
102,월포초등학교,체육관,경상북도 포항시 북구 청하면 월포로146,286,110,2025-08-09
103,청하중학교,체육관,경상북도 포항시 북구 청하면 청하로151번길26,452,173,2025-08-09
104,청하면문화복지센터,강당,경상북도 포항시 북구 청하면 청하로247,186,71,2025-08-09
105,청하초등학교,강당,경상북도 포항시 북구 청하면 청하로217번길 19,340,130,2025-08-09
106,송라면민복지회관,복지회관,경상북도 포항시 북구 송라면 보경로 53번길14,460,50,2025-08-09
107,송라초등학교,체육관,경상북도 포항시 북구 송라면 보경로 57,602,200,2025-08-09
108,기계면행정복지센터 ,2층 회의실,경상북도 포항시 북구 기계면 근면길14,284,80,2025-08-09
109,기계초등학교,강당,경상북도 포항시 북구 기계면 기계로122,418,120,2025-08-09
110,기계중학교˙경북세무고등학교,다목적강당,경상북도 포항시 북구 기계면 기계로218,1078,320,2025-08-09
111,서포중학교,체육관,경상북도 포항시 북구 죽장면 일광길2,1052,300,2025-08-09
112,상옥복지회관(슬로우시티),복지회관,경상북도 포항시 북구 죽장면 죽장로1759,100,35,2025-08-09
113,죽장면체육센터,체력단련장,경상북도 포항시 북구 죽장면 죽장로17,494,190,2025-08-09
114,기북면행정복지센터,회의실,경상북도 포항시 북구 기북면 기북로 443,496,50,2025-08-09
115,기북초등학교,강당,경상북도 포항시 북구 기북면 기북로452,889,341,2025-08-09
116,기계중학교 기북분교,강당,경상북도 포항시 북구 기북면 기북로 469,727,150,2025-08-09
117,기북면 다목적복지회관,회관,경상북도 포항시 북구 기북면 용기길 29번길11-13,496,190,2025-08-09
118,중앙동행정복지센터,회의실,경상북도 포항시 북구 학산로 54,271,40,2025-08-09
119,학산부녀경로당,1층,경상북도 포항시 북구 삼호로109번길5,122,20,2025-08-09
120,학산경로당,2층,경상북도 포항시 북구 삼호로109번길5,102,20,2025-08-09
121,학산주공경로당,1층,경상북도 포항시 북구 장미길31,56,20,2025-08-09
122,포항여자고등학교,체육관,경상북도 포항시 북구 장미길10,1168,200,2025-08-09
123,릴리호텔 ,객실 ,경상북도 포항시 북구 장미길10,843,61,2025-08-09
124,양학동행정복지센터,강당,경상북도 포항시 북구 양학로17번길 4,172,66,2025-08-09
125,양학경로당,경로당,경상북도 포항시 북구 양학로17번길 15,89,34,2025-08-09
126,양학국민체육센터,본관,경상북도 포항시 북구 양학로166,1322,508,2025-08-09
127,양학동민복지회관,복지회관,경상북도 포항시 북구 양학로107번길 12,192,73,2025-08-09
128,양학초등학교,다목적강당,경상북도 포항시 북구 양학로110,1855,713,2025-08-09
129,죽도영흥경로당,경로당,경상북도 포항시 북구 양학천로219,99,30,2025-08-09
130,죽도초등학교,다목적교실,경상북도 포항시 북구 중흥로195,150,45,2025-08-09
131,대잠초등학교,종합학습실,경상북도 포항시 북구 중흥로 161번길16,198,76,2025-08-09
132,포항항도중학교,강당,경상북도 포항시 북구 중흥로170,1322,350,2025-08-09
133,포항영흥초등학교,다목적강당,경상북도 포항시 북구 중앙로 212번길6-7,726,280,2025-08-09
134,죽도동행정복지센터,회의실,경상북도 포항시 북구 죽도로 40번길28,168,65,2025-08-09
135,대흥중학교,강당,경상북도 포항시 북구 용흥로292번길35,1180,350,2025-08-09
136,용흥2동경로당,경로당,경상북도 포항시 북구 중흥로267번길42,177,68,2025-08-09
137,포항남부초등학교,체육관,경상북도 포항시 북구 새천년대로606,626,190,2025-08-09
138,용흥초등학교,다목적강당(3층),경상북도 포항시 북구 용흥로118,198,75,2025-08-09
139,용흥동행정복지센터,2층 회의실,경상북도 포항시 북구 새마을로20,237,91,2025-08-09
140,대동고등학교,체육관,경상북도 포항시 북구 우창서길34,706,214,2025-08-09
141,세화고등학교,강당,경상북도 포항시 북구 아치로94,830,252,2025-08-09
142,포항여자중학교,강당,경상북도 포항시 북구 장미길49,1089,330,2025-08-09
143,창포중학교,강당,경상북도 포항시 북구 새천년대로1075번길30,1033,313,2025-08-09
144,포항중앙초등학교,체육관,경상북도 포항시 북구 우창동로73,747,226,2025-08-09
145,두호동행정복지센터,대회의실,경상북도 포항시 북구 삼호로260,195,75,2025-08-09
146,포항동부초등학교,다목적강당,경상북도 포항시 북구 삼호로273,526,202,2025-08-09
147,두호남부초등학교,다목적강당,경상북도 포항시 북구 두호로52번길13,711,273,2025-08-09
148,두무치경로당,경로당,경상북도 포항시 북구 삼호로324-24,140,54,2025-08-09
149,동부분회경로당,경로당,경상북도 포항시 북구 두호로52번길16,195,75,2025-08-09
150,해후당경로당,경로당,경상북도 포항시 북구 삼호로265번길 36-7,121,47,2025-08-09
151,장량동행정복지센터,대회의실,경상북도 포항시 북구 장량로50,132,50,2025-08-09
152,장량동 평생학습센터,강당,경상북도 포항시 북구 삼흥로91,80,30,2025-08-09
153,장량다목적재난구호소,체육관,경상북도 포항시 북구 전마로161,808,300,2025-08-09
154,장량경로당,경로당,경상북도 포항시 북구 삼흥로77-14,83,30,2025-08-09
155,장량초등학교,강당,경상북도 포항시 북구 삼흥로 100번길 9,1010,384,2025-08-09
156,장성초등학교,강당,경상북도 포항시 북구 새천년대로 1123번길 6,1000,380,2025-08-09
157,장흥초등학교,강당(별도 체육관 변경),경상북도 포항시 북구 양덕남로11,637,240,2025-08-09
158,포항양덕초등학교,강당,경상북도 포항시 북구 양덕로20-5,870,330,2025-08-09
159,장성고등학교,체육관,경상북도 포항시 북구 법원로117,768,290,2025-08-09
160,경북학생문화회관,강당,경상북도 포항시 북구 환호로50,1242,470,2025-08-09
161,라우스데오 ,객실 ,경상북도 포항시 북구 환호로50,1650,100,2025-08-09
162,환여동문화센터,강의실,경상북도 포항시 북구 삼호로464,63,24,2025-08-09
163,환호여자중학교,강당,경상북도 포항시 북구 삼호로480-6,1074,325,2025-08-09
164,대도중학교,강당,경상북도 포항시 북구 삼호로 509번길12,1071,320,2025-08-09
165,포항해양마이스터고등학교,체육관,경상북도 포항시 북구 여남포길 21번길18,1396,423,2025-08-09
166,포항유아교육체험센터,교실,경상북도 포항시 북구 해안로 469,1103,424,2025-08-09
