시도,시군구,읍면동,리,지번,위도(도),위도(분),위도(초),경도(도),경도(분),경도(초),소유별,취약지역지정사유,데이터기준일
경상북도,문경시,농암면,종곡리,산66구,36,36,8,127,59,27.999,사유림,조사시작점 인근 인가에서 월류로 인한 피해가능성과 농지 유실이 소규모 관찰되어 피해를 예방하기 위한 취약지역지정을 제안함.,2025-12-29
경상북도,문경시,마성면,상내리,산96임,36,41,39,128,3,28,사유림,계류의 경사가 급하고 단차가 낮아 잦은 월류가 발생하는 지역으로 주민이 불안함을 호소하고 있음. 따라서 인명피해 예방을 위한 취약지역지정을 제안함.,2025-12-29
경상북도,문경시,마성면,상내리,1121구,36,41,53,128,4,17,사유림,"계류의 하부는 암반으로 이루어진 지역으로, 계류 폭이 좁아 집중호우시 월류가 발생한다는 주민의견이 존재함. 추가적인 피해를 예방하기 위하여 취약지역으로 지정하고자 함.",2025-12-29
경상북도,문경시,문경읍,당포리,산138임,36,45,45,128,9,21.999,사유림,조사시작점에 퇴적지가 형성되어 있어 기존 배수관을 막고 있음. 따라서 월류로 인한 피해가 우려되어 취약지역으로 제안함.,2025-12-29
경상북도,문경시,문경읍,팔영리,산58-1임,36,45,57.486,128,8,4.828,사유림,계류 내 퇴적물이 다량 퇴적되어 있으며 유동흔적이 관찰됨. 하부 인가에서 월류로 인한 피해가 우려되어 취약지역으로 제안함.,2025-12-29
경상북도,문경시,문경읍,관음리,산115-1임,36,48,32,128,8,20,사유림,유역 내 간벌을 실시한 지역으로 상부에서 발생된 퇴적물의 하부 유동 시 도로와 인가에 피해가 우려되므로 취약지역으로 지정하고자 함.,2025-12-29
경상북도,문경시,문경읍,갈평리,산66-1임,36,47,38.376,128,9,52.13,사유림,유역 내 다수의 전석과 퇴적물이 관찰되는 지역으로 하부로 유동 시 저수시설 및 인가밀집지에 피해가 우려되므로 취약지역으로 지정하고자 함.,2025-12-29
경상북도,문경시,산북면,창구리,산35-1임,36,45,35,128,14,57.999,사유림,"계류 내 퇴적물 유동흔적 및 사면의 균열, 뜬돌, 낙석 가능성 등이 관찰되어 하부로 유동 시 과수원과 인가에 피해가 우려되어 취약지역으로 선정함.",2025-12-29
경상북도,문경시,산북면,전두리,산16임,36,44,54,128,14,28.999,사유림,계류 내부로 퇴적물 분포비율이 높고 기반암인 화강암의 풍화도가 높음. 침식 및 표층유실이 발생하였고 토사가 유출되어 계류 내부로 유입됨.,2025-12-29
경상북도,문경시,산북면,대상리,산16임,36,39,34,128,15,20,사유림,유수에 의한 농지 유실 억제와 배수기능 저하로 인한 월류피해 이력이 존재하여 인명과 재산의 보호를 위해 취약지역 지정을 제안함.,2025-12-29
경상북도,문경시,문경읍,평천리,산68-1임,36,47,57,128,7,8.999,사유림,퇴적물 유동으로 인해 인가 부근의 기슭이 파손되어 주민이 개인적인 소규모 기슭막이를 설비해놓음. 잦은 월류가 발생하여 지역 주민들이 불안감을 호소하고 있어 취약지역으로 지정하여 관리가 필요할 것으로 사료됨.,2025-12-29
경상북도,문경시,가은읍,하괴리,산176구,36,40,54,128,3,3.999,사유림,강우 시 월류가 우려되는 구간이 관찰됨. 풍화도가 높아 암 탈락 및 표층유실에 따른 토사유실구간이 관찰됨. 진입로 하부로 침식이 발생하여 훼손될 가능성이 매우 높음.,2025-12-29
경상북도,문경시,문경읍,진안리,산13-2임,36,44,20,128,5,30.999,사유림,"암반 풍화도가 높아 마사토(화강풍화토)화 된 구간이 다수 존재함. 표층유실, 세굴 등으로 인해 강우 시 토사유출가능성이 높음.",2025-12-29
경상북도,문경시,문경읍,당포리,856,36,44,47,128,10,33,사유림,기존 사방시설이 파손된 흔적이 관찰됨. 계류 내 퇴적물 비율이 높고 유동된 흔적이 관찰됨.,2025-12-29
경상북도,문경시,농암면,종곡리,산24임,36,36,3.862,127,59,28.239,사유림,하부 인가주변의 계류폭이 좁아 월류로 인한 인가와 경작지의 재산피해 이력이 존재함. 또한 220m 지점 부터 다수의 위험요소가 관찰되어 관리가 필요할 것으로 판단됨.,2025-12-29
경상북도,문경시,가은읍,완장리,산29-1임,36,40,17.3,127,59,55.599,사유림,계류 내부로 퇴적지가 다량 적치되어 있으며 사면부에서 유실된 토사가 계류 바닥으로 유입되고 있음. 또한 하부에 인가가 위치하고 있어 피해가 예상되므로 취약지역으로의 선정을 제안함.,2025-12-29
경상북도,문경시,가은읍,상괴리,711구,36,40,48.3,128,0,59.9,사유림,계상퇴적지가 발달하였으며 일부 구간에서 퇴적물의 유동흔적이 관찰됨. 또한 하부에 인가와 농경지가 인접하여 있어서 피해가 예상되므로 취약지역으로의 선정을 제안함.,2025-12-29
경상북도,문경시,가은읍,상괴리,산29-1임,36,40,49.3,128,0,48.2,사유림,침식에 의한 토사유출과 계상퇴적지가 발달하였음. 하부에 농막 및 경작지가 위치하고 있어 시설물 보호를 위해 취약지역으로의 지정을 제안함.,2025-12-29
경상북도,문경시,가은읍,죽문리,616임,36,38,59.9,127,59,8.8,사유림,"계류 전 구간에 전석과 뜬돌이 다수 관찰되고, 일부 구간에 계상퇴적지가 적치되어 있으므로 취약지역으로의 선정을 제안함",2025-12-29
경상북도,문경시,가은읍,죽문리,산44임,36,39,10.6,127,59,23.499,사유림,토석류 흔적 및 계상퇴적지가 관찰되므로 취약지역으로의 선정을 제안함,2025-12-29
경상북도,문경시,가은읍,원북리,산37임,36,41,13.082,128,0,54.006,사유림,"좌, 우측 침식 및 세굴이 관찰됨. 전석이 다수 적치된 상태이므로 취약지역으로의 선정을 제안함",2025-12-29
경상북도,문경시,가은읍,원북리,599구,36,42,3.085,128,1,8.417,사유림,장마 시 유수와 퇴적물의 다량 이동으로 계류 전석 및 유송잡물이 다량 적치된 상태로 확인되어 취약지역으로 선정함,2025-12-29
경상북도,문경시,동로면,석항리,산411-1,36,47,28.997,128,21,22.883,사유림,사면에서 지속적인 토사 유출이 발생함. 하부에 과실수 및 인가에 피해가 우려됨으로 취약지역으로 지정,2025-12-29
경상북도,문경시,마성면,오천리,산39,36,40,37.962,128,8,15.919,사유림,계류내 표층유실이 있으며 강우 시 월류 발생이 우려되므로 하류 생활권 보호를 위해 취약지역으로 선정함,2025-12-29
경상북도,문경시,마성면,오천리,산31-1,36,40,34.719,128,8,33.453,사유림,"상부쪽 경사가 급하고 침식 및 붕괴 등이 위험요소가 관찰됨, 유역폭이 급격하게 넓어짐으로 위험요소의 확대 시 좌측 공장 및 하부 쪽 피해가 우려되어 취약지역으로 지정",2025-12-29
경상북도,문경시,점촌동,,산13-12,36,35,59.637,128,11,42.716,사유림,"계류 내 자갈, 모래, 낙엽 등 퇴적물이 유동한 흔적이 관찰되고 좌측 및 하부에 학교가 있음으로 취약지역으로 선정함",2025-12-29
경상북도,문경시,문경읍,지곡리,산93-1,36,45,54.796,128,6,46.483,사유림,100m아래 절과 인가가 있으며 계류 내 유송잡물 및 퇴적물이 다량 적치된 상태로 확인되어 취약지역으로 선정,2025-12-29
경상북도,문경시,마성면,상내리,907임,36,41,37,128,3,24,사유림,사면부 토석이 유하되어 피해 이력이 있는 대상지임,2025-12-29
경상북도,문경시,영순면,율곡리,산38임,36,33,9.576,128,13,54.988,사유림,"대상지 사면에 인접한 도로 바로 아래에 인가가 위치하고, 당 사면은 침식이 다소 높게 진행 중이며, 대상지 내에 반대사면으로 넘어가는 소로에 부분적인 침식 흔적이 있음",2025-12-29
경상북도,문경시,영순면,이목리,산57-1임,36,33,20.121,128,15,52.219,사유림,"침식이 다수 발생되었으며, 본 대상지와 인가가 인접하게 위치하고 있음",2025-12-29
경상북도,문경시,가은읍,민지리,산120임,36,35,56,128,0,52,사유림,인가와 인접한 사면에서 지속적인 침식이 발생하여 표층유실이 진행중이며 일부 구간으로 표층유실 및 암괴가 발견되어 하부에 인가에 피해가 우려됨,2025-12-29
경상북도,문경시,동로면,간송리,산8-1임,36,45,27,128,19,31.999,사유림,"사면 침식, 표층유실이 일부 진행된 곳으로 일부 구간에는 포행도 발견되어 잠재적 위험성이 있다고 판단됨",2025-12-29
경상북도,문경시,문경읍,진안리,산39-2임,36,44,18,128,5,2,사유림,"전반적으로 중경사를 이루고 있으나 인가와 인접한 사면의 경사가 급하고 당 사면에 전석, 암괴 등이 다량 노출 되어 피해가 우려됨",2025-12-29
경상북도,문경시,산북면,우곡리,산20-1임,36,42,20,128,14,44,사유림,"대상지 사면이 급경사로 이루어져 있고, 세굴 및 침식으로 인한 전석, 암괴의 다량 노출이 발견됨 일부 구간에는 포행이 진행중인 형태가 발견 되며, 사면 곳곳에 자갈, 쇄석 등이 노출되어 있음",2025-12-29
경상북도,문경시,영순면,말응리,산2임,36,33,21,128,15,15,사유림,"토사수로의 세굴 및 도로변 절취사면의 세굴, 침식이 발견되었으며 계곡부 양안에 세굴 흔적과 침식 및 암괴가 발견되어 강우 시 하부인가 피해의 우려가 있음",2025-12-29
경상북도,문경시,영순면,말응리,산90임,36,32,24.323,128,15,24.029,사유림,인가와 인접한 대상지로 사면 내 표층유실과 세굴이 하부 인가로 유입되고 있음,2025-12-29
경상북도,문경시,문경읍,지곡리,산123,36,45,41.12,128,6,46.267,사유림,"계류 주변부 토사구간 세굴, 침식된 상태로 토사 유실 우려",2025-12-29
경상북도,문경시,문경읍,관음리,551,36,48,36.054,128,8,9.712,사유림,"계류 조사결과 계류 내 침식과 붕괴가 진행중이며, 계류의 황폐화가 진행되고 있으며 일부지역 수목전도로 인해 추가피해가 예상됨으로 취약지역으로 선정함",2025-12-29
경상북도,문경시,문경읍,관음리,산77,36,48,39.349,128,7,57.942,사유림,"다수의 붕괴지 및 침식된 토석류의 퇴적이 발견되었으며, 강우시 하부에 토석류에 의한 피해가 발생할 수 있음에 취약지역으로 선정",2025-12-29
경상북도,문경시,가은읍,갈전리,산42-7,36,38,2.989,128,4,42.023,사유림,"인접 사면에서 토석류, 유하수로 인한 주민의 피해가 우려되는 지역임으로 산사태 취약지역으로 선정함",2025-12-29
경상북도,문경시,가은읍,하괴리,산165,36,39,16.883,128,2,51.844,사유림,일부구간 사면 침식의 흔적 및 급경사지에서의 피해 흔적이 발견되었으며산사태위험등급 또한 1등급이 분포함으로 취약지역으로 선정함,2025-12-29
경상북도,문경시,문경읍,진안리,산12-2,36,44,11.383,128,5,36.409,사유림,유역은 크지 않으나 사면 조사결과 다수의 전도된 수목이 발견되었으며 배수시설이 설치되어 있지 않아 강우 또는 호우시 잠재적 피해의 우려가 있음으로 취약지역으로 선정함,2025-12-29
경상북도,문경시,문경읍,진안리,산23-1,36,44,30.965,128,5,7.95,사유림,인접사면의 산림훼손지에서 붕괴의 흔적이 발견되었으며 산사태 위험등급 2등급이상 분포하고 있음으로 취약지역으로 선정함,2025-12-29
경상북도,문경시,문경읍,팔영리,산1-1,36,44,47.892,128,8,40.595,사유림,"우측사면 기존 석축이 붕괴되었으며 사면 내 토사유출, 낙석의 위험이 존재함으로 취약지역으로 선정함",2025-12-29
경상북도,문경시,가은읍,완장리,산93구,36,40,44.086,127,59,22.781,사유림,"계류의 유역규모가 크고, 종단물매가 비교적 급한 계류로 계상에 다수의 돌, 전석 등의 퇴적지가 관찰되고 계안의 표층유실 및 소규모 붕괴지가 관찰됨",2025-12-29
경상북도,문경시,가은읍,완장리,산33-1임,36,40,3.706,128,0,0.011,사유림,"대상지의 유역규모는 작으나, 계상퇴적지가 다수 관찰되고, 계안의 침식지가 다수관찰되어 토사유출이 진행중인 계류임",2025-12-29
경상북도,문경시,가은읍,상괴리,723구,36,39,34.272,128,1,13.814,사유림,"대상지 유역의 규모가 비교적 크고,상부에 벌채지가 존재하고, 계안에 침식지 및 붕괴지가 관찰되며, 계상에 다수의 돌,전석 등의 퇴적물이 관찰되어 계류의 황폐화가 상당히 진행중임",2025-12-29
경상북도,문경시,가은읍,상괴리,711구,36,40,48.424,128,0,59.404,사유림,계류 내 사방사업이 시행된 대상지로 취약지역으로 지정하여 추후 피해여부를 모니터링하고자 함,2025-12-29
경상북도,문경시,가은읍,상괴리,산52임,36,39,34.323,128,1,13.406,사유림,계류 내 사방사업이 시행된 대상지로 취약지역으로 지정하여 추후 피해여부를 모니터링 하고자 함.,2025-12-29
경상북도,문경시,가은읍,작천리,854-4구,36,38,51.564,128,1,48.796,사유림,계류애 사방사업이 시행된 대상지로 취약지역으로 지정하여 추후 피해여부를 모니터링 하고자 함,2025-12-29
경상북도,문경시,마성면,상내리,1153구,36,41,24.882,128,3,29.1,사유림,"계류의 집수구역이 비교적 크고 종단물매가 상당히 급한 계류로 조사구간 전 구간에 걸쳐 침식지가 존재하고 계상에 돌,전석 증이 퇴적되어 하부로 이동시 피해가 예상됨",2025-12-29
경상북도,문경시,마성면,상내리,산136-3임,36,41,32.551,128,3,25.529,사유림,"계류의 종단물매가 상당히 급하고 일부구간 침식지가 존재하고 계상에 자갈,돌 등의 퇴적물이 존재하여 하부로 이동시 피해가 예상됨",2025-12-29
경상북도,문경시,마성면,하내리,산12-7목,36,39,35.009,128,6,21.525,사유림,"본대상지는 거산리 '덕골'에 위치한 산지계류이며 2020년 호우 피해지역으로 복구사업이 진행되었으나,추가적인 붕괴가 발생하였음일부 산각이 무너져 토사유출 등의 피해가 발생하였으나, 피해는 경미한 편으로 지속적인 관찰이 필요할 것으로 사료됨",2025-12-29
경상북도,문경시,마성면,신현리,산8-2임,36,40,13.565,128,7,42.699,사유림,"집수유역이 크코, 계안 침식지가 관찰되며, 계상에 다량의 전석 등의 퇴적물이 존재하며 집중호우 시 하부의 피해가 우려됨.",2025-12-29
경상북도,문경시,마성면,오천리,산50구,36,41,7.423,128,8,1.928,사유림,계류 내 사방사업이 시행된 대상지로 취약지역으로 지정하여 추후 피해여부를 모니터링하고자 함,2025-12-29
경상북도,문경시,마성면,오천리,산7-2임,36,41,17.477,128,8,23.013,사유림,"계류의 유역면적이 비교적 크고, 조사구간 전구간에 걸쳐 계안침식지와 토사 등의 퇴적지가 관찰되고, 일부구역 붕괴지가 관찰되는 등 토사유출이 상당히 진행중인 계류임.",2025-12-29
경상북도,문경시,마성면,외어리,산52-1임,36,42,15.551,128,8,43.207,사유림,"사면은 높지 않으나, 풍화암반에서 이완된 암석의 낙석가능성이 있음.",2025-12-29
경상북도,문경시,문경읍,각서리,산63임,36,44,33.819,128,4,25.015,사유림,"대상지의 유역규모는 비교적 작으나 계상 전구간에 걸쳐 자갈, 돌 등의 퇴적물이 존재하고, 계안 일부구간에 침식과 표층유실이 진행되어 토사유출이 진행중인 계류임.",2025-12-29
경상북도,문경시,문경읍,상초리,산21-3임,36,45,51.874,128,4,43.871,사유림,"집수면적이 크고, 급경사 계류 내 침식지가 존재하고, 계상에 다량의 전석, 암괴 등의 퇴적물이 존재하여 하부로 이동시 피해가 우려됨.",2025-12-29
경상북도,문경시,문경읍,지곡리,산28임,36,44,56.708,128,7,18.841,사유림,종계류의 집수면적은 소규모이나 존단물매가 비교적 급하고 하류부는 경작지의 계류는 형태가 희미한 상태이며 계류내 일부구간 표층유실과 침식지가 관찰되며 조사구간 전구간에 걸쳐 계상에 퇴적물이 관찰되어 하부로 이동 시 피해가 우려 됨,2025-12-29
경상북도,문경시,문경읍,평천리,산89-1임,36,47,37.363,128,7,14.851,사유림,"일부구간 계안 침식지가 관찰되며 암반계안의 풍화가 심해 이완된 암석이 탈락하여 계상에 퇴적되고 있으며, 계상 퇴적지가 관찰되어 하부로 이동시 피해가 우려됨",2025-12-29
경상북도,문경시,문경읍,평천리,889구,36,47,39.113,128,7,54.853,사유림,계류의 집수면적이 비교적 크고 계류 내 사면의 침식과 표층유실이 관찰되며 일부구간 퇴적지가 관찰됨. 경작지 주변 일부구간이 유역면적에 비해 통수단면적이 작아 집중호우시 하부의 피해가 우려됨.,2025-12-29
경상북도,문경시,문경읍,용연리,산15임,36,46,46.51,128,9,48.064,사유림,"계류의 집수면적이 작고, 종단경사는 비교적 완만하나, 계안에 다수의 침식이 관찰되고, 조사구간 전구간에 걸쳐 지속적인 퇴적이 관찰되어 집중호우시 하부로 이동할 경우 피해가 우려됨.",2025-12-29
경상북도,문경시,문경읍,갈평리,산66-1임,36,47,33.135,128,9,51.868,사유림,계류 내 사방사업이 시행된 대상지로 취약지역으로 지정하여 추후 피해여부를 모니터링하고자 함,2025-12-29
경상북도,문경시,문경읍,관음리,산115-1임,36,48,35.623,128,8,8.998,사유림,계류 내 사방사업이 시행된 대상지로 취약지역으로 지정하여 추후 피해여부를 모니터링하고자 함,2025-12-29
경상북도,문경시,문경읍,관음리,산77임,36,48,42.358,128,7,53.962,사유림,계류의 유역면적이 작고 종단물매가 비교적 완만하지만 계상퇴적지가 다수 분포하고 있으며 ㅊ좌측계안 침식이 조가구간 전구간에 걸쳐 관찰되며 토사유출이 진행중인 계류임,2025-12-29
경상북도,문경시,동로면,생달리,산72임,36,48,51.2,128,15,41.623,사유림,계류의 유역면적이 크고 계상에 전구간에 걸쳐 다수의 전석 및 돌 등의 퇴적물이 존재하며 일부구간 길하부 계안의 침식이 관찰되어 집중호우시 길의 유실과 전석 등의 퇴적물의 이동으로 인한 피해가 우려됨,2025-12-29
경상북도,문경시,농암면,내서리,산19임,36,33,54.655,127,57,50.611,사유림,계류의 집수면적이 크고 계류 하부 계상에 다량의 돌 전석 등의 퇴적물이 관찰되며 조사구간 시점부는 계류가 얕아 월류가 우려됨,2025-12-29
경상북도,문경시,산북면,내화리,산45임,36,41,13.1,128,16,16,사유림,"본 대상지 평균경사도는 42°의 절험지로 사면의 암석이 노출되어 있으며, 노출된 암석이 풍화됨에 따라, 낙석의 위험이 존재함. 또한, 사면에 중경목 활엽수림이 자라고 있으며, 임목의 성장에 따라, 전도가능성이 있어, 일부 수목의 벌목이 필요함. 현장조사 결과, 절험지 하면에 인가가 연접하여 있으며, 낙석과 수목의 전도위험이 존재함",2025-12-29
경상북도,문경시,산북면,대하리,산47임,36,40,17.7,128,15,15,사유림,"본 대상지 평균경사도는 24°의 급경사지로 인가와 연접하여 있으며, 사면 절토부의 피복이 부족하여 토양이 노출되어 토사유출이 발생함. 사면과 인가 사이에 배수시설이 존재하지 않으며, 일부 인가는 사면과 밀접하여 있어, 호우 시 유수에 의한 피해가 발생할 우려가 높음. 현장조사 결과, 사면을 절토하여 인가를 지었으나, 사면 절토부의 경사가 급하며, 사면과 인가 사이 배수시설이 존재하지 않아 호우시 유수의 침투와 토사유입이 발생하고 있음",2025-12-29
경상북도,문경시,산북면,우곡리,산20임,36,42,26.6,128,14,14,사유림,"본 대상지 평균경사도는 34°의 절험지로 경사가 급하여, 사면 상부에서 발생한 낙석이 인가의 벽과 농경지로 떨어지는 피해가 발생함 사면에 모암의 일부 노출되어 풍화되고 있으며, 교목 및 아교목 수목은 밀도 가 높게 생육하고 있으나 관목의 밀도가 낮음. 현장조사 결과, 인가 배후의 사면으로 절험지의 사면으로 경사가 가파르며, 사면에 부분적으로 암반이 돌출되어 있고 돌출된 암반이 풍화되며 낙석이 발생하여, 인가 피해가 발생함. 또한 수목이 높은 밀도로 자라고 있으나, 하층 관목의 밀도가 낮아, 낙석을 방지하지 못함",2025-12-29
경상북도,문경시,산양면,봉정리,산73-2임,36,37,43.1,128,14,14,사유림,"본 대상지 평균경사도는 42°의 절험지로 가파른 경사로 암반 노출이 많은 암반사면으로 구성되어 있으며, 사면 상부 침엽수림이 밀한 밀도로 생육하고 있음. 현장조사 결과, 암반사면의 암반에서 균열이 발견되며, 사면 하부에 암반에서 분리된 낙석이 퇴적되어 있고 또한, 암반사면 상부의 가장자리에 중경목 수목이 자리하고 있어 도복 위험이 존재함",2025-12-29
경상북도,문경시,호계면,부곡리,산8-1임,36,41,1.8,128,12,12,사유림,"본 대상지 평균경사도는 58°의  절험지의 암반사면으로 사면하부에 마을 쉼터와 인가 1동이 위치하고 있음. 석회질 퇴적암으로 구성된 암반이 층리 및 절리의 풍화에 따라 암편의 형태로 낙석 발생의 위험이 높아지고 있으며 현장조사 결과, 퇴적암의 특성에 따라 큰 붕괴보다는 소규모 낙석이 지속적으로 생성될 것으로 판단되며, 일부 수목의 도복이 발생할 수 있음. 인가 배후는 비교적 사면이 높이가 낮고 죽림이 조성되어 위험도가 낮으며, 사면하부의 낙석에 대한 주의가 필요함",2025-12-29
경상북도,문경시,동로면,수평리,산45-1임,36,43,19.366,128,18,18,사유림,"본 대상지 평균경사도는 35°의 절험지로 경사가 매우 급하며, 토사사면으로 구성되어 있으나 일부 암석이 노출되어 있음. 현장조사 결과, 노출된 암석이 풍화되어 일부 낙석이 발생 할 수 있으며, 인가 배후로 우천시 유수가 흘러내리는 것으로 확인되며 사면 상부에 낙석방지책을 설치하였으나, 규모가 협소하여 인가 좌측을 낙석에 노출되어 있음 ",2025-12-29
경상북도,문경시,농암면,지동리,산13-1임,36,33,42.045,128,3,3,사유림,"본 대상지 평균경사도는 23°의  급경사지로 경사가 가파르며, 인가배후의 사면으로 침식으로 인한 토사유출이 발생하여 임시조치를 취하였으나, 피해가 확산될 것으로 판단됨. 또한 마을 농기구 창고 배후의 사면은 창고 건설을 위해 사면을 절토한 곳으로, 절토사면이 노출되어 차후 침식과 붕괴 피해가 예상됨. 현장조사 결과, 인가와 마을 농기구 창고 건축을 위하 사면을 훼손한 곳으로 절토부위가 노출되어 토사유출이 진행되고 있으며, 호우 시 사면을 막아줄 임분이 없어 침식이 가속화 될 것으로 사료됨",2025-12-29
경상북도,문경시,농암면,화산리,산3임,36,34,52.583,127,59,59,사유림,"본 대상지 평균경사도는 28°의  험준지로 경사가 가파른 편이며, 수목이 밀하게 생육하고 있어 사면 내 환경은 비교적 안정적이나, 사면 안정해석 결과 우기 시 사면 중하부의 붕괴 위험이 높은 것으로 나타남. 또한, 인가 배후의 사면에 토양 침식으로 수목의 뿌리가 노출되어 있으며, 수목 전도 시 인가 피해가 발생할 것으로 판단됨",2025-12-29
경상북도,문경시,동로면,간송리,산114임,36,44,0.537,128,18,18,사유림,"본 대상지 평균경사도는 30°의 절험지로 경사가 비교적 가파르며 인가와 연접하여 있고 사면을 따라 절토사면이 길게 이어져 있으며, 절토부가 노출되어 지속적으로 침식과 토사유출이 발생하고 있음. 절토부에 뿌리가 노출된 수목의 전도 위험이 있으며, 호우 시 사면 붕괴가 발생할 우려가 존재함. 현장조사 결과, 산림재해 발생 위험이 존재하는 곳으로 절토부위 사면이 노출되어 있으며, 사면과 인가가 연접하여 피해 발생시 인명 및 재산피해 발생위험이 높은 편임",2025-12-29
경상북도,문경시,모전동,,산16임,36,35,36.724,128,10,10,사유림,"본 대상지는 모전동 ‘모전초등학교’배후에 위치한 산지계류로 계류의 유출구에 ‘모전초등학교’가 위치하고 있음계류 상류의 경사가 가파르며, 계안의 암반이 노출되고 있고, 계상 석력의 유하와 유목이 발생하여, 산지토사재해 발생 우려가 존재함",2025-12-29
경상북도,문경시,산북면,김용리,산11임,36,44,36.869,128,13,13,사유림,"본 대상지는 긺용리 ‘김용사’에 인접한 산지계류로 계류 하부에 ‘김용사’ 사찰이 위치하고 있음계류에 기슭막이, 바닥막이 등이 설치되어 있으며, 계류 하부 기슭막이의 일부 파손이 발생하였고, 계류 상부 석력이 다량 적채되어 있음",2025-12-29
경상북도,문경시,호계면,봉서리,산10-2임,36,37,12.376,128,12,12,사유림,"본 대상지는 봉서리에 위치한 산지계류로, 계류 우안에 다수의 묘지와 계류 하부 인가 1동이 위치함소계류가 발달하고 있는 곳으로, 마사토 토양의 토사유출이 관찰되며, 침식의 확대가 빠르게 진행될 것으로 사료됨",2025-12-29
경상북도,문경시,동로면,수평리,산42임,36,43,34.802,128,18,18,사유림,"본 대상지는 수평1리마을 상류에 위치한 산지계류로 계류 하부 도로시설과 인가1동이 위치하고 있음대상 계류의 경사가 다소 가파르며, 계상에 석력이 다량 적채되어 있고, 시뮬레이션 결과 인명 및 재산 피해가 발생할 위험이 확인되어 A등급으로 판정함",2025-12-29
경상북도,문경시,동로면,간송리,1093,36,44,58.197,128,20,20,사유림,본 대상지는 간송리에 위치한 산지계류로 계류 인근 농경지가 위치하여 있음대상 계류의 유역면적이 약250ha로  대야계이며 호우 시 유수의 집중에 의한 피해 발생위험이 높은 곳으로 B등급으로 판정함,2025-12-29
경상북도,문경시,농암면,종곡리,산39임,36,36,2.1,127,59,59,사유림,본 대상지는 종곡리 ‘북실골’ 상류에 위치한 산지계류로 계류 하류에 인가1동 및 경작지가 위치하고 있음대상 계류 계안의 암반이 노출되어 암편이 발생하고 있으며 계안의 침식으로 토사유출 등의 피해가 발생하였음,2025-12-29
경상북도,문경시,산북면,대하리,산56-4,36,39,54.664,128,15,15,사유림,"본 대상지는 대하리에 위치한 산지계류로 계류 하부에 축사 및 인가가 위치하여 있음대상 계류의 상부에 벌채지가 존재하며, 2020년 호우 피해가 발생한 지역으로 토심이 깊으며, 계류의 상류에 침식이 발생하고 있어 지속적인 관찰이 필요한 지역임",2025-12-29
경상북도,문경시,산북면,거산리,산126-1,36,43,36.19,128,14,14,사유림,"본 대상지는 거산리 ‘덕골’에 위치한 산지계류로 계류 하부 농경지가 위치하며, 2020년 호우로 인해 산지토사재해가 발생한 지역임2021년 산지사방으로 복구사업이 진행되었으나 계안 상부의 추가 붕괴가 발생하였으며, 추가적인 사업보다 지속적인 관찰이 권장됨",2025-12-29
경상북도,문경시,농암면,화산리,산25-1,36,35,26.4,127,59,59,사유림,"본 대상지는 화산리 ‘연엽골’에 위치한 산지계류로 계류 상부 인가가 존재하며, 유출구 하류 마을이 위치하고 있음계류의 침식 및 붕괴가 관찰되며, 전석 및 석력이 다량 적채되어 있어 계류가 매우 불안정하며 산지토사재해의 발생 우려가 다소 높은 지역임",2025-12-29
경상북도,문경시,영순면,이목리,산60임,36,33,20.056,128,15,49.016,사유림,"계류내 일부구간의 침식지가 관찰되고, 다수의 구간에서 수목의 전도가 관찰되며, 일부구간 계상에 전석이 존재하여 집중호우시 하부 인가의 피해가 우려됨.",2025-12-29
경상북도,문경시,영순면,이목리,산68임,36,33,20.951,128,15,40.045,사유림,"계류의 종단물매가 급하고, 계류내 다수의 구간에서 침식으로 인한 토사유출이 진행중이고, 다수의 구간에서 수목의 전도가 관찰되는 등 계류의 황폐화가 상당히 진행중임.",2025-12-29
경상북도,문경시,공평동,,산107-1임,36,37,5.765,128,10,15.436,사유림,"집수구역내 벌채지가 존재하고, 유출구에 배수시설이 존재하지 않으며, 일부구간 계류의 형태가 희미하여 월류가능성이 존재함.",2025-12-29
경상북도,문경시,호계면,구산리,산12임,36,38,36.452,128,12,52.477,사유림,"사면의 토심이 깊고, 인가 배후 사면내 넓은 구간에 토사유출이 진행되어 인가의 피해 발생 이력이 있음.",2025-12-29
경상북도,문경시,산북면,지내리,307임,36,38,42.944,128,19,29.894,사유림,"좌측 사면 상부 인가의 붕괴 이력이 있고, 인가 배후 사면내 침식으로 인한 토사유출이 진행중임.",2025-12-29
경상북도,문경시,산북면,지내리,산43임,36,38,42.114,128,19,47.649,사유림,인가 배후 사면하부에 침식으로 인한 토사유출이 진행중임.,2025-12-29
경상북도,문경시,산북면,가곡리,144-1임,36,40,15.399,128,18,23.233,사유림,"계류의 종단물매가 급하고, 수목의 전도가 다수 관찰되며, 계상에 다수의 전석이 존재하여 집중호우시 하부의 피해가 우려됨.",2025-12-29
경상북도,문경시,산북면,석봉리,249전,36,42,49.491,128,13,4.378,사유림,"계류내 일부구간에서 슬라이딩에 의한 퇴적지가 관찰되고, 일부구간 계안의 침식으로 인한 토사유출이 진행중임.",2025-12-29
경상북도,문경시,산북면,석봉리,969-1구,36,43,26.222,128,12,20.86,사유림,"계안의 침식으로 인한 토사유출이 진행중이고, 다수의 전도목이 관찰되며계류내 일부구간에 돌, 전석 등의 퇴적물이 관찰되어 집중호우시 하부의 피해가 우려됨.",2025-12-29
경상북도,문경시,산북면,소야리,산45임,36,43,55.704,128,16,25.931,사유림,"일부구간 계안에 마사암 풍화와 침식으로 인한 토사유출이 진행중이고, 다수의 구간 계상에 돌, 전석 등의 퇴적물이 관찰되어 집중호우시 하부 인가의 피해가 우려됨.",2025-12-29
경상북도,문경시,산북면,거산리,산81임,36,44,4.271,128,14,51.36,사유림,"계류내 일부구간 계안 침식으로 인한 토사유출이 진행중이고, 계상에 간헐적으로 전석이 관찰되며, 일부구간의 계류의 형태가 희미해 월류가능성이 존재하여 집중호우시 하부 인가의 피해가 우려됨.",2025-12-29
경상북도,문경시,산북면,거산리,산106임,36,43,59.707,128,14,27.245,사유림,"계류내 일부구간에 침식으로 인한 토사유출이 진행중이며, 계상에 다수의 돌, 전석 등의 퇴적물이 관찰되어 집중호우시 하부의 피해가 우려됨.",2025-12-29
경상북도,문경시,산북면,호암리,산55임,36,45,48.771,128,14,32.501,사유림,"계류내 일부구간의 침식지가 관찰되며, 이로인한 수목의 뿌리노출이 발생하고 있으며, 다수의 구간에 돌, 전석 등의 퇴적물이 관찰되어 집중호우시 하부 인가의 피해가 우려됨.",2025-12-29
경상북도,문경시,산북면,창구리,산8임,36,45,56.089,128,14,52.789,사유림,"과거 토사 유출로 인한 피해 이력이 있으며, 계안의 다수의 구간 계안에서 침식이 진행중이고, 일부구간 퇴적으로 인한 물길이 불안정하며, 수목의 전도로 인한 통수 방해 구간이 존재함.",2025-12-29
경상북도,문경시,산북면,가좌리,산66-5임,36,46,41.658,128,13,53.521,사유림,"침식지가 넓은 구간에 관찰되고, 운재로 개설로 인한 붕괴지가 관찰되는 등 토사유출이 상당히 진행중인 계류임.",2025-12-29
경상북도,문경시,동로면,노은리,산108임,36,46,32.049,128,17,1.126,사유림,과거 주택 배후 소골에서 토사유출로 인한 피해이력이 있음,2025-12-29
경상북도,문경시,동로면,생달리,산74-1임,36,48,57.296,128,15,48.11,사유림,"암반사면 내 절리방향이 직각방향으로 불리하고, 사면내 일부 이완암이 관찰되어 낙석이 우려됨.",2025-12-29
경상북도,문경시,동로면,생달리,산8-1임,36,48,51.872,128,15,45.103,사유림,"도로부 절취사면 하부 토사유출과 소규모 낙석이 관찰되며, 일부 뜬돌이 관찰됨.",2025-12-29
경상북도,문경시,문경읍,팔영리,산238임,36,45,18.477,128,7,58.861,사유림,"계류의 종단물매가 급하고, 계폭이 좁고, 계상이 낮아 월류가능성이 존재하여 하부 경작지와 인가의 피해가 우려됨.",2025-12-29
경상북도,문경시,문경읍,당포리,산21-1임,36,45,14.514,128,9,53.297,사유림,"계류의 종단물매가 매우 급하고, 계상에 상당량의 전석이 존재하여 집중호우시 하부 인가의 피해가 우려됨.",2025-12-29
경상북도,문경시,문경읍,당포리,산121임,36,45,18.193,128,8,59.228,사유림,일부구간 사면하부에 암반의 균열과 뜬돌이 관찰됨.,2025-12-29
경상북도,문경시,문경읍,당포리,산123임,36,45,22.315,128,9,3.812,사유림,"계류의 종단물매가 급하고, 계류내 다수의 구간에 돌, 전석 등의 퇴적물이 존재하여 집중호우시 하부 인가의 피해가 우려됨.",2025-12-29
경상북도,문경시,마성면,상내리,산76임,36,41,7.794,128,4,10.938,사유림,"도로 절취부 사면내 이완암이 다수 관찰되고, 도로부 낙석의 펜션 피해이력이 다수 존재함.",2025-12-29
경상북도,문경시,마성면,상내리,산68임,36,41,49.521,128,4,18.164,사유림,"계류의 유역규모가 크고, 종단물매가 급하며, 계상에 다량의 전석 등의 퇴적물이 존재하여 집중호우시 하부 인가의 피해가 우려됨.",2025-12-29
경상북도,문경시,마성면,하내리,산228임,36,39,8.931,128,4,39.059,사유림,"계류의 종단물매가 급하고, 수목의 전도가 일부 관찰되고, 일부구간 계안의 침식으로 인한 토사유출이 진행중이며, 계상에 돌, 전석 등의 퇴적물이 존재하여 집중호우시 하부의 피해가 우려됨.",2025-12-29
경상북도,문경시,가은읍,왕능리,산20임,36,38,45.504,128,4,19.01,사유림,"계류내 전석이 간헐적으로 존재하고 계폭이 좁고 낮으며, 일부구간 계상에 전석이 다수 존재함.",2025-12-29
경상북도,문경시,가은읍,하괴리,968구,36,39,54.442,128,2,38.426,사유림,"계류의 종단물매가 급하고, 계류내 수목전도가 다수 관찰되며, 계상에 다수의 자갈, 돌 등이 퇴적되어 있고, 일부구간 계상이 낮아 월류가능성이 존재함.",2025-12-29
경상북도,문경시,가은읍,하괴리,산67임,36,39,44.178,128,2,25.682,사유림,"계류내 일부구간 계안의 침식지가 관찰되고, 다수의 구간 계상에 토석 퇴적물이 존재하여 집중호우시 하부 인가의 피해가 우려됨.",2025-12-29
경상북도,문경시,가은읍,원북리,595구,36,41,33.452,128,1,8.583,사유림,"계류의 유역규모가 크고, 종단물매가 급하며, 계류내 상당량의 전석이 존재하여 집중호우시 하부 인가의 피해가 우려됨.",2025-12-29
경상북도,문경시,가은읍,원북리,산1-1임,36,41,39.018,128,1,9.832,사유림,"계류의 종단물매가 급하고, 일부구간 계상에 전석이 관찰되며, 계안의 침식으로 토사유출이 진행중이며, 급경사 계류하부에 집수정이 깊게 시설되어 있어 신설도로로의 월류가 우려됨.",2025-12-29
경상북도,문경시,농암면,연천리,산116임,36,36,38.851,127,59,51.736,사유림,"계류의 종단물매가 매우 급하고, 일부구간 계상에 자갈, 돌 등의 퇴적물이 존재하며, 일부구간 계안에 침식으로 인한 토사유출이 진행중이며, 계상이 경작지 보다 높은 곳이 존재하여 월류가능성이 있음.",2025-12-29
경상북도,문경시,농암면,연천리,산32임,36,37,26.483,127,59,9.457,사유림,"계류의 종단물매가 매우 급하고, 일부구간 계상 퇴적으로 인해 계류의 형태가 희미해 월류가능 구간이 존재하며, 계상에 전석이 다수 퇴적되어 집중호우시 하부 인가의 피해가 우려됨.",2025-12-29
경상북도,문경시,농암면,연천리,산78임,36,37,24.45,127,59,49.071,사유림,"계류의 종단물매가 매우 급하고, 계류내 수목의 전도가 다수 관찰되고, 일부구간 침식으로 인한 토사유출이 진행중임.",2025-12-29
경상북도,문경시,농암면,화산리,산59임,36,34,59.976,127,57,53.236,사유림,"계류의 종단물매가 급하고, 계안의 침식지가 관찰되고, 이로 인한 수목의 뿌리노출이 관찰되며, 조사구간 전구간에 걸쳐 다량의 전석이 존재하여 집중호우시 하부의 피해가 우려됨.",2025-12-29
경상북도,문경시,농암면,화산리,932구,36,34,53.708,127,58,32.448,사유림,"계류의 유역규모가 상당히 크고, 종단물매가 비교적 급하며, 계상에 다량의 전석 등의 퇴적물이 존재하여 집중호우시 하부의 피해가 우려됨.",2025-12-29
경상북도,문경시,농암면,내서리,산53-7임,36,33,18.459,127,58,15.759,사유림,"절취사면 내 기반암에서 이완암이 관찰되고, 절리방향이 사면하부 방향으로 매우불리함.",2025-12-29
경상북도,문경시,농암면,율수리,산38임,36,33,38.382,128,0,21.473,사유림,"계류내 수목의 전도가 다수 관찰되고, 일부구간 계안의 침식지가 관찰되며, 조사구간 상류 계상에 다수의 전석이 관찰되어 집중호우시 하부 인가의 피해가 우려됨.",2025-12-29
경상북도,문경시,농암면,갈동리,산108임,36,33,30.881,128,1,13.693,사유림,"계류의 유역규모가 비교적 크고, 계류내 다량의 전석이 존재하여 집중호우시 하부 인가의 피해가 우려됨.",2025-12-29
경상북도,문경시,농암면,지동리,산57-3임,36,34,5.737,128,2,47.224,사유림,"계류의 종단물매가 비교적 급하고, 계안의 침식으로 인한 토사유출이 상당히 진행중이며, 일부구간 수목의 전도가 관찰되어 집중호우시 하부 인가의 피해가 우려됨.",2025-12-29
경상북도,문경시,농암면,선곡리,582-8구,36,33,11.421,128,2,14.813,사유림,"계류내 수목의 전도가 관찰되고, 계상에 다량의 전석이 퇴적되어 집중호우시 하부 인가의 피해가 우려됨.",2025-12-29
경상북도,문경시,마성면,신현리,산87임,36,39,37.482,128,7,5.849,사유림,계류 내 전 구간에서 유동가능 전석이 관찰되고 상부에는 침식으로 인한 토사유실이 관찰되어 호우시 하부 피해 우려됨.,2025-12-29
경상북도,문경시,공평동,,산207임,36,36,22.436,128,9,32.582,사유림,"토심이 깊고, 사면 상부의 침식으로 인한 수목의 뿌리노출과 토사유출이 진행중임",2025-12-29
경상북도,문경시,공평동,,산218-3임,36,36,11.551,128,9,14.781,사유림,계류 내 침식 및 토사유실이 관찰되고 다수의 구간에서 유동가능 전석이 존재해 호우 시 하부 농장 피해 우려됨.,2025-12-29
경상북도,문경시,점촌동,,428-27전,36,35,57.974,128,11,35.802,사유림,"사면내 일부구간의 침식으로 인한 토사유출이 진행중이며, 이로 인해 인가 배후 콘크리트블럭의 붕괴가 관찰됨",2025-12-29
경상북도,문경시,영순면,달지리,산2-2임,36,33,58.147,128,17,39.527,사유림,"사면의 경사가 매우 급하고, 일부구간 암반균열로 인한 이완암이 관찰되어 낙석이 우려됨",2025-12-29
경상북도,문경시,산양면,봉정리,산78임,36,37,46.613,128,14,13.42,사유림,풍화암반 상부 수목이 존재하여 뿌리로 인한 낙석이 관찰되고 일부 수목의 전도가 관찰됨,2025-12-29
경상북도,문경시,산양면,봉정리,산79-3임,36,37,46.629,128,14,13.748,사유림,"사면 하부의 경사가 급하고, 일부구간 침식으로 인한 토사유출이 진행중임",2025-12-29
경상북도,문경시,산양면,봉정리,산82-3임,36,37,49.962,128,14,18.735,사유림,"인가와 사면이 인접하고 있으며, 토심이 깊으며, 사면내 일부구간의 침식으로 인한 토사유출이 진행중임",2025-12-29
경상북도,문경시,호계면,가도리,산56임,36,39,8.304,128,13,14.435,사유림,종단물매가 급하고 계폭이 좁으며 계류 내 토사유실 및 전도목이 다수 관찰되어 호우시 하부 인가 피해 우려됨.,2025-12-29
경상북도,문경시,호계면,부곡리,608임,36,41,23.756,128,11,32.738,사유림,"유역면적이 넓고 종단물매가 급하며, 계류 내 침식이 다수의 구간에서 관찰되고 지속적인 침식이 우려됨.",2025-12-29
경상북도,문경시,호계면,부곡리,642구,36,41,44.695,128,11,32.284,사유림,"토석류 피해 발생지로 유역면적이 넓고 종단물매가 급하며, 계류 내 다수의 구간에서 토사유실이 관찰되고 유동가능 전석이 산재해 있어 호우시 피해 우려됨.",2025-12-29
경상북도,문경시,산북면,대하리,503구,36,41,14.434,128,15,32.86,사유림,계류 내 사방사업이 시공중인 대상지로 산사태 취약지역으로 지정하여 추후 피해여부를 모니터링 하고자 함.,2025-12-29
경상북도,문경시,산북면,거산리,산4임,36,43,9.16,128,14,33.828,사유림,"계류가 불안정하고 황폐화 되어 있으며 일부 매몰된 곳이 존재하며, 다수의 구간에서 침식 및 유동가능 전석이 관찰되어 호우시 하부 피해 우려됨.",2025-12-29
경상북도,문경시,산북면,거산리,산10-1임,36,43,19.566,128,14,50.576,사유림,종단물매가 급하고 계류 내 토사유실 및 유동가능 전석이 다수의 구간에서 관찰되어 호우시 인접한 인가 피해 우려됨.,2025-12-29
경상북도,문경시,산북면,거산리,521구,36,44,7.581,128,14,27.035,사유림,유역면적이 넓고 계류 내 붕괴 및 토사유실이 진행중으로 호우시 하부 피해 우려됨.,2025-12-29
경상북도,문경시,산북면,전두리,59-1임,36,44,26.107,128,15,22.289,사유림,종단물매가 급하고 계류 내 토사유실 및 유동가능 전석이 다수 관찰되어 호우시 피해 우려됨.,2025-12-29
경상북도,문경시,산북면,월천리,673구,36,39,35.16,128,19,13.837,사유림,"다수의 구간에서 노출암이 관찰되고, 계류 내 토사유실 및 유동가능 전석이 관찰되어 호우시 하부 피해 우려됨.",2025-12-29
경상북도,문경시,동로면,인곡리,928구,36,42,41.61,128,18,7.433,사유림,유역면적이 넓고 계류 내 토사유실 및 유동가능 전석이 다수 관찰되어 호우시 하부 피해 우려됨.,2025-12-29
경상북도,문경시,동로면,수평리,874-6구,36,43,2.77,128,19,1.9,사유림,"종단물매가 급하며 계폭이 좁고, 계류 내 토사유실 및 유동가능 전석이 다수 관찰되어 호우시 피해 우려됨.",2025-12-29
경상북도,문경시,동로면,수평리,산27임,36,43,4.856,128,18,58.868,사유림,종단물매가 급하고 계류 내 토사 및 유동가능 전석이 관찰되어 호우시 하부 피해   우려됨.,2025-12-29
경상북도,문경시,동로면,간송리,1116-4구,36,44,31.27,128,18,54.54,사유림,계폭이 좁고 유수의 흐름이 원활하지 못하며 계상에 토사유실 및 유동가능 전석이  관찰되어 호우시 하부 피해 우려됨.,2025-12-29
경상북도,문경시,동로면,석항리,산122임,36,46,15.386,128,20,22.149,사유림,사면내 산사태 발생으로 인한 대규모 토사유출이 관찰됨,2025-12-29
경상북도,문경시,동로면,석항리,593임,36,47,20.838,128,20,24.003,사유림,계류 상부 급경사 사면의 붕괴로 인한 토사유출이 심각하게 진행중임,2025-12-29
경상북도,문경시,동로면,석항리,산22임,36,47,4.571,128,21,27.158,사유림,계류 내 복구사업이 시행중인 대상지로 산사태 취약지역으로 지정하여 추후 추가   피해 여부를 모니터링 하고자 함.,2025-12-29
경상북도,문경시,동로면,석항리,산19-1임,36,47,5.37,128,21,37.97,사유림,산사태 피해 발생지로 종단물매가 급하고 계류 내 토사유실 및 유동가능 전석이 다수 관찰되어 호우시 하부 피해 우려됨.,2025-12-29
경상북도,문경시,동로면,석항리,1329구,36,47,18.95,128,21,29.955,사유림,"유역면적이 넓고 계류 내 토석류의 유동흔적, 토사유실 및 전석이 관찰되어 호우시 하부 피해 우려됨.",2025-12-29
경상북도,문경시,동로면,석항리,산13-1임,36,47,15.017,128,21,31.515,사유림,"유역면적이 넓고 종단물매가 급하며, 계류 내 침식이 다수의 구간에서 관찰되고 유동가능 전석이 산재해 있어 호우시 하부 피해 우려됨.",2025-12-29
경상북도,문경시,동로면,노은리,산56임,36,45,51.531,128,18,21.535,사유림,"사면의 피복이 불량하고, 사면내 산사태 발생으로 인한 사방사업이 진행중에 있음",2025-12-29
경상북도,문경시,동로면,노은리,산57임,36,45,57.92,128,18,23.022,사유림,사면내 산사태 발생으로 인하여 하부에 누구침식이 발생함,2025-12-29
경상북도,문경시,동로면,노은리,산87-1임,36,46,19.814,128,18,11.261,사유림,계류 내 사방사업이 시공중인 대상지로 산사태 취약지역으로 지정하여 추후 피해여부를 모니터링 하고자 함.,2025-12-29
경상북도,문경시,동로면,적성리,산252임,36,46,38.594,128,17,3.561,사유림,계류 내 사방사업이 시공중인 대상지로 산사태 취약지역으로 지정하여 추후 피해여부를 모니터링 하고자 함.,2025-12-29
경상북도,문경시,동로면,적성리,산40임,36,46,55.287,128,19,44.439,사유림,종단물매가 급하며 계류의 통수능을 방해하는 요소가 존재하고 유동가능 전석이 산재해 있어 호우시 피해 우려됨.,2025-12-29
경상북도,문경시,동로면,명전리,산10임,36,50,56.358,128,16,50.659,사유림,사면상부 소규모 골의 침식으로 인한 인가로의 토사유출이 관찰됨,2025-12-29
경상북도,문경시,동로면,생달리,산59임,36,48,13.681,128,15,19.779,사유림,종단물매가 급하고 피해 발생으로 황폐화 되어 있으며 계상에 토사유실 및 유동가능 전석이 다수 관찰되어 호우시 추가 피해 우려됨.,2025-12-29
경상북도,문경시,문경읍,관음리,산111-1임,36,48,38.309,128,7,44.361,사유림,계류 내 토사유실 및 유동가능 전석이 산재해 있어 호우시 하부 피해 우려됨.,2025-12-29
경상북도,문경시,문경읍,팔영리,산204임,36,45,54.099,128,7,49.994,사유림,상부 농로 부근 사면의 붕괴로 인한 인가 피해발생,2025-12-29
경상북도,문경시,문경읍,팔영리,산27임,36,45,17.281,128,8,14.944,사유림,"종단물매가 급하고 상부에 전석이 다량 관찰되며, 주름관 매설 구간 상태가 불량하여 호우시 피해 우려됨.",2025-12-29
경상북도,문경시,문경읍,팔영리,산258임,36,44,59.971,128,8,4.931,사유림,"토심이 깊고, 사면내 누구침식으로 인한 토사유출이 상당히 진행중임",2025-12-29
경상북도,문경시,문경읍,상리,513구,36,44,49.879,128,6,13.544,사유림,종단물매가 급하고 계류 내 유동가능 전석이 산재해 있어 호우시 하부 피해 우려됨.,2025-12-29
경상북도,문경시,마성면,외어리,산167구,36,42,6.578,128,8,48.243,사유림,종단물매가 급하고 계상에 유동가능 전석이 전 구간에서 관찰되어 호우시 하부 피해 우려됨.,2025-12-29
경상북도,문경시,마성면,외어리,산94-1임,36,42,28.727,128,8,39.055,사유림,계류 내 침식 및 토사유실이 관찰되고 중간부이후 유동가능 전석이 다수 존재해 호우시 하부 피해 우려됨.,2025-12-29
경상북도,문경시,마성면,정리,405-1전,36,41,5.139,128,5,49.69,사유림,계폭이 좁고 수로가 설치되어 있으나 토심이 깊어 토사유실로 피해 우려됨.,2025-12-29
경상북도,문경시,가은읍,왕능리,산44-1임,36,38,39.067,128,3,36.003,사유림,일부구간 침식으로 인한 토사유출이 진행중임,2025-12-29
경상북도,문경시,가은읍,왕능리,574전,36,38,53.87,128,3,29.736,사유림,종단물매가 급하고 침식 및 토사유실이 관찰되고 계상에 유동가능 전석이 산재해   있어 호우시 피해 우려됨.,2025-12-29
경상북도,문경시,가은읍,원북리,산118구,36,41,11.235,128,1,23.189,사유림,"집수구역이 넓고 종단물매가 급하며, 전 구간에서 유동가능 전석이 관찰되어 호우시 하부 피해 우려됨.",2025-12-29
경상북도,문경시,가은읍,저음리,산66임,36,37,6.302,128,6,11.421,사유림,"토심이 깊고, 사면의 붕괴가 발생함.",2025-12-29
경상북도,문경시,가은읍,저음리,산49-1임,36,36,42.646,128,6,33.156,사유림,"사면 내 다수의 구간에서 표층유실, 침식, 붕괴 등으로 인한 토사유출이 상당히 진행중임",2025-12-29
경상북도,문경시,가은읍,갈전리,산45임,36,38,8.797,128,4,26.903,사유림,절토사면내 용출수로 인하여 사면의 표층유실 및 소규모붕괴지가 다수 관찰됨,2025-12-29
경상북도,문경시,가은읍,갈전리,산155임,36,38,8.132,128,4,0.591,사유림,급경사 계류로 계폭이 좁고 낮으며 계상에 유동가능 전석이 산재해 있어 호우시 하부 피해 우려됨.,2025-12-29
경상북도,문경시,가은읍,수예리,산195구,36,36,18.017,128,2,53.075,사유림,유역면적이 넓고 일부구간 침식 및 유동가능 전석이 중간부 이후로 다수 관찰되어  호우시 하부 피해 우려됨.,2025-12-29
경상북도,문경시,가은읍,수예리,산202구,36,36,3.572,128,3,2.079,사유림,유역면적이 넓고 토사유실 및 유동가능 전석이 다수의 구간에서 관찰되어 호우시   피해 우려됨.,2025-12-29
경상북도,문경시,가은읍,전곡리,산38-1임,36,36,41.297,128,0,53.025,사유림,"종단물매가 급하고, 계폭이 좁고 낮으며 계상에 유동가능 전석이 관찰되어 호우시   피해 우려됨.",2025-12-29
경상북도,문경시,농암면,화산리,911구,36,35,4.043,127,59,14.395,사유림,"계류 내 토사유실 및 유동가능 전석이 관찰되고, 물길 변경 구간이 관찰되며 일부   통수능을 방해하는 요소가 존재해 호우시 피해 우려됨.",2025-12-29
경상북도,문경시,농암면,율수리,산63임,36,34,1.528,128,0,15.525,사유림,"사면하부 기반암의 풍화가 발달해 있고, 일부구간 침식으로 인한 토사유출이 진행중임",2025-12-29
경상북도,문경시,농암면,율수리,산47임,36,33,21.824,128,0,16.617,사유림,유역면적이 넓고 경사도 완만하나 계상에 유동가능 전석이 다수 관찰되어 호우시   하부 피해 우려됨.,2025-12-29
경상북도,문경시,농암면,지동리,산63임,36,33,52.811,128,2,49.852,사유림,사면내 침식으로 인한 토사유출 흔적이 관찰되며 일부수목의 전도가 관찰됨,2025-12-29
경상북도,문경시,영순면,율곡리,산62-6임,36,32,20.499,128,13,15.287,사유림,"계류 내 월류로 인한 세굴이 관찰되고, 계상퇴적지가 존재하며, 토심이 깊어 호우 시 피해 우려됨.",2025-12-29
경상북도,문경시,우지동,,산7-6임,36,37,38.395,128,11,3.739,사유림,"사면내 다수의 전도목이 관찰되고, 토심이 깊고, 다발성 침석으로 토사유출이 진행중임",2025-12-29
경상북도,문경시,호계면,막곡리,산2임,36,38,9.37,128,12,24.028,사유림,"사면내 침식 및 붕괴로 인한 삿갓현상이 관찰되고, 토사유출이 심각하게 진행중이며, 수목의 뿌리가 노출되어 전도의 위험성이 존재함",2025-12-29
경상북도,문경시,호계면,지천리,산48임,36,40,2.568,128,14,29.396,사유림,"과거 토석류 피해이력이 있으며, 계류의 토심이 깊고 계류 내 대규모 침식 및 토사유실이 관찰되어 호우 시 하부 피해 우려됨.",2025-12-29
경상북도,문경시,호계면,선암리,산100임,36,41,47.001,128,12,25.764,사유림,"유역면적이 넓고, 토심이 깊은 계류로 종단 물매가 비교적 급하며, 계상에 유동가능 전석이 산재해 있어 호우 시 하부 피해 우려됨.",2025-12-29
경상북도,문경시,호계면,부곡리,642구,36,41,53.431,128,12,4.048,사유림,"대규모 유역으로 토심이 깊고, 종단 물매가 급하며, 계류 내 범람 및 물길이 불안정한 구간이 관찰되어 호우 시 피해 우려됨.",2025-12-29
경상북도,문경시,호계면,부곡리,산53임,36,41,50.859,128,11,26.254,사유림,"집수구역 상당구간이 벌채지이며, 계류의 토심이 깊고, 종단 물매가 급하며, 토석류 피해 발생 흔적이 관찰됨. 계류 내 침식 및 계상퇴적지가 관찰되고 물길 변경구간이 존재하며, 유출구와 인가가 인접해 있어 호우 시 피해 우려됨.",2025-12-29
경상북도,문경시,호계면,호계리,산119-1임,36,40,9.031,128,10,24.843,사유림,"유역면적이 매우 넓고 종단 물매가 급하며, 계류 내 다양한 입경의 토석들이 산재해 있고 물길이 불안정안 구간이 존재해 호우 시 피해 우려됨.",2025-12-29
경상북도,문경시,호계면,별암리,산6임,36,39,33.456,128,10,19.218,사유림,"유역면적이 넓고, 계류의 종단 물매가 매우 급하며, 계상에 다양한 입경의 석력이 산재해 있어 호우 시 유출구와 인접한 인가 피해 우려됨.",2025-12-29
경상북도,문경시,불정동,,산46임,36,37,49.647,128,8,21.84,사유림,"계류의 토심이 깊고 종단 물매가 급하며, 계류 내 돌골막이가 시설되어 있으나 일부 파손이 관찰되고 물길 변경 구간이 존재하며, 계안의 침식이 다수 관찰됨.",2025-12-29
경상북도,문경시,마성면,상내리,산22임,36,41,2.017,128,4,40.357,사유림,"유역면적이 넓고, 계류의 종단 물매가 급하며, 계상에 다량의 석력 파편과 전석이 존재함.",2025-12-29
경상북도,문경시,마성면,상내리,산190임,36,40,30.917,128,4,18.09,사유림,직하부에 인가가 위치해 있으며 계류 내 유동가능 전석이 존재해 호우 시 피해 우려됨.,2025-12-29
경상북도,문경시,마성면,상내리,산186임,36,40,31.212,128,3,38.414,사유림,"집수면적이 크고, 집수구역 대부분이 벌채지이며, 계류 내 다양한 입경의 석력이 상당량 존재함.",2025-12-29
경상북도,문경시,가은읍,상괴리,산72임,36,39,28.068,128,1,28.73,사유림,"계류의 토심이 깊고, 종단 물매가 매우 급하며, 시점부 벤치플륨관이 시설되어 있으나 중간부 이후로 토사유실이 상당하여 호우 시 하부 피해 우려됨.",2025-12-29
경상북도,문경시,가은읍,상괴리,산34임,4393994,26,15.887,14250057,9,13.856,사유림,"계류의 종단 물매가 급하고, 수목의 전도가 다수 관찰되며, 계상에 다량의 전석 등의 퇴적물이 존재함.",2025-12-29
경상북도,문경시,가은읍,원북리,산1-1임,36,41,58.474,128,0,26.426,사유림,"계류의 종단 물매가 급하고, 계류 내 돌, 전석 등의 퇴적물이 상당량 존재하며, 기반암의 풍화가 심하여 하부 유출이 우려됨.",2025-12-29
경상북도,문경시,가은읍,죽문리,산28-1임,36,38,54.164,128,0,5.912,사유림,"사면의 경사가 비교적 급하고, 사면의 높이가 높으며, 토심이 깊으며, 일부구간 사면내 유실과 뜬돌이 존재함",2025-12-29
경상북도,문경시,농암면,갈동리,산116임,36,33,9.33,128,1,4.31,사유림,"종단 경사는 완만하나, 유역면적이 넓고 토심이 깊으며, 일부구간 전석이 관찰되며, 일부구간 침식으로 인한 토사유출이 진행중임.",2025-12-29
경상북도,문경시,산양면,위만리,산1-1임,36,39,5.844,128,18,5.775,사유림,"계류의 종단 경사가 비교적 급하고, 계류 내 전 구간에 걸쳐 유동가능 전석이 산재해 있어 호우 시 하부 피해 우려됨.",2025-12-29
경상북도,문경시,산북면,가곡리,산26임,36,40,28.533,128,17,28.836,사유림,"계류의 종단 물매가 비교적 급하고 토심이 깊으며, 계류 내 산사태 발생으로 인한 대규모 침식지 및 토사유실이 상당하여 호우 시 하부 피해 우려됨.",2025-12-29
경상북도,문경시,산북면,종곡리,산10임,36,42,7.4123,128,15,51.63,사유림,"계류 내 물길이 불안정한 구간이 존재하고 황폐화되어 있으며, 계상에 유동가능 전석이 다수 관찰되어 호우 시 하부 피해 우려됨.",2025-12-29
경상북도,문경시,동로면,수평리,산42임,36,43,19.586,128,18,18.859,사유림,"사면의 침식으로 인한 토사유출과 전도 우렴목이 관찰되고, 일부구간 사면내 뜬돌이 관찰되어 낙석의 우려가 있음",2025-12-29
경상북도,문경시,동로면,간송리,산229임,36,44,21.738,128,18,32.59,사유림,"유역면적이 비교적 넓고, 계류 내 물길이 불안정한 곳이 존재하며, 황폐화되어 있음. 계상에 토사 퇴적 및 유동가능 전석이 다수의 구간에서 관찰되어 호우 시 하부 피해 우려됨.",2025-12-29
경상북도,문경시,동로면,인곡리,산63임,36,42,47.59,128,19,40.036,사유림,"유역면적이 비교적 넓고, 계상에 암괴 및 전석 등의 다량의 토석이 존재함.",2025-12-29
경상북도,문경시,동로면,적성리,산2임,36,45,59.681,128,19,14.569,사유림,"유역면적이 넓고, 계류의 종단 물매가 급하며, 조사구간 전구간에 걸쳐 계상에 다량의 돌, 전석 등의 퇴적물이 산재해 있음.",2025-12-29
경상북도,문경시,동로면,적성리,산136임,36,46,33.784,128,18,33.811,사유림,"유역면적은 소규모이나, 직하부에 인가가 존재하고, 계류의 토심이 깊고, 계류 내 다발성 침식으로 인한 토사유출이 상당히 진행중임.",2025-12-29
경상북도,문경시,산북면,가좌리,455-3구,36,46,32.62,128,14,58.812,사유림,"대규모 유역으로 계류 내 돌쌓기 시설이 되어 있으나 상태가 불량하며, 계상에 유동가능 전석이 상당량 관찰됨.",2025-12-29
경상북도,문경시,산북면,호암리,산59-1임,36,45,34.92,128,14,20.565,사유림,"계류의 종단 경사가 급하고, 계류 내 퇴적 및 유동가능 전석이 다량 관찰되며, 일부구간 계안의 침식으로 인한 토사유출이 진행중임.",2025-12-29
경상북도,문경시,산북면,석봉리,산73임,36,43,50.516,128,11,18.965,사유림,"계류의 경사가 급하고, 계류 내 침식으로 인한 토사유실 및 유동가능 전석이 관찰되어 호우 시 하부 피해 우려됨.",2025-12-29
경상북도,문경시,산북면,석봉리,산65-1임,36,43,49.918,128,11,26.765,사유림,"집수구역 내 벌채지가 존재하고, 유역면적이 넓고 계류의 총길이가 길며, 계류 내 물길 변경 구간과 계안 침식 및 계상에 다량의 전석 등의 석력이 관찰됨.",2025-12-29
경상북도,문경시,산북면,석봉리,산51임,36,43,48.753,128,11,49.737,사유림,"유역면적이 넓고, 계류의 총길이가 길며, 계상에 암괴 및 다양한 입경의 석력이 상당량 관찰됨.",2025-12-29
경상북도,문경시,산북면,석봉리,산107임,36,43,18.036,128,11,59.615,사유림,"계류의 토심이 깊고, 종단물매가 급하며, 임도 성토사면의 유실로 인한 토사가 계상에 퇴적되어 있음.",2025-12-29
경상북도,문경시,산북면,석봉리,산34-2임,36,43,39.107,128,12,27.212,사유림,"유역면적이 크고, 계류의 종단 물매가 매우 급하고, 조사구간 전 구간에 걸쳐 상당량의 전석이 계상에 퇴적되어 있음.",2025-12-29
경상북도,문경시,문경읍,평천리,산53임,36,47,53.145,128,7,36.244,사유림,"산지 사면의 유수 및 토사유출로 과거 피해이력이 있어 임시로 배수로를 시설하였으나, 구조가 불량함",2025-12-29
경상북도,문경시,문경읍,평천리,산67-1임,36,48,7.977,128,7,3.496,사유림,"2023년 산사태 피해 발생지로 계류의 종단 물매는 완만하나, 계류 내 전 구간에 걸쳐 유동가능 전석 및 유수의 흐름을 방해하는 전도목이 관찰됨.",2025-12-29
경상북도,문경시,문경읍,팔영리,산225임,36,45,38.413,128,7,52.93,사유림,"계류의 종단 물매가 급하고, 계류 내 토사 퇴적 및 다수의 구간에서 유동가능 전석이 관찰되어 호우 시 하부 피해 우려됨.",2025-12-29
경상북도,문경시,문경읍,관음리,산1-1임,36,48,18.609,128,10,31.982,사유림,"절취사면의 누구침식으로 인한 토사유출이 심각하게 진행중이며, 수목의 근주가 노출되어 전도 위험성이 있음.",2025-12-29
경상북도,문경시,문경읍,진안리,산45-1임,36,44,5.997,128,5,1.821,사유림,"유역면적이 넓고, 계류의 종단 물매는 매우 급하며, 계상에 큰돌 및 유동가능 전석이 상당량 산재해 있어 호우 시 하부 피해 우려됨.",2025-12-29
경상북도,문경시,문경읍,하초리,산20-7임,36,45,15.599,128,5,42.4,사유림,"본 계류는 황폐화가 진행되고 있는 유역으로 계류 내 퇴적물인 전석과 자갈이 퇴적되어 있고, 현재 부분적으로 세굴과 침식이 관측된다. 강우 시 유량이 상당히 많을 것으로 예상이 되며 상부사면에서 붕괴된 퇴적물이 물과 함께 빠르게 이동되어 계류 하부인가에 피해를 줄 수 있는 지역이므로 취약지역으로 선정함.",2025-12-29
경상북도,문경시,마성면,남호리,650-19구,36,42,15.799,128,6,39.6,사유림,본 조사지역은 황폐화가 진행 중인 유역으로 하부에 다수의 인가 및 주요보호시설인 고속도로가 존재해 산사태 및 토석류발생시 타 지역에 비해 피해가 막심할 것으로 판단되어 취약지역으로 선정함.,2025-12-29
경상북도,문경시,마성면,정리,산35-1 임,36,41,25.199,128,5,29.7,사유림,대상조사지의 사면 일부 식생이 계류방향으로 전도되어 있어 잠재적인 위험성을 가지고 있음에 따라 재산 및 인명피해가 우려되는 지역이며 계류 내 전석 및 자갈의 분포는 상대적으로 낮지만 계류 내 유수로 인한 지속적인 침식 및 세굴이 반복적으로 이루어 질 것으로 예상되어 취약지역으로 선정함.,2025-12-29
경상북도,문경시,마성면,외어리,산38임,36,41,18.699,128,9,0.8,사유림,본 조사유역은 유출구를 중심으로 인가가 분포하고 있으며 집중호우시 다량의 계류수 유입에 따라 계류 내 적치되어 있는 퇴적물이 계류 하류로 이동하여 피해를 줄 가능성이 있으므로 취약지역으로 선정함.,2025-12-29
경상북도,문경시,마성면,상내리,316전,36,40,41.399,128,4,28.9,사유림,본 조사지역은 황폐화가 진행 중인 유역으로 유역 영향권 내 인가밀집지가 존재하나 그에 따른 사방시설물이 없어 강우시 발생가능성이 높은 산사태 및 토석류에 무방비로 노출되어 발생 시 인명 및 재산피해가 클 것으로 예상됨.,2025-12-29
경상북도,문경시,문경읍,하초리,산46-2임,36,45,18.499,128,5,6.6,사유림,본 조사지역은 황폐화가 진행 중인 유역으로 유역 영향권 내 인가밀집지가 존재하나 그에 따른 사방시설물이 없어 강우시 발생가능성이 높은 산사태 및 토석류에 무방비로 노출되어 발생 시 인명 및 재산피해가 클 것으로 예상됨.,2025-12-29
경상북도,문경시,문경읍,각서리,474-1 임,36,45,17.799,128,2,27.4,사유림,본 조사지역의 사면 일부 식생이 계류방향으로 전도되어 있어 잠재적인 위험성을 가지고 있음에 따라 재산 및 인명피해가 우려되는 지역이며 계류 내 전석 및 자갈의 분포는 상대적으로 낮지만 강우로 인한 지속적인 침식 및 세굴이 반복적으로 이루어 질 것으로 예상되므로 취약지역으로 선정함,2025-12-29
경상북도,문경시,문경읍,팔영리,산246-1임,36,45,15.699,128,7,57.7,사유림,상부에서 유출구까지 붕적층대에서 침식이 진행되고 있으며 장기적으로 계류의 골이 깊어져 계류벽 토층의 지지력이 저하되어 결국 붕괴될것으로 판단되므로 취약지역으로 선정함.,2025-12-29
경상북도,문경시,문경읍,팔영리,산20임,36,45,13.499,128,8,23.6,사유림,본 조사지역은 황폐화가 진행 중인 유역으로 유역 영향권 내 인가밀집지가 존재하나 그에 따른 사방시설물이 없어 강우시 발생가능성이 높은 산사태 및 토석류에 무방비로 노출되어 발생 시 인명 및 재산피해가 클 것으로 예상됨.,2025-12-29
경상북도,문경시,문경읍,팔영리,산155임,36,46,22.399,128,6,57.8,사유림,현재 계류 내 침식 및 퇴적물의 이동이 관찰되며 계류수로 인한 계안의 측방침식이 발생하는 것으로 보아 집중호우시 하류부에 위치한 인가 및 시설물에 퇴적물로 인한 피해가 있을 것으로 판단되므로 취약지역으로 선정함.,2025-12-29
경상북도,문경시,문경읍,관음리,산21-4 임,36,48,17.699,128,9,34.3,사유림,"본 계류는 지속적인 풍화로 인해 계류 황폐화가 유역 전반에 걸쳐 진행된 상태이며, 계류 주변부 급경사지에는 퇴적물들이 다수 분포하고 있어 지속적으로 본 계류에 유입되고 있는 상태이다. 장기적으로는 붕괴유실물들이 적치될 경우 집중호우등과 같은 외부적인 조건에 의해 계류수가 증가하면서 토석류의 형태로 발생될 가능성이 있으므로 취약지역으로 선정함.",2025-12-29
경상북도,문경시,문경읍,중평리,산45임,36,47,44.699,128,13,19.1,사유림,본 조사지역은 황폐화가 진행 중인 유역으로 유출구하부로 다수의 인가가 존재하나 그에 따른 예방사방시설물이 없어 강우 시 발생할 수 있는 산사태 및 토석류에 무방비로 노출되어 발생 시 인명 및 재산피해가 있을 것으로 예상됨.,2025-12-29
경상북도,문경시,문경읍,중평리,산81임,36,48,2.499,128,11,48.5,사유림,본 조사지역은 황폐화가 진행 중인 유역으로 유역 영향권 내 인가밀집지가 존재하나 그에 따른 사방시설물이 없어 강우시 발생가능성이 높은 산사태 및 토석류에 무방비로 노출되어 발생 시 인명 및 재산피해가 클 것으로 예상됨.,2025-12-29
경상북도,문경시,문경읍,용연리,산42임,36,46,40.099,128,11,39.3,사유림,본 계류는 황폐화가 진행되고 있는 유역으로 계류 내 퇴적물인 전석과 자갈이 퇴적되어 있고 부분적으로 세굴과 침식이 관측된다. 강우 시 유량이 상당히 많을 것으로 예상이 되며 상부사면에서 붕괴된 퇴적물이 물과 함께 빠르게 이동되어 계류 하부인가에 피해를 줄 수 있는 지역임.,2025-12-29
경상북도,문경시,문경읍,용연리,44-1답,36,46,30.599,128,11,26.1,사유림,본 조사지역은 황폐화가 진행 중인 유역으로 유역 영향권 내 인가밀집지가 존재하나 그에 따른 사방시설물이 없어 강우시 발생가능성이 높은 산사태 및 토석류에 무방비로 노출되어 발생 시 인명 및 재산피해가 클 것으로 예상됨.,2025-12-29
경상북도,문경시,문경읍,상리,산20-4임,36,45,2.299,128,6,20.7,사유림,"본 계류 유출구에는 하부 인가가 다수 분포하고 있어 강우 시 산악지의 위험사면 등에서 산사태가 발생하거나 퇴적물과 붕괴 유실물이 토석류로 발생할 경우 인명 및 재산피해 가능성이 있으므로 이에 대한 사전 예방대책이 필요한 지역임. 현장조사 결과, 본 계류에는 전석과 자갈이 다수 분포하고 있어, 집중호우 시 계류수의 유속과 유량이 증가할 경우 하부로 퇴적물이 유입될 가능성이 있음에 따라서 취약지역으로 선정함.",2025-12-29
경상북도,문경시,산북면,거산리,507-8구,36,43,27.405,128,14,44.401,사유림,"집중 호우 시 산악지의 위험사면 등에서 산사태가 발생한 지역으로 이를 미연에 방지하거나 방호할 수 있는 시설물이 유출구 부근에는 부재한 상태로 추가적인 산사태나 토석류에 의한 피해가 발생할 수 있음에 따라 산지사방등 적절한 대책이 마련되어야 할 것으로 판단됨""",2025-12-29
경상북도,문경시,산북면,종곡리,산17임,36,42,9.532,128,16,23.798,사유림,"계류내에 전석분포비율이 낮으며, 붕괴지가 관찰되지는 않지만 지속적인 풍화로 인해서 일부 구간 황폐화가 이루어진 상태로 집중호우시 우수의 흐름에 의해 토사가 유출될 수 있다. 그러나 이를 미연에 방지하거나 방호할 수 있도록 기슭막이나 골막이, 바닥막이 등 계류보전설치가 적절하다고 판단됨.",2025-12-29
경상북도,문경시,산북면,가곡리,494임,36,40,30.699,128,17,38.5,사유림,일부구간 붕괴지가 관찰되며 전석분포비율이 다소 높게 나타나있다. 이런지형의 경우 강우 시 계류수가 증가하고 퇴적물이 쌓여 산악지의 위험사면등에서 산사태가 발생하거나 토석류로 발생할 경우 인명 및 재산피해 가능성이 있으므로 이에 대한 사전 예방대책이 필요하여 취약지역으로 선정함.,2025-12-29
경상북도,문경시,문경읍,평천리,산71-1임,36,47,59.241,128,6,57.39,사유림,일부구간 붕괴지가 관찰되며 전석분포비율이 다소 높게 나타나있다. 이런지형의 경우 강우 시 계류수가 증가하고 퇴적물이 쌓여 산악지의 위험사면등에서 산사태가 발생하거나 토석류로 발생할 경우 인명 및 재산피해 가능성이 있으므로 이에 대한 사전 예방대책이 필요하여 취약지역으로 선정함.,2025-12-29
경상북도,문경시,문경읍,평천리,산7-1임,36,47,24.399,128,8,43.8,사유림,"계류수가 항시존재하며 지속적인 풍화작용으로 계류 내 붕괴가 발생한 구간이 관찰되며, 일부 노출된 암반구간의 사면에는 절리면이 이완되어 낙석이 발생하였다. 이런 상황에서 강우시 더욱 피해가 커질 수 있기 때문에 이를 미연에 방지해야 한다고 판단하여 취약지역으로 선정함.",2025-12-29
경상북도,문경시,문경읍,평천리,산18-2임,36,47,37.699,128,8,30,사유림,"유출구 하부는 계류보전이 되어 있으나 계류내 대규모 전석이 다수 분포하며 계류의 평균 경사가 급해 강우 시 유량이 많고 유속이 빠른 지역으로 보인다. 또한 계류상류부 계상에 전석 분포 비율이 높고, 계안의 풍화심도가 깊고 상부 위험사면으로 균열이 관측이 되며, 상부위험사변 주변에 분포하고 있는 식생이 중경목의 침엽수로 이루어진 재해의 위험이 있는 지역임.",2025-12-29
경상북도,문경시,흥덕동,,산4-1임,36,36,42.499,128,12,10.3,사유림,"계류내에 전석분포비율이 낮지만 붕괴지가 관찰되며 지속적인 풍화로 인해서 일부 구간 황폐화가 이루어진 상태로 집중호우시 우수의 흐름에 의해 토사가 유출될 수 있다. 그러나 이를 미연에 방지하거나 방호할 수 있도록 기슭막이나 골막이, 바닥막이 등 계류보전설치가 적절하다고 판단됨.",2025-12-29
경상북도,문경시,동로면,수평리,산75임,36,44,44.447,128,17,9.082,사유림,"계류 주변부의 사면에서 침식이 발달한 불안정한 지역으로 계류내 자갈, 모래 비율이 높고 상부 사면에서 산사태 발생 시 계류의 통수능 감소로 인해 하부에 위치한 인가 등에 피해가 우려됨. 특히 계류 하부로 하부인가가 다수  위치하고 있어 집중호우 시 하부 인가로의 피해발생이 우려됨.",2025-12-29
경상북도,문경시,동로면,수평리,산68임,36,44,44.999,128,17,37.6,사유림,본 유역의 계류의 폭이 협소하고 안정적이나 계류 내 세굴이 진행중인것으로 보아 집중호우 시 계류수의 흐름을 통하여 퇴적물의 원활한 흐름과 계류수의 배수를 위한 계류보전 사업이 필요할 것으로 판단됨.,2025-12-29
경상북도,문경시,동로면,수평리,산63임,36,44,11.544,128,17,38.824,사유림,"계류에 계류수가 존재하지 않으나 퇴적지 및 다량의 유목과 유송잡물이 존재하는 것으로 보아 집중호우 시 빗물에 의한 사면침식 및 계상침식이 예상되며, 다량의 퇴적물로 인하여 토석류 발생가능성이 높을 것이라고 판단됨.",2025-12-29
경상북도,문경시,동로면,명전리,949구,36,50,50.443,128,14,59.137,사유림,계류 주변부의 사면으로부터 자갈 및 모래 등의 퇴적물들이 계류 양안에서 계류로 지속적으로 유입되고 있어 장마철이나 집중호우 시 토석류발생의 위험이 있다고 생각되며 자갈 등의 퇴적물들이 다수 분포되어 있어 계류수가 상시 흐르고 있어 호우 시 산사태 및 토석류 발생의 위험이 있어 유출구 하부 인가로의 인명 및 재산의 피해발생이 우려됨.,2025-12-29
경상북도,문경시,문경읍,중평리,산102임,36,48,17.192,128,11,7.364,사유림,"계류 내 퇴적물이 다량 존재하고, 사면 및 계상에 침식 및 세굴이 존재하는 것으로 보아 집중호우 시 토석류 및 산사태 발생 가능성이 높을 것이라고 판단되어 사방댐 및 계류보전을 통하여 유출구 하부 인가 피해를 예방 및 최소화 하여야 한다고 판단됨.",2025-12-29
경상북도,문경시,동로면,간송리,1141구,36,44,22.799,128,18,32.4,사유림,"본 계류는 황폐화가 진행되고 있는 유역으로 계류내 퇴적물인 전석과 자갈이 퇴적되어 있고, 현재 부분적으로 세굴과 침식이 관측됨, 계류내에 용수가 존재하여 호우 시 유량이 상당히 많을 것으로 예상이 되며 상부사면에서 붕괴된 퇴적물이 물과 함께 빠르게 이동되어 계류 하부 인가에 피해를 줄 수 있는 지역임.",2025-12-29
경상북도,문경시,문경읍,요성리,153답,36,44,23.599,128,7,57.3,사유림,"침식 및 세굴이 관찰되며, 호우 시 빗물에 의한 사면에서의 침식 및 계상에서의 세굴현상이 발생한 것으로 판단됨. 사면경사가 급하지 않고, 식생의 활착상태가 양호하여 비교적 안정한 형태를 보이지만, 계류 상부에 퇴적물이 관찰되며, 계류 폭이 협소하여 계류수가 이동할 수 있는 통수능이 좁아 범람의 위험이 있음.",2025-12-29
경상북도,문경시,산북면,석봉리,493전,36,43,23.055,128,12,37.615,사유림,조사지 계류의 폭이 협소하고 안정적이나 계류 내 세굴이 진행중인것으로 보아 집중호우 시 계류수의 흐름을 통하여 퇴적물의 원활한 흐름과 계류수의 배수를 위한 계류보전 사업이 필요할 것으로 판단됨.,2025-12-29
경상북도,문경시,문경읍,중평리,산92-1임,36,48,5.919,128,11,22.737,사유림,조사대상지 사면이 경사가 급하고 사면에서 생산되는 토사유출을 방지하고 산각을 고정하여 하부에 위치한 인가 및 시설물에 피해를 예방을 하기 위하여 산지사방사업이 필요하다고 판단됨.,2025-12-29
경상북도,문경시,문경읍,용연리,143 전,36,46,37.199,128,10,43.8,사유림,"본 조사대상지 내 사면 일부 식생이 계류방향으로 전도되어 있어 잠재적인 위험성을 가지고 있음으로 판단되어 집중호우 시 재산 및 인명피해가 우려되는 지역이며, 계류 내 전석 및 자갈의 분포는 상대적으로 낮지만 계류 내 유수로 인한 지속적인 침식 및 세굴이 반복적으로 이루어 질 것으로 예상되어 계류보전 사업을 통하여 이를 예방하는 것이 적절할 것으로 판단됨",2025-12-29
경상북도,문경시,동로면,적성리,산154임,36,46,37.759,128,17,32.807,사유림,"계류에 계류수가 존재하지 않으나 퇴적지 및 다량의 유목과 유송잡물이 존재하는 것으로 보아 집중호우 시 빗물에 의한 사면침식 및 계상침식이 예상되며, 다량의 퇴적물로 인하여 토석류 발생가능성이 높을 것이라고 판단됨.",2025-12-29
경상북도,문경시,산북면,호암리,501구,36,46,2.699,128,13,44,사유림,"본 계류는 황폐화가 진행되고 있는 유역으로 계류내 퇴적물인 전석과 자갈이 퇴적되어 있으며, 유출구 지점으로부터 309.5m 지점까지 좌측 계안이 1곳, 우측 계안이 1곳의 붕괴가 발생한 상태이며, 계류내에 용수가 존재하여 호우 시 유량이 상당히 많을 것으로 예상이 되며 상부사면에서 붕괴된 퇴적물이 물과 함께 빠르게 이동되어 계류 하부 인가에 피해를 줄 수 있는 지역임",2025-12-29
경상북도,문경시,산북면,창구리,349구,36,45,52.401,128,15,18.246,사유림,"본 계류는 황폐화가 진행되고 있는 유역으로 계류내 퇴적물인 전석과 자갈이 퇴적되어 있으며, 유출구 지점으로부터 279.6m 지점까지 좌측 계안이 2곳, 우측 계안이 2곳의 붕괴가 발생한 상태이며, 계류내에 용수가 존재하여 호우 시 유량이 상당히 많을 것으로 예상이 되며 상부사면에서 붕괴된 퇴적물이 물과 함께 빠르게 이동되어 계류 하부 인가에 피해를 줄 수 있는 지역임",2025-12-29
경상북도,문경시,산북면,창구리,산20임,36,45,50.299,128,15,13.8,사유림,"계류의 하방, 측방 침식에 매우 취약한 형태를 보이고 있으며 현재 세굴 등으로 인한 소규모 토사 유출현상이 관찰되며, 좌안 사면의 불안정으로 계류보전 및 산지사방사업을 통해 주변 침식현상을 방지하는 것이 피해를 사전에 예방할 수 있는 적절한 대책이라 판단됨.",2025-12-29
경상북도,문경시,문경읍,용연리,113-1대,36,46,25.894,128,10,47.73,사유림,"계류의 하방, 측방 침식에 매우 취약한 형태를 보이고 있으며 현재 세굴 등으로 인한 소규모 토사 유출현상이 확인되었으며 위험도는 낮으나 장기적인 측면을 고려한다면 세굴로 인한 계류 주변 사면의 하부 지지력을 저하시켜 붕괴로 이어질 가능성이 높음. 따라서 계류보전 사업을 통하여 주변 침식현상을 방지하는 것이 피해를 사전에 예방할 수 있는 적절한 대책이라 사료됨",2025-12-29
경상북도,문경시,동로면,마광리,804구,36,41,15.399,128,18,42.7,사유림,"계류 주변부의 사면에서 침식이 발달한 불안정한 지역으로 계류내 자갈, 모래 비율이 높고 상부 사면에서 산사태 발생 시 계류의 통수능 감소로 인해 하부에 위치한 인가 등에 피해가 우려됨. 특히 계류 하부로 하부인가가 다수  위치하고 있어 집중호우 시 하부 인가로의 피해발생이 우려됨.",2025-12-29
경상북도,문경시,동로면,수평리,681답,36,44,10.499,128,17,27.1,사유림,"본 계류는 경사가 완만하며, 상부를 따라 부분적으로 계류보전이 이루어져 있어 비교적 안정한 지역으로 사료되나 용수가 상시 존재하고 있어 호우시 유량이 많을 것으로 예상이 됨. 부분적으로 침식이 관측되고 사방시설물이 확인되나 일부 붕괴흔적이 확인됨.",2025-12-29
경상북도,문경시,동로면,석항리,1329구,36,46,35.299,128,21,12.3,사유림,"본 계류는 경사가 완만하며, 상부를 따라 부분적으로 계류보전이 이루어져 있어 비교적 안정한 지역으로 사료되나 용수가 상시 존재하고 있어 호우시 유량이 많을 것으로 예상이 됨. 부분적으로 침식이 관측되고 계류내 퇴적물이 쌓여있어 향후 피해요소로 작용할수 있음.",2025-12-29
경상북도,문경시,문경읍,진안리,산39-1 도,36,44,19.999,128,4,52,사유림,본 계류 유출구에는 하부 78 개소의 인가가 분포하고 있어 집중 호우 시 산악지의 위험사면 등에서 산사태가 발생하거나 퇴적물과 붕괴 유실물이 토석류로 발생할 경우 인명 및 재산 피해 가능성이 있으므로 장기적으로는 유실물이 인가 쪽에 유입되어 피해를 줄 수 있는 것으로 조사되었다. 그러나 이를 미연에 방지하거나 방호할 수 있는 시설물이 유출구 부근에는 부재한 상태로 산사태나 토석류에 의한 피해가 발생할 수 있음에 따라 적절한 대책이 마련되어야 할 것으로 판단됨,2025-12-29
경상북도,문경시,문경읍,마원리,산87임,36,43,29.899,128,5,33.3,사유림,"황폐화가 진행되고 있는 유역으로 기반암 하상 위에 전석과 자갈이 퇴적되어 있으며, 유출구 지점으로부터 218m 지점까지 좌측 계안이 1개소의 붕괴가 발생한 상태이며, 계류 내에 물이 흐르고 있어 집중 호우 시 유량이 상당히 많을 것으로 예상이 되며 상부사면에서 붕괴된 퇴적물이 물과 함께 빠르게 이동되어 계류 하부 인가에 피해를 줄 수 있는 지역임.",2025-12-29
경상북도,문경시,문경읍,마원리,927구,36,43,11.799,128,5,37.8,사유림,계류 내에 물이 흐르고 있어 우기시 유량이 상당히 많을 것으로 예상이 되며 상부사면에서 붕괴된 퇴적물이 물과 함께 빠르게 이동되어 계류 하부 인가에 피해를 줄 수 있는 지역임.,2025-12-29
경상북도,문경시,가은읍,원북리,602천,36,42,3.099,128,1,11.8,사유림,"황폐화가 진행되고 있는 유역으로 기반암 하상 위에 전석과 자갈이 퇴적되어 있으며, 계류 내에 물이 흐르고 있어 집중 호우 시 유량이 상당히 많을 것으로 예상이 되며 상부사면에서 붕괴된 퇴적물이 물과 함께 빠르게 이동되어 계류 하부 인가에 피해를 줄 수 있는 지역임.",2025-12-29
경상북도,문경시,가은읍,상괴리,산64-1임,36,39,35.099,128,1,16.2,사유림,"""전반적으로 비교적 안정적인 계류로 유출구 하부는 계류보전지로 연결되나 계류수가 상시 존재하고 있고 유출구 상부방향으로는 배수시설이 갖추어지지 않아 집중 호우 시 유량이 많을 것으로 예상이 되고 부분적으로 침식이 관측되며 월류 가능성이 확인되는 지역임.""",2025-12-29
경상북도,문경시,가은읍,왕능리,산51-2임,36,38,56.499,128,3,24.5,사유림,전반적으로 비교적 안정적인 계류로 사료되나 배수시설이 갖추어지지 않아 집중 호우 시 유량이 많을 것으로 예상이 되고 부분적으로 침식이 관측되며 월류 가능성이 확인되는 지역임.,2025-12-29
경상북도,문경시,가은읍,왕능리,산27임,36,38,53.551,128,4,37.733,사유림,전반적으로 비교적 안정적인 계류로 사료되나 계류수가 상시 존재하고 있고 배수시설이 갖추어지지 않아 집중 호우 시 유량이 많을 것으로 예상이 되고 부분적으로 침식이 관측되며 월류 가능성이 확인되는 지역임.,2025-12-29
경상북도,문경시,가은읍,작천리,854-4구,36,38,55.099,128,1,46.4,사유림,"황폐화가 진행되고 있는 유역으로 계류 내 퇴적물들이 산재되어 있으며, 유출구 지점으로부터 183.6m 지점까지 좌측 계안이 2개소의 붕괴가 발생한 상태이며, 계류 내에 물이 흐르고 있어 집중 호우 시 유량이 상당히 많을 것으로 예상이 되며 상부사면에서 붕괴된 퇴적물이 물과 함께 빠르게 이동되어 계류 하부 인가에 피해를 줄 수 있는 지역임.",2025-12-29
경상북도,문경시,가은읍,갈전리,산47임,36,37,55.699,128,4,22.3,사유림,"기반암 노출이 확인되며, 상부를 따라 부분적으로 계류보전이 이루어져 있어 비교적 안정한 지역으로 사료되나 계류수가 상시 존재하고 있어 집중 호우 시 유량이 많을 것으로 예상이 되고 부분적으로 침식이 관측되며 부분 월류 가능성이 확인되는 지역임.",2025-12-29
경상북도,문경시,가은읍,갈전리,산190구,36,37,38.499,128,3,41.3,사유림,"계류 내 퇴적물들이 산재되어 있으며, 계류 내에 물이 흐르고 있어 집중 호우 시 유량이 상당히 많을 것으로 예상이 되며 상부사면에서 붕괴된 퇴적물이 물과 함께 빠르게 이동되어 계류 하부 인가에 피해를 줄 수 있는 지역임.",2025-12-29
경상북도,문경시,산양면,반곡리,산39임,36,36,50.908,128,13,18.789,사유림,"황폐화가 진행되고 있는 유역으로 계류 내 퇴적물들이 산재되어 있으며, 유출구 지점으로부터 153.3m 지점까지 좌측 계안이 1개소, 우측 계안이 1개소의 붕괴가 발생한 상태이며, 계류 내에 물이 흐르고 있어 집중 호우 시 유량이 상당히 많을 것으로 예상이 되며 상부사면에서 붕괴된 퇴적물이 물과 함께 빠르게 이동되어 계류 하부 인가에 피해를 줄 수 있는 지역임.",2025-12-29
경상북도,문경시,문경읍,상초리,산1임,36,45,27.637,128,4,50.519,사유림,"황폐화가 진행되고 있는 유역으로 계류 내 퇴적물들이 산재되어 있으며, 유출구 지점으로부터 162.9m 지점까지 계류 내에 물이 흐르고 있어 집중 호우 시 유량이 상당히 많을 것으로 예상이 되며 상부사면에서 붕괴된 퇴적물이 물과 함께 빠르게 이동되어 계류 하부 인가에 피해를 줄 수 있는 지역임.",2025-12-29
경상북도,문경시,문경읍,진안리,196-6과,36,44,26.956,128,5,12.797,사유림,본 계류 유출구에는 하부 36 개소의 인가가 분포하고 있어 집중 호우 시 산악지의 위험사면 등에서 산사태가 발생하거나 퇴적물과 붕괴 유실물이 토석류로 발생할 경우 인명 및 재산 피해 가능성이 있으므로 장기적으로는 유실물이 인가 쪽에 유입되어 피해를 줄 수 있는 것으로 조사되었다. 그러나 이를 미연에 방지하거나 방호할 수 있는 시설물이 유출구 부근에는 부재한 상태로 산사태나 토석류에 의한 피해가 발생할 수 있음에 따라 적절한 대책이 마련되어야 할 것으로 판단됨,2025-12-29
경상북도,문경시,문경읍,교촌리,산17임,36,44,41.1,128,6,39.417,사유림,집중 호우 시 유량이 많을 것으로 예상이 되나 배수시설이 없어 계류 내 부분적으로 침식이 관측되며 부분 월류 가능성이 확인되는 지역임.,2025-12-29
경상북도,문경시,문경읍,교촌리,322종,36,44,33.816,128,6,48.86,사유림,"황폐화가 진행되고 있는 유역으로 계류 내 퇴적물들이 산재되어 있으며, 유출구 지점으로부터 219.6m 지점까지 좌측 계안이 1개소, 우측 계안이 1개소의 붕괴가 발생한 상태이며, 계류 내에 물이 흐르고 있어 집중 호우 시 유량이 상당히 많을 것으로 예상이 되며 상부사면에서 붕괴된 퇴적물이 물과 함께 빠르게 이동되어 계류 하부 인가에 피해를 줄 수 있는 지역임.",2025-12-29
경상북도,문경시,문경읍,진안리,산12-2임,36,44,10.519,128,5,41.938,사유림,본 계류 유출구에는 하부 32 개소의 인가가 분포하고 있어 집중 호우 시 산악지의 위험사면 등에서 산사태가 발생하거나 퇴적물과 붕괴 유실물이 토석류로 발생할 경우 인명 및 재산 피해 가능성이 있으므로 장기적으로는 유실물이 인가 쪽에 유입되어 피해를 줄 수 있는 것으로 조사되었다. 그러나 이를 미연에 방지하거나 방호할 수 있는 시설물이 유출구 부근에는 부재한 상태로 산사태나 토석류에 의한 피해가 발생할 수 있음에 따라 적절한 대책이 마련되어야 할 것으로 판단됨,2025-12-29
경상북도,문경시,산양면,위만리,515-4구,36,39,9.41,128,18,16.838,사유림,"황폐화가 진행되고 있는 유역으로 계류 내 퇴적물들이 산재되어 있으며, 유출구 지점으로부터 169.2m 지점까지 좌측 계안이 2개소, 우측 계안이 2개소의 붕괴가 발생한 상태이며, 집중 호우 시 유량이 상당히 많을 것으로 예상이 되며 상부사면에서 붕괴된 퇴적물이 물과 함께 빠르게 이동되어 계류 하부 인가에 피해를 줄 수 있는 지역임.",2025-12-29
경상북도,문경시,산양면,위만리,산10임,36,39,10.989,128,18,25.54,사유림,전반적으로 비교적 안정적인 계류로 사료되나 배수시설이 갖추어지지 않아 집중 호우 시 유량이 많을 것으로 예상이 되고 부분적으로 침식이 관측되며 월류 가능성이 확인되는 지역임.,2025-12-29
경상북도,문경시,동로면,생달리,산69-1 임,36,48,41.599,128,15,36.8,사유림,"계류 전구간에 걸쳐 퇴적물들이 산재되어 있으며, 유출구 지점으로부터 161m 지점까지 좌측 계안이 2개소, 우측 계안이 1개소의 붕괴가 발생한 상태이며, 집중 호우 시 유량이 상당히 많을 것으로 예상이 되며 상부사면에서 붕괴된 퇴적물이 물과 함께 빠르게 이동되어 계류 하부 인가에 피해를 줄 수 있는 지역임.",2025-12-29
경상북도,문경시,동로면,생달리,산 60-1 도,36,48,6.799,128,15,23,사유림,"황폐화가 진행되고 있는 유역으로 계류 내 퇴적물들이 산재되어 있으며, 유출구 지점으로부터 113.7m 지점까지 대규모 전석이 다수 분포하여 집중 호우 시 유량이 상당히 많을 것으로 예상이 되며 상부사면에서 붕괴된 퇴적물이 물과 함께 빠르게 이동되어 계류 하부 인가에 피해를 줄 수 있는 지역임.",2025-12-29
경상북도,문경시,동로면,생달리,622-1천,36,47,15.999,128,15,52.6,사유림,"본 계류에 붕괴구간이 발생한 구역과 이로 인해 유실물이 지속적으로 유입되어 장기적으로 토석류가 발생되어 하부 인가에 피해가 우려되는 구역을  취약구역으로 설정함. 또한, 이와 같은 요인이 장기적으로 누적되어 산사태나 토석류의 형태로 발생할 경우 하부 인가에 피해가 발생할 수 있는 피해범위와 퇴적물 확산구역을 취약지역으로 추가설정함.",2025-12-29
경상북도,문경시,동로면,노은리,산125임,36,46,32.702,128,16,51.518,사유림,"황폐화가 진행되고 있는 유역으로 계류 내 퇴적물들이 산재되어 있으며, 유출구 지점으로부터 315.8m 지점까지 우측 계안이 1개소의 붕괴가 발생한 상태이며, 계류 내에 물이 흐르고 있어 집중 호우 시 유량이 상당히 많을 것으로 예상이 되며 상부사면에서 붕괴된 퇴적물이 물과 함께 빠르게 이동되어 계류 하부 인가에 피해를 줄 수 있는 지역임.",2025-12-29
경상북도,문경시,가은읍,갈전리,1017구,36,37,14.668,128,5,40.634,사유림,전반적으로 계류보전이 이루어져 있어 비교적 안정한 지역으로 사료되나 계류수가 상시 존재하고 있어 집중 호우 시 유량이 많을 것으로 예상이 되며 최상부 수직 암반사면으로부터 계류수가 수직 낙하하는 구간으로 향후 하부방향으로 퇴적물 이동이 용이할 것으로 사료되어 취약지역으로 선정함,2025-12-29
경상북도,문경시,산북면,전두리,산38-1 임,36,45,11.171,128,15,49.86,사유림,본 계류 유출구에는 하부 사찰이 위치하고 있어 집중 호우 시 산악지의 위험사면 등에서 산사태가 발생하거나 퇴적물과 붕괴 유실물이 토석류로 발생할 경우 인명 및 재산 피해 가능성이 있으므로 장기적으로는 유실물이 인가 쪽에 유입되어 피해를 줄 수 있는 것으로 조사되었다. 그러나 이를 미연에 방지하거나 방호할 수 있는 시설물이 유출구 부근에는 부재한 상태로 산사태나 토석류에 의한 피해가 발생할 수 있음에 따라 적절한 대책이 마련되어야 할 것으로 판단됨,2025-12-29
경상북도,문경시,산북면,이곡리,산22임,36,41,41.463,128,15,10.557,사유림,"집중 호우 시 산악지의 위험사면 등에서 산사태가 발생하거나 퇴적물과 붕괴 유실물이 토석류로 발생할 경우 인명 및 재산 피해 가능성이 있으므로 장기적으로는 유실물이 인가 쪽에 유입되어 피해를 줄 수 있는 것으로 조사되었다. 그러나 이를 미연에 방지하거나 방호할 수 있는 시설물이 유출구 부근에는 부재한 상태로 산사태나 토석류에 의한 피해가 발생할 수 있음에 따라 적절한 대책이 마련되어야 할 것으로 판단됨""",2025-12-29
경상북도,문경시,산북면,거산리,산126-1임,36,43,19.899,128,14,8.1,사유림,"집중 호우 시 산악지의 위험사면 등에서 산사태가 발생한 지역으로 이를 미연에 방지하거나 방호할 수 있는 시설물이 유출구 부근에는 부재한 상태로 추가적인 산사태나 토석류에 의한 피해가 발생할 수 있음에 따라 산지사방등 적절한 대책이 마련되어야 할 것으로 판단됨""",2025-12-29
경상북도,문경시,동로면,노은리,산108임,36,46,32.821,128,17,3.049,사유림,"전석등 계류 내 퇴적물들이 산재되어 있으며, 계류 내에 물이 흐르고 있어 집중 호우 시 유량이 상당히 많을 것으로 예상이 되며 상부사면에서 붕괴된 퇴적물이 물과 함께 빠르게 이동되어 계류 하부 인가에 피해를 줄 수 있는 지역임.",2025-12-29
경상북도,문경시,동로면,생달리,119 답,36,47,22.699,128,16,5.5,사유림,"황폐화가 진행되고 있는 유역으로 계류 내 퇴적물들이 산재되어 있으며, 유출구 지점으로부터 190.9m 지점까지 좌측 계안이 2개소, 우측 계안이 2개소의 붕괴가 발생한 상태이며, 계류 내에 물이 흐르고 있어 집중 호우 시 유량이 상당히 많을 것으로 예상이 되며 상부사면에서 붕괴된 퇴적물이 물과 함께 빠르게 이동되어 계류 하부 인가에 피해를 줄 수 있는 지역임.",2025-12-29
경상북도,문경시,문경읍,각서리,산53임,36,44,3.399,128,4,4.4,사유림,일정한 경사로 이루어진 계류로 계류에는 집중호우시 계류수가 급격히 증가할수 있는 지형조견이 관찰된다. 현재 꼐류에도 이러한 계류수의 영향으로 지속적으로 토사가 유출되고 있는 구역이 관찰되고 있어 지지력 이탈로 인한 붕괴가 발생되고 토사가 지속적으로 유실될 경우 장기적으로 하부 인가까지 유입되어 피해가 발생할 수 있으므로 이에 대한 대책이 필요할 것으로 판단된다,2025-12-29
경상북도,문경시,불정동,,413구,36,37,48.461,128,7,47.375,사유림,"취약지역은 계류 유출구에 인가가 다수 분포하고 있어 강우 시 산악지의 위험사면등에서 산사태가 발생하거나 퇴적물과 붕괴 유실물이 토석류로 발생할 경우 인명 및 재산피해 가능성이 있는 지역으로 이에 대한 사전 예방대책이 필요한 지역으로 선정된다.현장조사 결과, 본 계류는 전반적으로 안정화되어 있으나 일부 구간 집중호우 시 급격히 증가한 계류수에 의해 토사가 유실된 구간이 관찰된다.방호할 수 있는 시설물이 유출구 부근에는 부재",2025-12-29
경상북도,문경시,농암면,사현리,산152임,36,34,32.199,128,1,26.2,사유림,"본 계류 유출구에는 하부 인가가 다수 분포하고 있어 강우 시 산악지의 위험사면등에서 산사태가 발생하거나 퇴적물과 붕괴 유실물이 토석류로 발생할 경우 인명 및 재산피해 가능성이 있으므로 이에 대한 사전 예방대책이 필요한 지역으로 선정되었다.현장조사 결과, 계류 주변 급경사지에서 지속적인 토사가 유실 되고 있어 장기적으로는 유실물이 인가쪽에 유입되어 피해를 줄 수 있는 것으로 조사되었다. 그러나 이를 미연에 방지하거나 방호할 수 있는 시설물이 부재한 상태",2025-12-29
경상북도,문경시,영순면,금림리,236전,36,33,51.698,128,15,52.437,사유림,"""본 계류 유출구에는 하부 인가가 다수 분포하고 있어 강우 시 산악지의 위험사면등에서 산사태가 발생하거나 퇴적물과 붕괴 유실물이 토석류로 발생할 경우 인명 및 재산피해 가능성이 있으므로 이에 대한 사전 예방대책이 필요한 지역으로 선정되었다.현장조사 결과, 본 계류의 전반적인 상태는 양호하나, 일부 구간에 급경사지가 분포하고 있어 낙석이나 붕괴등이 우려된다. 낙석이나 붕괴가 발생할 경우에는 하부 인가에 피해가 발생할 가능성이 있으므로 해당 계류가 위치한 지역을 취약지역으로 선정하였다.""",2025-12-29
경상북도,문경시,영순면,사근리,1148도,36,33,47.516,128,15,15.958,사유림,"현장 조사결과, 본 계류로부터 지속적으로 토사가 유출되고 있는 구역이 관찰됨에 따라 이에 대한 대책이 마련되야 할 것으로 판단됨에 따라 취약지역으로 선정하였다.""",2025-12-29
경상북도,문경시,문경읍,지곡리,산165구,36,45,58.2,128,6,41.536,사유림,"""취약지역은 계류 유출구에 인가가 다수 분포하고 있어 강우 시 산악지의 위험사면등에서 산사태가 발생하거나 퇴적물과 붕괴 유실물이 토석류로 발생할 경우 인명 및 재산피해 가능성이 있는 지역으로 이에 대한 사전 예방대책이 필요한 지역으로 선정된다.현장조사 결과, 본 계류는 전반적으로 안정화되어 있으나, 상시 계류수가 흐르고 있어 유실물이 지속적으로 발생함에 따라 장기적인 측면에 대책이 마련되어야 할 것으로 판단되어 취약지역으로 설정하였다.""",2025-12-29
경상북도,문경시,호계면,호계리,산94임,36,40,45.799,128,10,47.6,사유림,"현장조사 결과, 내, 외부적인 풍화작용으로 인해서 지반이 연약화된 구간이 다수 관찰됨에 따라 붕괴 발생이 우려된다.그러나 이를 미연에 방지하거나 방호할 수 있는 시설물이 유출구 부근에는 부재한 상태로 산사태나 토석류에 의한 피해가 발생할 수 있음에 따라 취약지역으로 선정하였다.""",2025-12-29
경상북도,문경시,호계면,구산리,산31-1임,36,38,34.599,128,13,16.9,사유림,"""본 계류 유출구에는 하부 인가가 다수 분포하고 있어 강우 시 산악지의 위험사면등에서 산사태가 발생하거나 퇴적물과 붕괴 유실물이 토석류로 발생할 경우 인명 및 재산피해 가능성이 있으므로 이에 대한 사전 예방대책이 필요한 지역으로 선정되었다.현장조사 결과, 본 계류는 집중호우시 계류수의 유량과 유속이 증가할 경우 계류 내 적치되어 있는 전석이나 붕괴유실물들이 하부로 유입될 수 있어 이에 대한 피해 예방대책이 필요할 것으로 판단된다.""",2025-12-29
경상북도,문경시,호계면,구산리,산46-2임,36,38,4.699,128,13,11.1,사유림,"""계류 유출구에는 하부 인가가 다수 분포하고 있어 강우 시 산악지의 위험사면등에서 산사태가 발생하거나 퇴적물과 붕괴 유실물이 토석류로 발생할 경우 인명 및 재산피해 가능성이 있으므로 이에 대한 사전 예방대책이 필요한 지역으로 선정되었다.현장조사 결과, 계류의 경사는 완만한 상태이나, 일부 구간의 지반 상태가 불안정하여 하부 인가에 피해가 우려됨에 따라 취역지역으로 선정하였다.""",2025-12-29
경상북도,문경시,문경읍,갈평리,산158-1임,36,47,8.299,128,11,21.2,사유림,"""유출구에는 하부 인가가 다수 분포하고 있어 강우 시 산악지의 위험사면등에서 산사태가 발생하거나 퇴적물과 붕괴 유실물이 토석류로 발생할 경우 인명 및 재산피해 가능성이 있으므로 이에 대한 사전 예방대책이 필요한 지역으로 선정되었다.현장조사 결과, 계류수에 의한 지속적인 침식작용으로 인해 일부 구간은 소규모 붕괴가 발생하거나 지속적으로 표층이 유실되고 있는 상태로 하부 유출구로 퇴적물이 지속적으로 유입되고 있음에 따라 하부인가지역에 피해를 끼칠 수 있어 취약지역으로 선정하였다.""",2025-12-29
경상북도,문경시,문경읍,갈평리,산160임,36,47,1.499,128,11,45.4,사유림,"""하부 인가가 다수 분포하고 있어 강우 시 산악지의 위험사면등에서 산사태가 발생하거나 퇴적물과 붕괴 유실물이 토석류로 발생할 경우 인명 및 재산피해 가능성이 있으므로 이에 대한 사전 예방대책이 필요한 지역으로 선정되었다.계류는 집중호우시 계류수의 유량과 유속의 증가로 계류 주변부가 붕괴될 가능성이 있어 하부 인가에 피해가 우려됨에 따라 취약지역으로 선전하였다.""",2025-12-29
경상북도,문경시,호계면,별암리,산6-5 임,36,39,21.099,128,10,38.8,사유림,"""계류 유출구에는 하부 인가가 다수 분포하고 있어 강우 시 산악지의 위험사면등에서 산사태가 발생하거나 퇴적물과 붕괴 유실물이 토석류로 발생할 경우 인명 및 재산피해 가능성이 있으므로 이에 대한 사전 예방대책이 필요한 지역으로 선정되었다.현장조사 결과, 계류 일부 구간에서 지속적인 강우 침투나 풍화에 의해 연약화된 지반이 유실 또는 붕괴될 가능성이 있는 구역이 관찰되고, 지속적으로 붕괴가 진행될 것으로 판단됨에 따라 취약지역으로 선정하였다.""",2025-12-29
경상북도,문경시,마성면,하내리,산162-1임,36,39,30.723,128,5,18.294,사유림,산악지의 위험사면등에서 산사태가 발생하거나 퇴적물과 붕괴 유실물이 토석류로 발생할 경우 인명 및 재산피해 가능성이 있으므로 이에 대한 사전 예방대책이 필요한 지역으로 선정되었다.,2025-12-29
경상북도,문경시,흥덕동,,산18-15 임,36,36,9.499,128,11,51.9,사유림,"계류 유출구에는 하부 인가가 다수 분포하고 있어 강우 시 산악지의 위험사면등에서 산사태가 발생하거나 퇴적물과 붕괴 유실물이 토석류로 발생할 경우 인명 및 재산피해 가능성이 있으므로 이에 대한 사전 예방대책이 필요한 지역으로 선정되었다.현장조사 결과, 계류에는 유출구에 전석 일부 분포하고, 계류수에 의한 붕괴구간이 발생하여 이로 인한 피해가 예상됨에 따라 취약지역으로 선정하였다.",2025-12-29
경상북도,문경시,공평동,,산173,36,36,19.524,128,10,41.45,사유림,"산사태로부터 재해우려가 있는 구역  *하부지역에 주택5여채 이상 있음.o 산사태 유발 인자와 구조적 취약성, 과거 산사태피해이력 있음",2025-12-29
경상북도,문경시,농암면,내서리,산65,36,30,59.818,127,58,21.989,사유림,"산사태로부터 재해우려가 있는 구역  *하부지역에 주택10여채가 있음.o 산사태 유발 인자와 구조적 취약성, 과거 산사태피해이력 있음",2025-12-29
경상북도,문경시,동로면,간송리,824,36,44,33.542,128,18,34.933,사유림,하부지역에 주택2여체가 있음,2025-12-29
경상북도,문경시,동로면,석항리,358-1,36,46,33.323,128,21,14.792,사유림,"하부지역에 주택1채,우사가 있음",2025-12-29
경상북도,문경시,동로면,석항리,산79,36,46,15.9,128,21,45.937,사유림,"산사태로부터 재해우려가 있는 구역  *하부지역에 주택1채가 있음.o 산사태 유발 인자와 구조적 취약성, 과거 산사태피해이력 있음",2025-12-29
경상북도,문경시,산북면,우곡리,산30,36,42,6.548,128,15,14.193,사유림,"""유출구에 인가가 다수 분포하고 있어 강우 시 산악지의 위험사면등에서 산사태가 발생하거나 퇴적물과 붕괴 유실물이 토석류로 발생할 경우 인명 및 재산피해 가능성이 있는 지역으로 이에 대한 사전 예방대책이 필요한 지역으로 선정된다.현장조사 결과, 상부 위험요인에 따른 사방댐과 계류보전사업이 적절한 구간에 설치된 상태이다. 조사결과, 현재 설치된 사방댐 자체에 결함등은 관찰되지 않으나 하부에 지속적으로 퇴적물이 적치되어 다량의 퇴적물이 하부로 이동, 퇴적될 가능성이 있다.""",2025-12-29
경상북도,문경시,마성면,외어리,산26,36,41,35.608,128,9,14.873,사유림,"산사태로부터 재해우려가 있는 구역  *하부지역에 주택10여채가 있음.o 산사태 유발 인자와 구조적 취약성, 과거 산사태피해이력 있음",2025-12-29
경상북도,문경시,마성면,하내리,1137,36,39,27.074,128,5,18.857,사유림,계류황폐화가 진행중으로 집중호우시 하류 농경지 피해 위험,2025-12-29
경상북도,문경시,문경읍,상리,산33,36,44,47.43,128,6,2.288,사유림,"산사태로부터 재해우려가 있는 구역  *하부지역에 주택10여채가 있음.o 산사태 유발 인자와 구조적 취약성, 과거 산사태피해이력 있음",2025-12-29
경상북도,문경시,산북면,우곡리,산21,36,42,13.935,128,14,35.461,사유림,"""하부지역에 집1채있음낙석유실심각""",2025-12-29
경상북도,문경시,산북면,이곡리,산23-1,36,41,43.618,128,15,20.207,사유림,하부지역에 문경직업전문학교가 있음,2025-12-29
경상북도,문경시,산북면,전두리,산2,36,44,29.213,128,14,45.267,사유림,"산사태로부터 재해우려가 있는 구역  *하부지역에 주택2여채가 있음.o 산사태 유발 인자와 구조적 취약성, 과거 산사태피해이력 있음",2025-12-29
경상북도,문경시,영순면,달지리,산17,36,34,1.918,128,16,55.505,사유림,"산사태로부터 재해우려가 있는 구역  *하부지역에 주택5채가 있음.o 산사태 유발 인자와 구조적 취약성, 과거 산사태피해이력 있음",2025-12-29
경상북도,문경시,영순면,말응리,산18,36,32,56.63,128,14,32.771,사유림,"산사태로부터 재해우려가 있는 구역  *하부지역에 주택6채가 있음.o 산사태 유발 인자와 구조적 취약성, 과거 산사태피해이력 있음",2025-12-29
경상북도,문경시,영순면,율곡리,산62-3,36,32,29.885,128,13,24.808,사유림,"산사태로부터 재해우려가 있는 구역  *하부지역에 주택5여채가 있음.o 산사태 유발 인자와 구조적 취약성, 과거 산사태피해이력 있음",2025-12-29
경상북도,문경시,호계면,별암리,산6,36,39,26.207,128,10,11.646,사유림,"""계류 유출구에는 하부 인가가 다수 분포하고 있어 강우 시 산악지의 위험사면등에서 산사태가 발생하거나 퇴적물과 붕괴 유실물이 토석류로 발생할 경우 인명 및 재산피해 가능성이 있으므로 이에 대한 사전 예방대책이 필요한 지역으로 선정되었다.현장조사 결과, 계류 일부 구간에서 지속적인 강우 침투나 풍화에 의해 연약화된 지반이 유실 또는 붕괴될 가능성이 있는 구역이 관찰되고, 지속적으로 붕괴가 진행될 것으로 판단됨에 따라 취약지역으로 선정하였다.""",2025-12-29
경상북도,문경시,농암면,갈동리,산84번지,36,34,0.816,128,0,51.995,사유림,계류황폐화가 진행중으로 집중호우시 하류 농경지 피해 위험,2025-12-29
경상북도,문경시,농암면,사현리,335번지,36,34,10.858,128,2,1.989,사유림,계류황폐화가 진행중으로 집중호우시 하류 농경지 피해 위험,2025-12-29
경상북도,문경시,농암면,화산리,812번지,36,35,9.879,127,57,35.671,사유림,계류황폐화가 진행중으로 집중호우시 하류 농경지 피해 위험,2025-12-29
경상북도,문경시,동로면,간송리,68번지,36,45,4.999,128,20,6.847,사유림,계류황폐화가 진행중으로 집중호우시 하류 농경지 피해 위험,2025-12-29
경상북도,문경시,동로면,노은리,701번지,36,46,32.972,128,17,3.201,사유림,계류황폐화가 진행중으로 집중호우시 하류 농경지 피해 위험,2025-12-29
경상북도,문경시,동로면,마광리,365번지,36,41,14.395,128,18,42.045,사유림,계류황폐화가 진행중으로 집중호우시 하류 농경지 피해 위험,2025-12-29
경상북도,문경시,동로면,석항리,563번지,36,47,17.417,128,20,34.944,사유림,계류황폐화가 진행중으로 집중호우시 하류 농경지 피해 위험,2025-12-29
경상북도,문경시,동로면,석항리,832번지,36,45,42.067,128,20,44.324,사유림,계류황폐화가 진행중으로 집중호우시 하류 농경지 피해 위험,2025-12-29
경상북도,문경시,동로면,적성리,39번지,36,47,7.165,128,19,23.924,사유림,계류황폐화가 진행중으로 집중호우시 하류 농경지 피해 위험,2025-12-29
경상북도,문경시,문경읍,관음리,산71번지,36,48,49.562,128,8,1.617,사유림,계류황폐화가 진행중으로 집중호우시 하류 농경지 피해 위험,2025-12-29
경상북도,문경시,문경읍,용연리,산77-1번지,36,46,24.499,128,10,47.448,사유림,계류황폐화가 진행중으로 집중호우시 하류 농경지 피해 위험,2025-12-29
경상북도,문경시,산북면,가곡리,397-7번지,36,40,24.599,128,17,42.116,사유림,계류황폐화가 진행중으로 집중호우시 하류 농경지 피해 위험,2025-12-29
경상북도,문경시,산북면,월천리,355번지,36,40,7.689,128,18,50.242,사유림,계류황폐화가 진행중으로 집중호우시 하류 농경지 피해 위험,2025-12-29
경상북도,문경시,산북면,이곡리,592번지,36,41,32.128,128,14,20.654,사유림,계류황폐화가 진행중으로 집중호우시 하류 농경지 피해 위험,2025-12-29
경상북도,문경시,산북면,전두리,311번지,36,44,48.406,128,14,56.634,사유림,계류황폐화가 진행중으로 집중호우시 하류 농경지 피해 위험,2025-12-29
경상북도,문경시,산북면,창구리,245번지,36,45,49.709,128,15,1.395,사유림,계류황폐화가 진행중으로 집중호우시 하류 농경지 피해 위험,2025-12-29
경상북도,문경시,산북면,호암리,513번지,36,45,59.54,128,14,13.043,사유림,계류황폐화가 진행중으로 집중호우시 하류 농경지 피해 위험,2025-12-29
경상북도,문경시,문경읍,관음리,산164외,36,48,16.113,128,9,50.512,사유림,"상시 계류수가 흐르고 있어 계안을 중심으로 월류 및 붕괴지가 발생된 상태로 지속적으로 토사가 유출되고 있음.측방침식이 발생됨에 따라 주변 지반 하부의 토사가 유출되고 있는 상태이며, 이로 인해 주변 지지력이 상실되면서 붕괴지가 확대되고 주변 수목들이 계류방향으로 전도되어 있는 상태임. 현상태에 계류수의 유량과 유속이 증가하는 우기 시에는 붕괴와 침식으로 발생한 퇴적물들이 계류 최단부에 위치하고 있는 인가와 경작지에 피해를 입힐 수 있으므로 산사태취약지역으로 지정 관리할 필요가 있음.",2025-12-29
경상북도,문경시,마성면,하내리,산237-1외,36,39,4.427,128,5,13.834,사유림,위험사면은 전체적으로 급경사를 이루고 있으며 하부 지지력 상실로 인한 낙석위험구역인 것으로 보아 추가적인 토석 낙하가 예상됨.사면으로 유수에 의한 구곡의 형성이 눈에 띄게 보이고 드러난 기반암은 풍화 작용을 많이 받아 부스러지고 있음.사면 전체적으로 퇴적암으로 이루어져 있고 일부 사면 내 균열이 진행 중인 것으로 보아 추후에 하부 인가와 보호시설에 피해가 예상되므로 산지사방을 통하여 예방하여야 한다고 판단됨.,2025-12-29
경상북도,문경시,산북면,호암리,산83외,36,45,19.839,128,13,49,사유림,"위험사면은 전체적으로 급경사를 이루고 있으며 생성되는 구곡과 하부 지지력 상실로 인한 추가적인 토석 낙하와 토사 유출이 예상됨.사면 아래 부분의 계류로 인하여 측방침식이 발생됨에 따라 사면 하부의 토사가 유출되고 있는 상태이며, 주변 지지력이 상실되면서 붕괴지가 확대되고 주변 수목들이 계류방향으로 전도되어 있는 상태임. 현 상태에 계류수의 유량과 유속이 증가하는 우기 시에는 붕괴와 침식으로 발생한 퇴적물들이 사면 아래 계류 최단부에 위치하고 있는 인가와 경작지에 피해를 입힐 수있음",2025-12-29
경상북도,문경시,가은읍,죽문리,산19임,36,38,33.199,127,59,59,사유림,"계류 좌측 사면으로 실제 산사태가 일어나 있음, 상부 이상에서 합류되는 지류들이 많음 (수지상 구조)",2025-12-29
경상북도,문경시,가은읍,갈전리,221임,36,37,17.399,128,5,31.1,사유림,드러나 있는 암반에 균열이 심하여 계류가 전반적으로 암반 지대임,2025-12-29
경상북도,문경시,산북면,월천리,산52-1임,36,40,20.399,128,18,45.9,사유림,계류 내 위험 요소가 상당하고 주변 붕괴지도 발견,2025-12-29
경상북도,문경시,영순면,이목리,산31-1임,36,33,34.812,128,16,51.336,사유림,사면에 절리와 균열이 심하고 사면에서 떨어진 퇴적물이 계류안으로 유출 중,2025-12-29
경상북도,문경시,마성면,외어리,산13임,36,42,4.299,128,10,44,사유림,하부부분에서 두갈래로 나뉘어졌다가 합쳐져서 도로쪽으로 계류수가 흐르고 있음(월류),2025-12-29
경상북도,문경시,마성면,외어리,산6임,36,42,2.499,128,10,8.3,사유림,하부에 본류는 사방댐 존재하고 안정화가 어느정도 진행되었지만 조사한 계류는 위험인자가 상당함,2025-12-29
경상북도,문경시,마성면,외어리,산5임,36,41,59.699,128,9,53.7,사유림,상부에서부터 퇴적물이 많이 쓸려내려온 상태로 하부까지의 유동이 예상됨,2025-12-29
경상북도,문경시,마성면,외어리,산5임,36,42,0.799,128,9,18.1,사유림,사면 황폐화가 심하여 하부에 시설물을 설치해 안정성을 높여야 함,2025-12-29
경상북도,문경시,산북면,전두리,산38-1임,36,45,4.836,128,15,54.995,사유림,전도되는 우목에 영향을 많이 받아 사면에 균열과 함몰이 확대될 가능성이 큼,2025-12-29
경상북도,문경시,가은읍,원북리,산1-1임,36,41,46.151,128,1,11.997,사유림,계류내에 전석 및 유목 등 퇴적물이 다수 분포하고 여러 지류들이 합류되어 강우시 유량이 상당히 많은편으로 토석류의 발생으로 피해가 우려됨,2025-12-29
경상북도,문경시,가은읍,원북리,산56임,36,41,20.283,128,0,15.898,사유림,"주원인으로 계류내 전석, 자갈, 유목 등 퇴적물이 다수 분포하고 있으며 여려개의 지류가합류되어 있어 강우시 하부 인가에 피해가 우려된다",2025-12-29
경상북도,문경시,마성면,정리,산41-1임,36,41,11.199,128,5,24.2,사유림,계류 양안으로 침식이 발달하고 우안에 붕괴지들이 다수 분포하고 있으며 계류내 퇴적물이 쌓여 있어 강우시 토석류 발생 위험이 있을 것으로 판단된다,2025-12-29
경상북도,문경시,가은읍,원북리,산12임,36,41,5.102,128,1,26.403,사유림,하부에 수련원이 있어 재해 발생시 인명피해가 우려되고 강우시 토석류 발생이 예상되며 계류내 퇴적물이 다수 존재하고 있다,2025-12-29
경상북도,문경시,가은읍,상괴리,산21임,36,40,41.878,128,0,59.561,사유림,계류내에 전석 및 유목 등 퇴적물이 다수 분포하고 여러 지류들이 합류되어 강우시 유량이 상당히 많은편으로 토석류의 발생으로 피해가 우려됨,2025-12-29
경상북도,문경시,가은읍,하괴리,산88-1임,36,40,28.899,128,2,56.1,사유림,"계류내 퇴적물인 유목, 유송잡물 등이 다수 분포하고 계류 양안으로 침식이 발달하고 식생이 계류방향으로 전도 되어 있고 계상퇴적지가 곳곳에 있어 강우시 토석류 발생확률이 있다",2025-12-29
경상북도,문경시,가은읍,하괴리,산109임,36,40,27.299,128,2,52.7,사유림,계류내에 전석 및 유목 등 퇴적물이 다수 분포하고 여러 지류들이 합류되어 강우시 유량이 상당히 많은편으로 토석류의 발생으로 피해가 우려됨,2025-12-29
경상북도,문경시,가은읍,상괴리,산73임,36,39,31.599,128,1,18.4,사유림,계류 좌안으로 붕괴지들이 다수 위치하고 계류내 자갈 및 유목등 퇴적물이 많이 강우시 토석류 발생이 우려됨,2025-12-29
경상북도,문경시,가은읍,하괴리,산150-1임,36,39,24.045,128,1,34.896,사유림,"계류수가 상시흐르며 계류내 전석 분포가 중간부 위로 타나나고 계류내 유목, 유송잡물이 다수 분포하고 있으며 계상퇴적지도 다수 분포하고 있다",2025-12-29
경상북도,문경시,불정동,,산32-5임,36,38,41.899,128,8,51.8,사유림,사면이 축축한 편으로 강우 시 유량의 증가로 인해 사면침식이 더 활발해져 토석류 및 산사태 발생가능성이 있을 것이라고 예상됨,2025-12-29
경상북도,문경시,가은읍,성저리,산10임,36,37,18.29,128,2,50.365,사유림,계류내에 전석 및 유목 등 퇴적물이 다수 분포하고 여러 지류들이 합류되어 강우시 유량이 상당히 많은편으로 토석류의 발생으로 피해가 우려됨,2025-12-29
경상북도,문경시,가은읍,저음리,산78임,36,37,8.602,128,5,33.763,사유림,기본사방시설물이 있지만 시설물이 파손되어 있어 복구나 새로운 사방시설물이 필요하고 계류내 전석 및 유목 등 퇴적물이 다수분포하고  있다,2025-12-29
경상북도,문경시,영순면,달지리,산15임,36,34,6.799,128,17,0.1,사유림,사면내에 토사가 유실되고 그로인하여 지지력 약화로 인한 함몰이 발생됨,2025-12-29
경상북도,문경시,영순면,의곡리,산68-1임,36,33,42.699,128,13,28.5,사유림,유출구 부근에 나무를 벌목해 방치해두었는데 장마시 떠내려와 지하배수구를 막아 월류할 가능성 있음,2025-12-29
경상북도,문경시,영순면,말응리,산93임,36,32,29.799,128,15,36.1,사유림,사면내에 토사가 유실되고 그로인하여 지지력 약화로 인한 함몰이 발생됨,2025-12-29
경상북도,문경시,산북면,흑송리,산20임,36,39,9.401,128,20,35.102,사유림,사면내에 토사가 유실되고 그로인하여 지지력 약화로 인한 함몰이 발생됨,2025-12-29
경상북도,문경시,문경읍,당포리,산129임,36,45,29.499,128,9,6.6,사유림,유목이 계류내에 다수 위치하고 있고 계류 양안으로 다수의 붕괴지가 분포하고 있으며 하안침식이 발달되어 있고 사면의 경사가 급하다.,2025-12-29
경상북도,문경시,문경읍,지곡리,산65-8임,36,45,27.799,128,7,4.2,사유림,토심이 비교적 깊은편이고 하부에 다수의 인가가 위치하고 있으며 우측사면에 침식이 발달되어 있고 강우시 토석류 발생의 위험이 있고 우측사면이 불안정하고 붕괴지 등이 발달 되어 있다,2025-12-29
경상북도,문경시,문경읍,지곡리,산141임,36,45,20.699,128,6,52.5,사유림,상부100m 지전부터 계류의 폭이 넓어지고 깊어지며 양안의 사면에 수목이 전도 및 쓰러짐 현상이 발생하고 잇으며 계류내 퇴적물이 적치되어 있다,2025-12-29
경상북도,문경시,문경읍,지곡리,산31임,36,45,9.489,128,7,16.62,사유림,비교적 소규모의 계류 이며  상부로 갈 수록 폭이 넓어지고 깊이가 깊어지는 형태이며 양안으로 침식이 발달되어 있어 강우시 토석류 발생 가능성이 있다,2025-12-29
경상북도,문경시,문경읍,팔영리,산255임,36,45,5.537,128,8,3.88,사유림,중간부 위로 월류의 흔적이 있고 계류내 자갈 등 퇴적물이 분포하고 있으며 상시 계류수로 인하여 침식작용이 지속적으로 일어 나고 있다,2025-12-29
경상북도,문경시,문경읍,각서리,산33-2임,36,45,4.678,128,2,11.318,사유림,강우시 퇴적물 및 유목이 하부 인가로 쓸려 내려온다는 주민의 인견이 있었으며 월류의 흔적이 확인되었음.,2025-12-29
경상북도,문경시,문경읍,각서리,산33-2임,36,45,5.129,128,2,11.797,사유림,계류 주변부의 사면에서 침식이 발달하여 부에 위치한 다수의 인가로의 인명 및 재산의 피해발생이 우려되므로 계류 양안의 침식을 막아줄 수 있는 계류보전이 필요하다고 판단됨.,2025-12-29
경상북도,문경시,산북면,전두리,산46임,36,44,57.501,128,15,14.302,사유림,하부 보호대상 인가에 대하여 토석류나 산사태 발생 시 계류 하부로 인가가  위치하고 있어 집중호우 시 하부 인가로부터 인명과 재산 피해발생이 우려됨,2025-12-29
경상북도,문경시,문경읍,각서리,산40-1임,36,44,51.299,128,2,24.877,사유림,계류내 유목 및 퇴적물 등이 다수 분포하고 강우시 퇴적물이 토석류로 발달되어 하부인가에 피해가 우려되고 있다.,2025-12-29
경상북도,문경시,동로면,간송리,437-1임,36,44,20.801,128,19,22.702,사유림,사방시설의 설치와 유지관리가 효율적으로 이루어질 수 있는 구간으로 판단됨,2025-12-29
경상북도,문경시,동로면,간송리,423임,36,44,19.944,128,19,18.885,사유림,전체적으로 대상지 내 사면이 축축한 편으로 강우 시 유량의 증가로 인해 사면침식이 더 활발해져 토석류 및 산사태 발생가능성이 있을 것이라고 예상됨,2025-12-29
경상북도,문경시,산북면,석봉리,451-3임,36,43,33.601,128,12,32.602,사유림,측방침식과 하부 월류로 인하여 계류가 계류로서의 구실을 하지 못하기 때문에 계류보전 사업을 통해 안정성과 인근 주민의 불편함을 해소해야 함,2025-12-29
경상북도,문경시,산북면,석봉리,산136임,36,43,23.001,128,12,45.002,사유림,유출구 부근의 지대가 낮아 월류되어 인근지역으로 피해를 줄 가능성이 높아보임,2025-12-29
경상북도,문경시,동로면,인곡리,산135임,36,42,29.901,128,18,10.102,사유림,평소에도 퇴적물의 유동이 많은 곳이라 강우시에는 잠재적인 위험성을 다분히 갖추고 있음,2025-12-29
경상북도,문경시,산북면,종곡리,산72임,36,42,5.001,128,15,38.502,사유림,사면이 축축한 편으로 강우 시 유량의 증가로 인해 사면침식이 더 활발해져 토석류 및 산사태 발생가능성이 있을 것이라고 예상됨,2025-12-29
경상북도,문경시,동로면,마광리,산94-8임,36,41,47.801,128,18,20.002,사유림,사면 내에 균열이 발생하여 산사태 및 토석류의 발생 가능성이 높아보임,2025-12-29
경상북도,문경시,호계면,호계리,산84임,36,40,54.101,128,10,49.402,사유림,사방시설의 설치와 유지관리가 효율적으로 이루어질 수 있는 구간으로 판단됨,2025-12-29
경상북도,문경시,산북면,회룡리,산5임,36,40,7.701,128,17,21.402,사유림,사면 황폐화로 인하여 뿌리가 노출되어 있는 곳이 많고 그로인해 우목이 전도되어 위험함,2025-12-29
경상북도,문경시,호계면,지천리,산82임,36,39,43.901,128,13,32.502,사유림,사면내에 토사가 유실되고 그로인하여 지지력 약화로 인한 함몰이 발생됨,2025-12-29
경상북도,문경시,산북면,대하리,산60임,36,39,45.901,128,15,31.202,사유림,경사가 급하고 유목이 많아 집중호우시 계류가 막혀 위험성이 증가될 가능성이 높아보임,2025-12-29
경상북도,문경시,산북면,대상리,산19임,36,39,32.801,128,15,21.002,사유림,사면내에 토사가 유실되고 그로인하여 지지력 약화로 인한 함몰이 발생됨,2025-12-29
경상북도,문경시,산북면,월천리,산18임,36,39,44.601,128,19,21.602,사유림,전체적으로 대상지 내 사면이 축축한 편으로 강우 시 유량의 증가로 인해 사면침식이 더 활발해져 토석류 및 산사태 발생가능성이 있을 것이라고 예상됨,2025-12-29
경상북도,문경시,호계면,우로리,산85임,36,39,0.701,128,12,15.302,사유림,사면내에 토사가 유실되고 그로인하여 지지력 약화로 인한 함몰이 발생됨,2025-12-29
경상북도,문경시,호계면,구산리,산40임,36,38,7.001,128,13,6.702,사유림,"계류 내 사면에서 침식이 발생하고 있으며, 전체적으로 대상지 내 사면이 축축한 편으로 강우 시 유량의 증가로 인해 사면침식이 더 활발해져 토석류 및 산사태 발생가능성이 있을 것이라고 예상됨",2025-12-29
경상북도,문경시,호계면,구산리,산56-3임,36,37,56.101,128,12,53.802,사유림,하부 보호대상 인가에 대하여 토석류나 산사태 발생 시 계류 하부로 인가가  위치하고 있어 집중호우 시 하부 인가로부터 인명과 재산 피해발생이 우려됨,2025-12-29
경상북도,문경시,호계면,막곡리,산26-1임,36,37,40.301,128,12,31.502,사유림,사방시설의 설치와 유지관리가 효율적으로 이루어질 수 있는 구간으로 판단됨,2025-12-29
경상북도,문경시,문경읍,평천리,산28임,36,47,33.995,128,8,4.555,사유림,계루내에 계상퇴적지들이 다수 분포하고 양안으로 침식이 발달되어 있으며 상시 계류수로 인하여 하부 경작지들이 지속적으로 침식이 발생하고 우측 사면의 수목이 계류방향으로 전도 되어 있다,2025-12-29
경상북도,문경시,문경읍,평천리,산30임,36,47,43.17,128,8,8.257,사유림,"계류에 유목 및 유송잡물과 전석, 자갈 등이 다수 분포하고 있으며 우측사면이 전체적으로 불안정하고 상부 사면에 균열 및 붕괴가 발생하고 있다.",2025-12-29
경상북도,문경시,문경읍,평천리,산24임,36,47,30.715,128,8,17.383,사유림,계류 양안의 수목이 계류방향으로 전도되어 있고 상부로 갈수록 계류폭이 넓어지고 깊어지는 형태를 나타내고 있다,2025-12-29
경상북도,문경시,동로면,적성리,산141임,36,47,7.501,128,18,34.302,사유림,유역면적은 넓으나 계류의 폭이 좁고 퇴적물이 많아 토석류 위험지역으로 분류,2025-12-29
경상북도,문경시,문경읍,갈평리,산144-1임,36,47,13.599,128,10,37.9,사유림,상부사면에 산사태의 위험이 큰곳이 보이고 계류내 자갈 및 유송잡물이 적치되어 있으며 계류 우측사면의 수목이 계류방향으로 전도되어 있다,2025-12-29
경상북도,문경시,문경읍,팔영리,산91임,36,46,49.207,128,7,48.065,사유림,계류 양안으로 침식이 발달되어 있고 다수의 지류들이 합류되어 유량이 많을 것으로 예상되고 계류내 전석 및 자갈 등 퇴적물이 다수 분포하고 있다.,2025-12-29
경상북도,문경시,산북면,가좌리,산37임,36,46,43.501,128,14,57.902,사유림,사방시설없이 마을을 통과하는 직류에 가까운 곡류의 계류라 시설물을 설치하여 안정성을 높일 필요가 있음,2025-12-29
경상북도,문경시,동로면,석항리,산309임,36,47,24.601,128,20,26.602,사유림,사방시설의 설치와 유지관리가 효율적으로 이루어고 피해를 최소화 시킬 수 있는 구간으로 판단됨,2025-12-29
경상북도,문경시,동로면,석항리,산19-1임,36,47,5.601,128,21,38.102,사유림,토사유출과 수목의 전도 등에 의하여 토석류 발생 가능성을 다분히 함유하고 있는 지역,2025-12-29
경상북도,문경시,동로면,석항리,산19-1임,36,47,0.601,128,21,42.202,사유림,임도가 존재하고 상부로 갈수록 경사도 높아져 토석류가 발생할 잠재적요인을 다분히 갖추고 있음,2025-12-29
경상북도,문경시,동로면,석항리,산28임,36,46,53.401,128,21,43.302,사유림,유역면적이 크고 상부로 갈수록 토심이 깊어져 강우시 상부에서부터 토석류 발생할 가능성이 높음,2025-12-29
경상북도,문경시,문경읍,용연리,산39임,36,46,33.943,128,10,55.281,사유림,계류내 전석 및 유목 등 다수의 퇴적물이 있고 붕괴지가 발달되어 있으며 여러 개의 지류가 합류되어 있어 강우시 피해 우려가 있다.,2025-12-29
경상북도,문경시,문경읍,관음리,산7-6임,36,48,13.147,128,9,46.836,사유림,"측방침식이 발생됨에 따라 주변 지반 하부의 토사가 유출되고 있는 상태이며, 이로 인해 주변 지지력이 상실되면서 붕괴지가 확대되고 주변 수목들이 계류방향으로 전도되어 있는 상태임.현상태에 계류수의 유량과 유속이 증가하는 우기 시에는 붕괴와 침식으로 발생한 퇴적물들이 계류 최단부에 위치하고 있는 인가와 경작지에 피해를 입힐 수 있으므로 산사태취약지역으로 지정?관리할 필요가 있음.",2025-12-29
경상북도,문경시,문경읍,상초리,산40임,36,46,39.199,128,5,11.9,사유림,"풍화와 유수에 의한 침식에 의해 주변 지반 하부의 토사가 유출되고 있는 상태이며, 이로 인해 주변 지지력이 상실되면서 붕괴지가 확대되고 주변 수목들이 계류방향으로 전도되어 있는 상태임.현 상태에 우기 시에는 붕괴와 침식으로 발생한 퇴적물들이 사면 최단부에 위치하고 있는 인가와 보호시설에 피해를 입힐 수 있으므로 산사태취약지역으로 지정 ? 관리할 필요가 있음.",2025-12-29
경상북도,문경시,동로면,노은리,산50임,36,45,50.601,128,18,40.302,사유림,하부 보호시설로는 도로 및 시설물이 존재하며 차량의 이동이 많은 것으로 보아 산지재해 발생 시 많은 피해가 예상됨.현 지역은 위험사면 하부에 토사와 자갈이 다량 존재하는 것으로 보아 강우 시 빗물에 의한 침식이 발생 될 가능성이 있으므로 하부 피해를 최소화하기 위한 산지사방사업이 필요함.,2025-12-29
경상북도,문경시,동로면,석항리,산298-2임,36,47,28.001,128,20,7.602,사유림,토사유출로 인하여 하부인가에 피해를 주기 때문에 사면안정화를 시켜야 함,2025-12-29
경상북도,문경시,동로면,간송리,산4-4임,36,45,21.401,128,19,18.302,사유림,전도되는 우목에 영향을 많이 받아 사면에 균열과 함몰이 확대될 가능성이 큼,2025-12-29
경상북도,문경시,농암면,내서리,산54임,36,32,27.496,127,57,57.623,사유림,"과거 주민의 피해이력이 존재하는 지역으로 계류 내 전석분포도가 높고 토석류 발생시 하부 산장에 인명, 재산 피해를 입힐 가능성이 높아 취약지역으로 선정하여 예방, 관리하고자 함.",2025-12-29
경상북도,문경시,마성면,상내리,산148-1임,36,41,9.723,128,3,33.992,사유림,전도된 수목과 쓰레기 등으로 인해 계류의 통수능이 불량한 상태이며 이로 인해 경작지의 월류피해가 예상되어 이를 정비해야 할 필요성이 있다고 사료됨.,2025-12-29
경상북도,문경시,가은읍,갈전리,산32임,36,37,45.999,128,5,33.04,사유림,"계류 내 침식과 세굴로 인해 퇴적물이 다수 존재하며, 현재 배수시설이 없고 과거 퇴적물로 인한 피해이력이 존재하여 소규모 배수시설을 통한 예방과 관리가 필요하다고 사료됨.",2025-12-29
경상북도,문경시,동로면,명전리,산29-2임,36,50,50.701,128,15,4.697,사유림,유역이 크고 계류 내 세굴 및 침식에 취약한 계류로 상부 90M지점 임도 개설로 일부 계류훼손이 관찰되는 등 계류보전사업이 필요할 것으로 판단되는 계류임.,2025-12-29
경상북도,문경시,문경읍,용연리,산28-1임,36,46,47.463,128,10,32.071,사유림,"노출된 암반사면 상부 토사층의 유실이 다수 관찰되며 계류 내 지류 합류 및 침식, 세굴이 관찰되는 등 토석류 발생 억제를 위한 계류보전 사업이 필요할 것으로 사료됨",2025-12-29
경상북도,문경시,농암면,화산리,산61-1임,36,35,19.599,127,57,37.04,사유림,"계류 내 불안정한 전석이 다수 분포하여 집중호우 시 전석의 유동으로 인한 재산, 인명 피해가 우려되어 취약지역으로 지정하여 관리할 필요성이 있다고 사료됨.",2025-12-29
경상북도,문경시,농암면,화산리,산63임,36,34,59.599,127,57,39.3,사유림,계류 내 소규모 전석과 유송잡물이 존재하여 계류의 원활한 흐름을 방해하고 있어 임도와 경작지에 월류로 인한 피해를 줄 것으로 예상되어 취약지역 지정을 통한 관리를 제안함.,2025-12-29
경상북도,문경시,마성면,상내리,1135구,36,41,4.199,128,3,39.4,사유림,지반이 취약하여 사면의 토사유출이 빈번하고 토석류로 인한 피해이력이 있어 취약지역으로 지정하여 대책을 마련해야 할 것으로 사료됨.,2025-12-29
경상북도,문경시,문경읍,관음리,산125-6임,36,48,22.599,128,8,48.341,사유림,"중간부 이후 침식 세굴이 진행 중이며, 계류 내 소규모 전석이 다수 분포하고 있는 계류로 집중호우 시 퇴적물 이동이 용이하여 계류보전 사업 검토가 필요할 것으로 사료됨",2025-12-29
경상북도,문경시,동로면,생달리,산98임,36,48,44.999,128,14,57.041,사유림,계류 폭이 넓고 토석류가 발생된 흔적이 관찰되는 계류로 계상 내 퇴적물 분포비율이 높아 집중강우 시 하부로 유출될 경우 인명 및 재산피해가 우려됨.,2025-12-29
경상북도,문경시,농암면,내서리,산9-1,36,32,42.199,127,57,40.74,사유림,80ha 가량의 유역면적을 가지며 계류 내 퇴적물 분포가 높아 퇴적물의 유동가능성이 높은 지역으로 취약지역으로 지정하여 하부 인가와 도로의 피해를 예방하기 위한 시설물 설치를 제안함.,2025-12-29
경상북도,문경시,가은읍,하괴리,산181,36,40,12.399,128,2,4.54,사유림,사면의 토사유출이 지속적으로 일어나 기 사방시설물의 수명을 감소시키고 있어 취약지역으로 지정하여 추가적인 시설물 확보가 필요하다고 판단됨.,2025-12-29
경상북도,문경시,문경읍,중평리,산45,36,47,46.099,128,13,7.941,사유림,"소규모 하천으로 유입되는 계류의 위험사면으로 붕적층을 형성하고 있으며, 향후 추가 붕괴의 우려가 있어 산지사방 사업이 필요할 것으로 사료됨",2025-12-29
경상북도,문경시,문경읍,관음리,781구,36,48,42.699,128,7,11.841,사유림,"계류 중간부 지점 지류가 합류하며, 지류 합류부의 침식, 세굴이 심하게 진행 중이며 계류 전구간에 걸쳐 침식이 진행 중으로 계류보전 및 사방댐 설치사업이 필요할 것으로 사료됨",2025-12-29
경상북도,문경시,동로면,노은리,산52-2,36,45,50.023,128,18,29.071,사유림,산사태발생지역으로 거대붕괴지로부터 지속적인 토사유출로 농경지 피해가 관찰되며 지반이 취약하여 붕괴확대가 우려됨. 또한 상부 퇴적물분포비율이 높아 집중강우 시 하부로 유출될 경우 2차피해가 우려되므로 사방사업이 시급할 것으로 사료되는 지역임.,2025-12-29
경상북도,문경시,산북면,창구리,265-1 임,36,45,41.099,128,14,45.641,사유림,"마사토질에 사면으로 지반이 취약하고, 거대 붕괴형태를 보이고 있음. 현재 사면으로 지속적인 토사유출과 균열이 관찰되는 등 불안한 사면형태를 보이고 있어 방치할 경우 2차피해가 우려되므로 적절한 사방사업이 필요할 것으로 사료됨.",2025-12-29
경상북도,문경시,산북면,김용리,450 구,36,43,34.092,128,13,28.108,사유림,여러 지류와 합류되는 계류로 유량이 많고 유역면적이 큼. 또한 전석분포비율이 높아 집중강우 시 하부로 유출될 경우 인명 및 재산피해가 우려됨.,2025-12-29
경상북도,문경시,가은읍,완장리,산42-3,36,40,0.405,127,58,36.779,사유림,전석이 다수 분포하고 상시 계류수가 흐름.,2025-12-29
경상북도,문경시,산북면,석봉리,산54-2,36,43,52.128,128,11,44.953,사유림,상류부로 갈수록 경사가 심해지고 전석이 다수분포함. 또한 양안에 침식이 있음.,2025-12-29
경상북도,문경시,산북면,석봉리,719임,36,43,12.799,128,11,43.2,사유림,계류 상부 유역의 벌목으로 인해 강우 시 다양한 형태의 침식이 발생할 가능성이 있음. 침식으로 인하여 과실수 단지 및 하부 민가의 피해가 우려됨.,2025-12-29
경상북도,문경시,마성면,상내리,산96임,36,41,46.699,128,3,26.8,사유림,계류내 전석 분포비율이 높고 일부 산사태 흔적이 관찰 되었음. 추가 붕괴 가능성이 있으므로 취약지역으로 지정하여 관리할 필요가 있음.,2025-12-29
경상북도,문경시,가은읍,원북리,산95구,36,41,59.999,128,0,52,사유림,"장마 시 유수 및 퇴적물의 다량 이동으로 주민이 위험을 느끼고 있으며, 유송잡물 및 퇴적물이 다량 적치된 상태로 확인되어 취약지역으로 선정함.",2025-12-29
경상북도,문경시,가은읍,상괴리,산29-1임,36,40,43.999,128,0,46,사유림,유수에 의한 지속적인 월류피해로 주민이 불편을 호소하고 지속적으로 민원을 제기함으로 취약지역으로 선정함,2025-12-29
경상북도,문경시,가은읍,완장리,산29-3임,36,40,19.999,127,59,49,사유림,"경작지 부근에서는 농지유실이 관측되고 상부 산지내부에 표층유실로 인한 토사유출, 수목전도, 퇴적물 유동흔적과 같은 위험요소들이 관측되어 취약지역으로 선정함",2025-12-29
경상북도,문경시,가은읍,죽문리,산11임,36,39,21.999,128,0,11,사유림,유수에 의한 소규모 토사유출 현상이 관찰되므로 이로 인한 침식지 확장 및 추가붕괴 방지를 위한 소규모 시설물이 필요한 지역이므로 취약지역으로 선정하여야 할 것으로 사료됨,2025-12-29
경상북도,문경시,가은읍,하괴리,산165임,36,39,11.999,128,2,42,사유림,계류 상부 유목 및 유송잡물이 적치되어 있으며 계류 양안 표층유실이 확인되는 유역으로 취약지역으로 선정하여 관리하는 것이 적절할 것으로 사료됨.,2025-12-29
경상북도,문경시,불정동,,산74임,36,37,23.599,128,8,20.9,사유림,"강우 시 계상에 퇴적된 토석이 유동할 경우 하부 민가 및 농경지에 인적, 물적 피해가 예상됨.",2025-12-29
경상북도,문경시,가은읍,수예리,산93임,36,35,23.999,128,3,36,사유림,경작지가 위치하고 최단부 주변은 축사 및 도로가 인접하고 있어 토석류 발생시 재산피해의 우려가 있어 취약지역으로 선정 및 관리가 필요할 것으로 사료됨,2025-12-29
경상북도,문경시,농암면,사현리,154임,36,34,45.999,128,2,19,사유림,"계안 내 표층유실, 수목전도, 뿌리노출 등 위험요소가 존재해 취약지역으로 선정함",2025-12-29
경상북도,문경시,문경읍,갈평리,산158-1임,36,47,4.994,128,11,2.091,사유림,침식 및 세굴에 의한 대규모 붕괴로 인해 토사가 지속적으로 유출되고 있으며 확대될 가능성이 있으므로 계류환경을 개선할 필요가 있음.,2025-12-29
경상북도,문경시,동로면,적성리,산137임,36,46,38.399,128,18,11.9,사유림,"흙의 전단력이 약하여 쉽게 침식 및 붕괴 되므로 강우 시 하부 생활권에 인적, 물적 피해가 예상됨.",2025-12-29
경상북도,문경시,가은읍,죽문리,771구,36,38,46.681,127,59,9.073,사유림,"계류 내 자갈, 모래, 낙엽 등 퇴적물이 유동한 흔적이 관찰되고 표층유실 및 수목전도현상도 관찰되며 암반풍화도가 높아 취약지역으로 선정함",2025-12-29
경상북도,문경시,농암면,궁기리,산1-3임,36,37,40.999,127,58,16,사유림,계류 하부 방향으로 인가가 인접하고 있어 토석류 발생시 재산 및 인명피해의 우려가 있어 취약지역으로 선정 및 관리가 필요할 것으로 사료됨,2025-12-29
경상북도,문경시,농암면,궁기리,산9임,36,37,14.999,127,58,25,사유림,계류 내 국부적으로 침식 및 붕괴지가 존재하고 퇴적물 분포비율이 높아 강우 시 월류피해가 우려되므로 취약지역으로 선정해야 할 것으로 사료됨.,2025-12-29
경상북도,문경시,농암면,궁기리,633구,36,36,56.226,127,57,43.752,사유림,"표층유실, 뿌리노출, 소규모의 퇴적물 유동흔적이 관측되어 취약지역으로 선정함",2025-12-29
경상북도,문경시,문경읍,지곡리,산49임,36,45,14.699,128,7,10.8,사유림,"본 조사지는 심한 침식으로 인해 계류 하상에 암반이 노출되는 등 지속적인 풍화가 진행되고 있음. 따라서 강우 시 인적, 물적 피해를 예방하기 위하여 적절한 대책이 필요할 것으로 판단됨.",2025-12-29
경상북도,문경시,문경읍,당포리,산50임,36,45,8.199,128,9,52.8,사유림,유역 전체가 암반으로 이루어져 있어서 강우 시 급격한 유량 증가가 예상되며 기존 골막이 시설만으로는 안전을 확보하는데 어려움이 있을 것으로 판단됨.,2025-12-29
경상북도,문경시,문경읍,각서리,산38-1임,36,44,58.099,128,2,23.5,사유림,산지 개간으로 인해 지속적으로 토사가 유출되고 있으며 산지사면에 수평절리가 발달해 있음.,2025-12-29
경상북도,문경시,산북면,전두리,산105임,36,44,18.399,128,14,58.8,사유림,과거 산사태 피해 이력이 있으며 지속적인 토사 유출이 발생하고 있음. 계류 규모에 비해 배수 시설이 협소하여 하부에 민가 및 도로 등의 피해가 우려됨.,2025-12-29
경상북도,문경시,산북면,전두리,산91-1임,36,44,20.799,128,15,28.9,사유림,계상에 퇴적된 전석 및 다량의 유송잡물이 강우 시 유동하면 하부 농경지 및 민가에 피해가 우려되므로 취약지역으로 선정하여 관리할 필요가 있음.,2025-12-29
경상북도,문경시,산북면,소야리,산47-4임,36,43,51.499,128,16,19.5,사유림,"일부 구간에 다량의 퇴적물이 관찰 되었으며, 침식 및 세굴로 인한 민가 및 농경지 피해가 우려됨.",2025-12-29
경상북도,문경시,산북면,석봉리,산126-1임,36,43,25.499,128,12,29.6,사유림,침식 및 퇴적이 반복되고 있어서 강우 시 하부 민가 및 과실수 단지에 토석 유출의 피해가 발생할 수 있음.,2025-12-29
경상북도,문경시,산북면,내화리,산7임,36,41,43.999,128,17,40.2,사유림,"계류내 퇴적된 유목 및 고사목이 강우 시 유동할 경우 하부에 인적, 물적 피해가 예상되므로 취약지역으로 설정할 필요가 있음.",2025-12-29
경상북도,문경시,동로면,간송리,산8-1임,36,45,30.399,128,19,34.3,사유림,"계류내 퇴적된 유송잡물이 강우 시 일시에 유동하면 하부 농경지 및 민가에 인적, 물적 피해가 우려됨.",2025-12-29
