연번,지번,위도,경도,취약지역유형,취약지역지정사유,소유별
1,경상북도 구미시 지산동 산19-2임,36.1397219,128.3444444,토석류,초등학교 옆 사면에서 함몰현상이 관측되며 토사유출량이 많아 주민이 불안해하고 있는 실정으로 취약지역으로 선정하는 것이 타당하다 판단됨,사유림
2,경상북도 구미시 지산동 산27-3임,36.1330831,128.3425556,토석류,"본 계류 유출구에는 전도 가능성이 있는 전석들이 일부 분포하고, 붕괴지가 일부 구간에 발생한 상태로 피해가 우려되는 상태이다. 그러나 이를 미연에 방지하거나 방호할 수 있는 시설물이 유출구 부근에는 부재한 상태로 산사태나 토석류에 의한 피해가 발생할 수 있음에 따라 취약지역으로 선정하였다",사유림
3,경상북도 구미시 지산동 산15임,36.1427775,128.3447222,토석류,"유역면적은 작은 편이나 노출된 기반암의 풍화도가 높고 퇴적물 유동흔적 및 표층유실, 세굴, 풍화로 인한 토사유출이 관측되므로 취약지역으로 선정함",사유림
4,경상북도 구미시 지산동 산 8 임,36.1464997,128.3446944,토석류,지속적인 풍화와 강우침투에 의해서 연약화된 부분이 붕괴된 구역과 추가로 붕괴가 발생한 구역이 관찰됨에 따라 집중호우시 하부인가부근까지 토석들이 유입될 수 있다. 그러나 이를 미연에 방지하거나 방호할 수 있는 시설물이 유출구 부근에는 부재한 상태로 산사태나 토석류에 의한 피해가 발생할 수 있음에 따라 취약지역으로 선정하였다.,사유림
5,경상북도 구미시 지산동 산15-1임,36.1438886,128.3447222,토석류,"계류 내부로 붕괴지가 관측되고 전도된 수목이 많으며 퇴적물 유동흔적 및 표층유실, 세굴, 풍화로 인한 토사유출이 관측되므로 취약지역으로 선정함",사유림
6,경상북도 구미시 도량동 산33-1임,36.1444444,128.325,산사태,사면에서 불규칙한 침식으로 인한 표층유실이 심하게 나타나 하부 인가에 직접적 피해의 우려가 있음,사유림
7,"경상북도 구미시 봉곡동  716구,산1-1임",36.1614817,128.3075689,토석류,"본 계류는 일정범위 이상의 규모를 가지고 있는 유역으로 전석이 다수 존재하고 계안침식, 암반풍화도가 높은 등 위험요소들이 산재하므로 사방댐을 시공해 하부 인가를 보호하는 것이 좋을 것으로 판단됨",사유림
8,경상북도 구미시 봉곡동 산35구,36.1598597,128.3082225,토석류,"토심이 깊고 계류의 종단 경사가 비교적 급하며, 계류 내 풍화암 노출 및 암괴 등으로 인한 물길 방해구간이 존재해 호우 시 피해 우려됨.",사유림
9,경상북도 구미시 부곡동 산9임,36.1622778,128.29925,토석류,"본 대상지는 부곡동 ""북봉산"" 동변의 산지계류로 계류 하부  인가 및 경작지가 위치하고 있음대상 계류에 산발적인 침식과 유동성 토사석이 관찰되며, 계류 주변의 도복목이 다수 관찰되어 유목으로 계상으로 유입될 것으로 판단되는 등 산지토사재해의 위험징후가 관찰됨",사유림
10,경상북도 구미시 선기동 산55-10임,36.1280833,128.302,토석류,본 대상지는 선기동에 위치한 대성저수지 동쪽 자락에 자리하고있으며 계류하부에 농막1개소가 위치하고 있음.과거에 월류 피해가 발생한바 있고 추가 위험성이 있어 사방사업을 요청하였으며 계상에 다량의 암반이 노출되어 있으나 횡침식이 발달하고 있고 계류상부에 토사가 일부 적체되어 있어 취약지역 지정 및 계류보전사업이 권장됨.,사유림
11,경상북도 구미시 수점동 산4-2임,36.1248569,128.2926483,토석류,"식당 및 도로가 연접한 계류로 위험사면을 중심으로 사면 황폐화가 진행 중이며 식생의 뿌리 노출 등 세굴, 침식이 관찰되어 계류보전 사업의 검토가 필요할 것으로 사료됨",사유림
12,경상북도 구미시 수점동 산17,36.1181667,128.2831944,토석류,"본 대상지는 구미시 수점동 산17번지 일원에 위치한 산지계류로 하류에는 농막, 농경지 등이 분포하고 있으며, 상부는 일반 산림지역임현장조사 결과, 호우 시 마다 홍수수위가 계류를 월류한 흔적이 관찰되었으며, 계류 내 침식.붕괴 등의 위험징후가 존재하고 있어 집중호우 시 일시에 하류로 유출될 우려가 있는 지역으로 판단됨",사유림
13,경상북도 구미시 남통동 산15-1임,36.10017,128.32074,토석류,계류 상부에 전석과 자갈이 다수 존재하여 하부로 유동 시 사찰 및 도로에 피해를 입힐 가능성이 있어 취약지역으로 지정을 제안함.,사유림
14,경상북도 구미시 남통동 373-3구,36.1260275,128.3169444,토석류,"본 계류는 황폐화가 진행되고 있는 유역으로 기반암 하상위에 전석과 자갈이 퇴적되어 있으며, 유출구 지점으로부터 151.2m 지점까지 좌측 계안이 5곳, 우측 계안이 2곳의 붕괴가 발생한 상태이며, 계류내에 물이 흐르고 있어 호우 시 유량이 상당히 많을 것으로 예상이 되며 상부사면에서 붕괴된 퇴적물이 물과 함께 빠르게 이동되어 계류 하부 인가에 피해를 줄 수 있는 지역임.",사유림
15,"경상북도 구미시 남통동  산26임,산26-2임, 산26-3임",36.1112758,128.3106567,산사태,옹벽 상부 사면내 침식으로 인한 토사유출이 지속적으로 관찰되고 이로인한 수목의 뿌리가 노출되어 전도의 위험성이 있음,사유림
16,"경상북도 구미시 형곡동 853구, 688-4 대",36.1069719,128.3282222,산사태,"현장조사 결과, 본 계류 주변부는 지속적인 풍화와 외부적인 요인에 의해서 지반이 연약화되어 있는 상태로 붕괴구간이 다수 관찰됨에 따라 붕괴유실물이 계류 내 적치되어 있는 상태이다. 그러나 유실물이 유하될 경우 미연에 방지하거나 방호할 수 있는 시설물이 유출구 부근에는 부재한 상태로 산사태나 토석류에 의한 피해가 발생할 수 있음에 따라 취약지역으로 선정하였음.",사유림
17,경상북도 구미시 형곡동 산41-9임,36.1053056,128.3303056,산사태,"절개사면에 토사유출 방지망을 설치하여 토사유출 및 낙석발생을 예방하였으나, 사면의 습도가 높고, 방문객이 많은 시설으로 추가적인 사방사업보다 비구조적 대책이 필요할 것으로 사료됨",사유림
18,경상북도 구미시 형곡동 산79임,36.1128333,128.3272222,토석류,"본 대상지는 형곡동 ‘정인팰리체’ 빌라 상류에 위치한 산지계류로, 계류하부에 빌라와 농경지가 위치하고 있음현장조사결과, 계류 내 다수의 침식지가 관찰되며, 계상에 유목 및 도복목이 적채되어 있고진입로가 협소하여 사방사업 시행이 어려울 것으로 판단되며, 비구조적대책인 대피체계 구축이 권장됨",사유림
19,경상북도 구미시 형곡동 산25-6임,36.1003419,128.3365414,토석류,토심이 깊고 종단 물매가 급하며 계류 내 풍화암 노출 및 다양한 입경의 토석들이 산재해 있어 호우 시 하부 피해 우려됨.,사유림
20,"경상북도 구미시 형곡동  산27-7임, 산27-10임",36.0991511,128.3352767,토석류,종단 물매가 급하며 계류 내 돌골막이가 시설되어 있으나 일부 파손되어 있고 계상에 퇴적물 및 유동가능 전석이 관찰되어 호우 시 하부 피해 우려됨.,사유림
21,경상북도 구미시 사곡동 산27-9임,36.0980833,128.3489167,토석류,"본 대상지는 사곡동 산27-9번지에 위치한 산지계류로 유출구 하부로 다수의 민가와 농경지가 위치하고 있음다수의 침식지가 관찰되었으며, 양안에 노출된 암반에서 암편이 생성되어 계상으로 유입 및 퇴적되고 있음. 집중호우시 피해확대의 우려가 높은 지역으로 취약지역 지정 및 관리가 필요함.",사유림
22,경상북도 구미시 사곡동 산26-1임,36.0997778,128.3476389,토석류,"본대상지는 사곡동 ‘송원사’배후에 위치한 산지계류로 계류하부에 사찰이 위치하고 있음 현장조사결과, 계류 내 과거 시설한 골막이가 다수 존재하고, 일부 파손되었지만 제 기능을 유지하고 있으며 계상 에 침식 및 도복목 적채 등의 피해가 확인됨",사유림
23,"경상북도 구미시 사곡동 산50, 산26-1",36.0988939,128.3502639,토석류,"본 계류는 우측사면의 높이와 경사가 높고 토층의 심도가 깊어 강우 시 계류의 하방, 측방 침식에 매우 취약한 형태를 보이고 있으며 현재 세굴 등으로 인한 소규모 토사 유출현상으로 위험도는 낮으나 장기적인 측면을 고려해 보면 세굴로 인하여 계류 주변 사면의 하부 지지력을 이탈시켜 붕괴로 이어질 가능성이 높음.",사유림
24,경상북도 구미시 상모동 산33임,36.0846944,128.5095556,토석류,"본 대상지는 상모동 배후에 위치한 산지계류로 계류 유출구에 인가4개소가 위치하고 있음현장조사결과, 계안부에 생육하는 다수의 수목 도복이 발생하였고, 계상에 석력 및 토사 등의 적체가 확인되어 일시에 유하 할 위험이 존재하기에 사방댐 설치사업 시행이 권장되며, 취약지역으로 지정이 필요함",사유림
25,경상북도 구미시 상모동 515구,36.0866386,128.3450556,산사태,연약화된 지반상태에 의해 지속적으로 토사가 유출되면서 붕괴지가 다수 발생한 상태로 붕괴부가 확장될 가능성이 있다. 그러나 이를 미연에 방지하거나 방호할 수 있는 시설물이 유출구 부근에는 부재한 상태로 산사태나 토석류에 의한 피해가 발생할 수 있음에 따라 취약지역으로 선정하였음.,사유림
26,경상북도 구미시 임은동 산4-1임,36.085,128.3708331,산사태,"급경사 사면에 지속적인 표층유실로 인한 토사유출이 진행되고 있으며, 다수의 전도목이 관측되어 집중호우 시 산사태로 학교의 직접적인 피해가 우려되는 지역임",사유림
27,경상북도 구미시 오태동 산17임,36.0722219,128.3658611,토석류,"현장조사 결과, 평상시 피해가 발생 할 가능성은 낮으나, 집중호우시 계류수의 유량과 유속이 증가 할 경우 계류 내 적치되어 있는 자갈이나 토사유실물들이 하부로 유입 될 수 있어 이에 대한 피해예방대책이 필요 할 것으로 판단된다.",사유림
28,경상북도 구미시 신동 산5-1임,36.0999364,128.4755417,토석류,"상부 암반에 절리가 발달하여 낙석 발생 가능성이 높으며, 유동 시 주변 식당 및 경작지에 피해를 줄 가능성이 있어 취약지역으로 지정하여 관리가 필요하다고 판단됨.",사유림
29,경상북도 구미시 신동 산10임,36.1012819,128.4659975,토석류,계류의 종단 물매가 매우 급하고 계상에 퇴적 및 유동가능 전석이 산재해 있어 호우 시 유출구와 인접한 인가 피해 우려됨.,사유림
30,경상북도 구미시 구평동 산78-1임,36.0987222,128.4375236,토석류,과거 산사태로 인한 피해이력이 존재하는 지역으로 최단부 부근에는 물길이 뚜렷하지 않아 피해가 잦은 지역으로 취약지역으로 지정하여 관리를 제안함.,사유림
31,경상북도 구미시 구평동 산38,36.0819167,128.4496667,토석류,"본 대상지는 구미시 구평동 산38번지 일원에 위치한 산지계류를 대상으로 하며, 유역 하류에는 농막 및 농경지 등이 분포하고 있음현장조사 결과, 집중호우 시마다 홍수수위가 계류를 월류한 흔적이 관찰되었으며, 계류 내 침식 등의 위험징후가 존재하고 있어 강도의 강우시 일시에 하류로 유출될 우려가 높은 지역으로 판단됨. 또한, 수계와 연접하는 농경지 측안부의 정리가 미비하여 강우 발생으로 인한 증수 시 지속적인 침식이 진행되고 있음 ",사유림
32,경상북도 구미시 구평동 산134구,36.0799806,128.4513806,토석류,"본 대상지는 구미시 구평동 산134번지 일원에 위치한 계류를 대상으로 하며,  하류에는 농막 및 농경지 등이 분포하고 있으며, 상부에는 등산로가 위치하고 있음현장조사 결과,  계류를 따라 경작지 유실 피해와 월류 등의 피해를 호소하는 지역으로 계안을 따라 침식의 흔적이 다수 관찰되었으며 집중 호우시 계류수 유입에 따른 퇴적물 발생이 우려되는 지역임",사유림
33,경상북도 구미시 구평동 산54-6임,36.0896225,128.4337881,토석류,"계류의 종단 경사가 급하고 구조물 파손이 관찰되며, 계상에 퇴적으로 인한 매몰과 물길변경 구간이 존재하며, 다발성 침식구간이 존재함",사유림
34,경상북도 구미시 구평동 693-4잡,36.0852061,128.4277511,산사태,암반사면의 균열의 발달로 인한 일부구간 낙석이 발생하여 낙석방지망과 펜스가 파손되어 있음,사유림
35,경상북도 구미시 구평동 산59-5임,36.0852364,128.4296722,토석류,과거 토석류 피해지로 계류의 토심이 깊고 종단 물매가 매우 급하며 전 구간에 걸쳐 토석류 흔적이 관찰되어 호우 시 추가 피해 우려됨.,사유림
36,경상북도 구미시 구평동 산81-1임,36.0972053,128.4461292,토석류,계류의 종단 경사가 비교적 급하고 계류 내 침식 및 유동가능 전석이 산재해 있어 호우 시 하부 피해 우려됨.,사유림
37,"경상북도 구미시 구평동  산18임,산20-4임",36.0897475,128.4536728,토석류,계류 내 사방사업이 시행된 대상지로 산사태 취약지역으로 지정하여 추후 피해여부를 모니터링 하고자 함.,사유림
38,"경상북도 구미시 구평동  882-4구,891도",36.0904214,128.4572514,토석류,계류의 종단 물매가 급하고 계류 내 물길이 불안정하며 계상에 유동가능 석력이 산재해 있어 호우 시 하부 피해 우려됨.,사유림
39,"경상북도 구미시 황상동  산51임, 150답,,산49임, 산53-1임",36.1226942,128.4276667,토석류,상부의 토석이동 흔적이 관찰되며 계류 양안이 급경사로 형성되어 있어 강우시 유량의 증가가 예상됨에 따라 토석류 발생 가능성이 있음,사유림
40,경상북도 구미시 황상동 산26임,36.1171386,128.4354722,토석류,다수의 수목이 전도되어 있으며 침식 및 세굴에 의해 다량의 토사가 유출되고 있으므로 하류 생활권의 보호를 위하여 취약지역으로 선정하여 관리할 필요가 있음.,사유림
41,"경상북도 구미시 황상동  산40-5,산32, 산102",36.1192869,128.4344872,토석류,"본 대상지는 한태재 하부의 마당골 위치한 산지계류로 유출구에 구미정보고등학교가 자리하고 있으며, 계류 전반에 걸쳐 종·횡침식이 활발히 진행 중인 것으로 조사됨 계상에 상부에서 유출된 다수의 석력이 분포하고 있으며, 집중호우 시 산지토사재해의 발생 우려가 높을 것으로 사료되어 지정·심의 상정 대상지로 선정하였음",사유림
42,"경상북도 구미시 황상동  산53-1,산55-1, 산59, 628, 산98",36.1198886,128.4255278,토석류,계류폭이 넓고 계류경사가 비교적 완만하며 계류바닥부가 기반암으로 이루어진 계류로 비교적 안정한 상태이며 계류 내에 분포하고 있는 전석의 비율이 10% 내외이나 황폐화가 진행 중으로 판단되어 산사태의 위험이 예상된다. 본 계류로 포함되는 지류들이 다수 존재해 강우 시 유량이 급작스럽게 증가해 농경지 및 인가피해가 우려됨.,사유림
43,"경상북도 구미시 진평동 진평 995도, 산46 임",36.0900831,128.4251389,토석류,"유출구에는 하부 인가가 다수 분포하고 있어 강우 시 산악지의 위험사면등에서 산사태가 발생하거나 퇴적물과 붕괴 유실물이 토석류로 발생할 경우 인명 및 재산피해 가능성이 있으므로 이에 대한 사전 예방대책이 필요한 지역으로 선정되었다.현장조사 결과, 계류 주변부가 지속적인 풍화작용으로 인해 연약화되어 있어 붕괴부가 다수 관찰되고, 주변지형이 불안정하여 이로 인한 추가 붕괴가 우려되는 상태이다.",사유림
44,경상북도 구미시 진평동 산39임,36.0911667,128.4224167,토석류,본 대상지는 진평동 산39번지 소재에 위치한 산지계류로 유출구 하부에는 구미진평주공아파트 및 등산로가 위치하고 있음유출구에 돌골막이와 집수정이 기설되어 있으나 계상 경사가 급하고 다량의 토석이 불안정하게 퇴적되어 있음. 호우시마다 토석의 이동이 활발하고 유출구 하부로 집단주거시설이 위치하고 있어 시설물 시공을 통해 안정을 도모함이 권장됨,사유림
45,경상북도 구미시 양호동 624구,36.1336664,128.3886944,토석류,본 계류 유출구에는 하부 인가가 다수 분포하고 있어 강우 시 산악지의 위험사면등에서 산사태가 발생하거나 퇴적물과 붕괴 유실물이 토석류로 발생할 경우 인명 및 재산피해 가능성이 있으므로 이에 대한 사전 예방대책이 필요한 지역으로 선정되었다. 계류의 토층 심도가 깊어 붕괴가 발생할 경우 하부 인가까지 피해가 발생할 가능성이 높으므로 취약지역으로 선정하였다.,사유림
46,경상북도 구미시 양호동 산48-25임,36.1333333,128.3896389,산사태,민가 배후의 사면에는 대나무가 밀하게 생육하고 있어 토사유출우려가 낮으나 대나무가 제거된 사면부는 상부에 작업로가 개설되어 있고 배수가 원활하지 못하여 집중호우시 하부 보호시설의 피해가 예상되는 지역임,사유림
47,"경상북도 구미시 거의동  산61,416-2대",36.1402994,128.3989503,토석류,"유출구 하부에 인가가 다수 분포하고 있으며 집중 호우 시 위험사면의 붕괴로 인하여 산사태 및 토석류가 발생할 가능성이 있음. 계류 양안은 급경사를 이루고 있으며 집중 호우 시 빗물에 의한 사면에서의 침식 및 계상에서의 세굴 현상이 관찰되고 있음. 또한 계류수가 상시 존재하고, 집중 호우 시 유량이 많을 것으로 판단이 되며 계류 내에 전석, 자갈, 모래 등의 퇴적물 분포비율이 높고, 계류수와 함께 퇴적물의 이동흔적이 관찰되어 토석류의 발생가능성이 높은 것으로 판단됨.",사유림
48,경상북도 구미시 옥계동 산116구,36.1511094,128.41769,토석류,"류의 토심이 깊고 계상퇴적지가 존재하며, 최상부에 대규모 침식지가 관찰되어 호우 시 피해 우려됨.",사유림
49,경상북도 구미시 구포동 산13임,36.1296111,128.4321389,토석류,"본 대상지는 구포동 산13번지 소재 민가 배후에 위치한 산지계류로 유출구 하부로 인가가 위치하고 있으며, 상부에는 작업로가 기설되어 있음 계상 내 다량의 호박돌이 불안정하게 적체되어 있으며, 호우시 월류로 인한 소규모 피해가 발생하였던 것으로 판단됨  ",사유림
50,경상북도 구미시 구포동 산44-12임,36.1235556,128.4139167,토석류,본 대상지는 구포동 산44-12번지 '천해사' 하부에 위치한 산지계류로 유출구 하부에는 도로시설이 위치하고 있음계류를 따라 양안으로 다수의 침식지가 분포하고 있으며 계상 내 석력이 불안정하게 적체되어 있음. 집중호우 시 침식범위의 확대가 우려되고 산각을 고정하여 피해를 예방할 필요가 있을 것으로 판단됨.,사유림
51,"경상북도 구미시 구포동  산18,976-8구",36.1270831,128.4306389,토석류,계류 내 지속적인 강우침투와 우수의 흐름에 의해서 붕괴나 토층이 유실된 구간이 발생하여 유실물이 적치된 상태이다. 그러나 이를 미연에 방지하거나 방호할 수 있는 시설물이 유출구 부근에는 부재한 상태로 산사태나 토석류에 의한 피해가 발생할 수 있으므로 취약지역으로 선정함.,사유림
52,경상북도 구미시 구포동 산43-24,36.1247197,128.4146606,산사태,"대상지는 운전먼허시험장 배후에 위치하며, 과거 태풍 피해로 인해 사면이 붕괴되어 복구(돌망태 등)된 상태로 재해위험 요인을 일부 해소한 지역임 다만, 인공사면에는 불안정한 상태로 침식이 진행되고 있고, 많은 양의 피해목 제거 후 방치된 상태로 추후 집중호우 시 피해가 가중 될 것으로 판단 됨에 따라 지정ㆍ심의 상정 대상지로 선정하였음",사유림
53,경상북도 구미시 선산읍 노상리 산8-2임,36.2599558,128.2875808,토석류,"종단 물매가 비교적 급하고 계류 내 일부구간 전석이 관찰되며, 물길 변경 구간 및 계상퇴적지가 존재해 호우 시 하부 피해 우려됨.",사유림
54,경상북도 구미시 선산읍 죽장리 산32-1임,36.2527778,128.2736108,토석류,"침식 및 세굴, 표층유실이 발생한 구간이 다수 존재함. 이러한 위험요소의 발전으로 인해 토사가 지속적으로 계류 내부로 유입되고 있음. 강우 시 퇴적물이 하부로 유동해 피해를 입힐 가능성이 있으므로 취약지역으로의 선정을 추천함.",사유림
55,"경상북도 구미시 선산읍 죽장리 산86구, 1123구",36.2489761,128.2814567,토석류,"본 계류는 황폐화가 진행되고 있는 유역으로 기반암 하상위에 전석과 자갈이 퇴적되어 있으며, 유출구 지점으로부터 100.7m 지점까지 좌측 계안이 1곳, 우측 계안이 1곳의 붕괴가 발생한 상태이며, 계류내에 물이 흐르고 있어 호우 시 유량이 상당히 많을 것으로 예상이 되며 상부사면에서 붕괴된 퇴적물이 물과 함께 빠르게 이동되어 계류 하부 인가에 피해를 줄 수 있는 지역임.",사유림
56,경상북도 구미시 선산읍 죽장리 산57임,36.2486111,128.2822222,토석류,침식 및 세굴발생구간이 관찰되고 이 구간에서 토사유출량이 많음. 강우 시 퇴적물의 유동이 우려되므로 취약지역으로의 선정이 필요함.,사유림
57,경상북도 구미시 선산읍 죽장리 1139구,36.2447775,128.2773889,토석류,"대상지 내 계류에 계류수가 존재하지 않으나 퇴적지 및 다량의 유목과 유송잡물이 존재하는 것으로 보아 집중호우 시 빗물에 의한 사면침식 및 계상침식이 예상되며, 다량의 퇴적물로 인하여 토석류 발생가능성이 높을 것이라고 판단됨.",사유림
58,경상북도 구미시 선산읍 죽장리 1150구,36.2525,128.2727775,토석류,"표층유실, 세굴 등 토사유출로 인해 수목전도, 뿌리노출이 발생함. 퇴적물 유동흔적이 관찰되고 월류가 우려됨.",사유림
59,경상북도 구미시 선산읍 내고리 822-9,36.23025,128.2596389,토석류,"본 대상지는 구미시 선산읍 내고리 822-9번지 일원에 위치한 산지계류로 하류에는 인가 및 경작지 등이 분포하고 있으며, 상부에는 일반 산림지역임현장조사 결과, 산지계류 내 강우 시에만 유수가 흐르는 단수식계의 계류로 상류에는 거석 및 유목 등이 불안정하게 적치되어 있으며, 지류가 발달한 상태로 중점 하류의 유수의 집중으로 인한 피해 확대 우려가 높은 지역으로 판단됨",사유림
60,경상북도 구미시 선산읍 내고리 산47임,36.2316111,128.2601111,토석류,"본 대상지는 내고리 '쌀개산' 하부에 위치한 산지계류로 계류 유출부에 마을이 위치하고 있음현장조사 결과, 계류 계안에 다수의 연암이 노출되어 있으며, 심한 풍화로 낙석 및 암편이 생성되고 있고, 계상의 석력 및 토사의 퇴적이 진행 중임",사유림
61,경상북도 구미시 선산읍 북산리 산6임,36.2211111,128.2577778,토석류,"토석류가 발생한 이력이 있는 대상지로 퇴적물 유동흔적이 관찰됨. 붕괴가능성이 있는 사면이 다수 존재함. 표층유실, 세굴의 발생으로 인해 다량의 토사가 계류 내부로 유입되고 있음.",사유림
62,경상북도 구미시 선산읍 북산리 753구,36.2204967,128.2573761,토석류,"암반풍화도가 높고 양안에서 침식, 세굴, 표층유실이 발생함. 이로 인한 토사유출 및 수목전도, 뿌리노출이 관찰됨.",사유림
63,"경상북도 구미시 선산읍 습례리 산15-1, 432전",36.2155447,128.2583672,토석류,유출구 지점으로부터 250m지점까지 좌안의 붕괴는 관찰되지 않음. 계류수가 상시 흐르고 있어 강우 시 유량 증가가 예상되며 상류부에서 발생한 유실물 및 퇴적물에 의해 계류하부 인가에 피해발생이 우려되므로 취약지역으로 선정함.,사유림
64,경상북도 구미시 선산읍 습례리 산16임,36.2143053,128.2561778,토석류,"계류 양안 토심이 깊으며, 황폐화가 진행 중으로 양안 사면으로부터 지속적으로 토사가 계류로 유입되고 있으며, 계류 내 유목이 다수 적치 되어 있고 계류 내 수개의 침식형 골짜기를 형성 중에 있어 집중호우 시 퇴적물 이동이 용이할 것으로 사료됨. 따라서 골막이 등 퇴적물 차단물 설치 검토가 필요할 것으로 사료됨",사유림
65,경상북도 구미시 선산읍 습례리 산21임,36.2147222,128.2519442,토석류,배수관이 유송잡물에 의해 막혀 월류가 우려됨. 암반풍화도가 높아 표층유실구간이 다수 발생함. 유출된 토사가 계류 내 다량 적치되어 있음.,사유림
66,경상북도 구미시 선산읍 교리 산97임,36.2678056,128.3023889,토석류,"본 대상지는 교리 ""신산"" 남쪽사면에 위치한 산지계류로 계류 하부로는 경작지 및 도로시설이 존재함 계류 내 계상침식과 계안 침식이 관찰되며, 상류에서 유출된 유동성 석력이 다소 적체되어 있어 침식의 피해가 더욱 확대될 것으로 판단됨  ",사유림
67,경상북도 구미시 선산읍 교리 산59임,36.2621667,128.3129722,토석류,"본 대상지는 교리 도로변에 인접한 산지계류로 계류 하부 인가 및 도로가 위치하고 있음계류의 전반적인 경사는 비교적 완만하며, 계류 내 큰 암반이 존재하여 사방구조물의 역할을 수행하고 있음. 다만 묘지진입로 하부의 계류에 계상 침식이 발생하여 토사가 유출되고 있으며, 침식 규모 및 토사유출이 확대될 것으로 판단됨",사유림
68,"경상북도 구미시 선산읍 교리 산118-1임, 1082-1천",36.2677369,128.3021239,토석류,"유출구 하부에 인가가 다수 분포하고 있으며 집중 호우 시 위험사면의 붕괴로 인하여 산사태 및 토석류가 발생할 가능성이 있음. 계류 양안은 급경사를 이루고 있으며 집중 호우 시 빗물에 의한 사면에서의 침식 및 계상에서의 세굴 현상이 관찰되고 있음. 또한 계류수가 상시 존재하고, 집중 호우 시 유량이 많을 것으로 판단이 되며 계류 내에 전석, 자갈, 모래 등의 퇴적물 분포비율이 높고, 계류수와 함께 퇴적물의 이동흔적이 관찰되어 토석류의 발생가능성이 높은 것으로 판단됨.",사유림
69,경상북도 구미시 선산읍 교리 산84임,36.2661111,128.3033331,토석류,현재 배수상태가 불량하고 계류 내부 토사적치량이 많음. 강우 시 경작지의 피해가 우려됨.,사유림
70,경상북도 구미시 선산읍 교리 산83-2임,36.265,128.3036108,토석류,전반적으로 토심이 깊고 암반풍화도가 높음. 토사사면에서 함몰지가 관찰되며 토석류가 발생한 흔적이 관찰됨. 사면에서의 토사유출량이 많으므로 취약지역으로 선정하여 관리함이 적절하다 판단됨.,사유림
71,경상북도 구미시 선산읍 교리 산147임,36.2580556,128.2980553,토석류,"풍화도가 높아 붕괴가 우려되는 사면이 존재함. 토사유출에 따른 수목전도, 뿌리노출구간이 관찰됨. 조사시점부 하부로 단차가 낮아 월류가 우려되는 구간이 있음.",사유림
72,경상북도 구미시 선산읍 교리 산78임,36.2602778,128.3038889,산사태,"표면유실, 수목전도 우려, 침식, 붕괴 가능성이 있는 대상지로 집중호우 시 하부 생활권 피해가 우려됨",사유림
73,"경상북도 구미시 선산읍 교리 산59-3임,산188구",36.2613572,128.3094425,토석류,"계폭이 좁고 종단 물매가 급하며, 다수의 전도목이 관찰되고, 일부구간 침식 및 토사유실이 진행중임.",사유림
74,경상북도 구미시 선산읍 화조리 산6임,36.2405228,128.3140483,토석류,"하부에 인가가 다수 존재하며 축사, 경작지 등 인명 및 재산피해 가능성이 높은 지역으로 취약지역으로 지정하여 대책마련이 필요한 지역임.",사유림
75,"경상북도 구미시 선산읍 원리 산18 외1,산17",36.2309744,128.3312775,토석류,대상지는 최근 집중호우 피해로 인한 산지사면에 구곡침식이 발생되어 토사유출이 발생되고 있는 지역임. 산지사면 내 구곡에서 불안정한 상태로 침식이 진행 되고 있어 추후 집중호우 시 피해가 가중될 것으로 판단되어 추가적인 구조물이 필요할 것으로 판단됨.,사유림
76,경상북도 구미시 선산읍 원리 산37-1임,36.2270278,128.3424167,산사태,"본 대상지 평균경사도는 15°의 경사지로 완만한 경사의 토사사면이며, 사면 내 배수로를 정비하였고 과거 사면 하부 암반을 절취하여 건축물을 축조하여 사면과 건출물이 매우 밀접하게 위치하고 있음. 또한 사면 하부 암반이 심한풍화로 인한 토사유출이 발생하였고, 암반의 절리가 발달하고 있어 재해발생가능성이 있음",사유림
77,경상북도 구미시 선산읍 독동리 산56-13,36.2451506,128.3232844,토석류,"현장조사 결과, 본 계류 내 전석과 유실된 토사가 적치되어 있어 집중호우 등에 의해 계류수가 증가할 경우 하부 인가 지역까지 유입될 수 있다. 그러나 이를 미연에 방지하거나 방호할 수 있는 시설물이 유출구 부근에는 부재한 상태로 산사태나 토석류에 의한 피해가 발생할 수 있음에 따라 취약지역으로 선정하였다.",사유림
78,경상북도 구미시 선산읍 생곡리 산51임,36.2731969,128.3198328,토석류,"수련원에 거주하는 주민과 주변 식당, 인가 등의 인명, 재산피해를 예방하기위해 취약지역으로 지정하여 대책마련이 필요할 것으로 판단됨.",사유림
79,경상북도 구미시 선산읍 생곡리 산16-1임,36.2616111,128.3263889,토석류,"본 대상지는 생곡리 ""대현산"" 동쪽 자락의 산지계류로 계류 하부 인가 및 마을이 존재함대상 계류는 간헐성 유수가 흐르는 산지계류로 계안의 침식 활동이 일부 진행되고 있으며, 계류 중상부에 계상 침식 및 계안의 침식으로 계상으로 유입 된 전석 및 유동성 석력이 다수 적체되어 있음.",사유림
80,경상북도 구미시 선산읍 생곡리 930-1구,36.2695494,128.3174408,토석류,토심이 깊고 계류 내 통수능을 방해하는 퇴적 및 전도목이 다수 관찰되며 최상부에는 물길이 불안정하여 호우 시 피해 우려됨.,사유림
81,"경상북도 구미시 선산읍 신기리 산73, 360-1 전",36.2818608,128.3219167,토석류,"본 조사유역은 유출구를 중심으로 인가가 분포하고 있으며, 유출구 지점으로부터 246m지점까지 계안 붕괴지가 관찰되지 않음. 계류수가 상시 흐르고 있어 강우 시 유량이 상당히 많을 것으로 예상되며 상류부에서 발생한 유실물 및 퇴적물에 의해 계류하부 29 개소의 인가에 피해발생이 우려되므로 취약지역으로 선정함.",사유림
82,경상북도 구미시 선산읍 신기리 981구,36.2870622,128.3214264,토석류,"유역면적이 매우 넓고 계류의 총길이가 길며, 계류 내 다수의 구간에서 유동가능 전석이 산재해 있어 호우 시 하부 피해 우려됨.",사유림
83,경상북도 구미시 선산읍 봉곡리 산34-1임,36.2544736,128.2573919,토석류,"토석류 발생 시 고속도로 구조물에 영향을 줄 가능성이 있으며, 계류사면의 침식으로 인해 농지유실이 관찰되고 있음. 따라서 재산피해 방지를 위한 취약지역지정을 제안함.",사유림
84,경상북도 구미시 선산읍 봉곡리 산34-1임,36.2526708,128.2575683,토석류,"토석류 발생 시 도로와 경작지에 영향을 줄 가능성이 있으며, 계류사면의 구곡침식이 발달함. 취약지역으로 지정하여 재산피해를 예방해야할 필요가 있다고 판단됨.",사유림
85,경상북도 구미시 선산읍 봉곡리 산12임,36.2531656,128.2665347,토석류,계류 내 퇴적물과 유목으로 인해 배수기능이 저하가 관찰됨. 하부 인가와 경작지에 인명 및 재산피해를 예방하기 위해 취약지역으로 추천함.,사유림
86,경상북도 구미시 선산읍 봉곡리 산26,36.2578333,128.2661944,토석류,"본 대상지는 봉곡리 ""큰골""에 위치한 산지 계류로 계류 하부 경작지가 위치하고 있음항시 유수가 소량 흐르는 곳으로 계류 내 유동성 석력이 다량 존재하며, 계류 주변 도복목 다수 존재하고, 계안의 침식이 지속되어 계안 붕괴의 우려가 존재함",사유림
87,경상북도 구미시 선산읍 포상리 1123-1 도,36.2371386,128.2504444,토석류,"본 계류는 황폐화가 진행되고 있는 유역으로 기반암 하상위에 자갈과 모래가 퇴적되어 있으며, 유출구 지점으로부터 101.6m 지점까지 좌측 계안이 2곳, 우측 계안이 1곳의 붕괴가 발생한 상태이며, 계류내에 물이 흐르고 있어 호우 시 유량이 상당히 많을 것으로 예상이 되며 상부사면에서 붕괴된 퇴적물이 물과 함께 빠르게 이동되어 계류 하부 인가에 피해를 줄 수 있는 지역임.",사유림
88,경상북도 구미시 선산읍 포상리 산55구,36.2380556,128.2538886,토석류,풍화도가 높은 구간에서 암 탈락 및 표층유실이 발생함. 퇴적물 유동흔적이 관찰됨.,사유림
89,경상북도 구미시 선산읍 포상리 산72구,36.2401089,128.2340964,토석류,"토심이 깊고 종단 물매가 비교적 급한 계류로 계폭이 좁고 낮으며, 일부구간 계상에 전석이 존재하여 호우 시 하부 피해 우려됨. ",사유림
90,"경상북도 구미시 선산읍 소재리 산25-7, 포상리산45",36.2327244,128.2449692,토석류,"본 대상지는 월류산 북서쪽 자락 하부에 위치한 산지계류로 유출부에 태양광 발전시설이 자리하고 있으며, 계류 전반에 걸쳐 종·횡침식이 활발히 진행 중인 것으로 조사됨. 계류사면의 침식으로 다수의 도목목이 발생하였으며, 집중호우 시 산지토사재해의 발생 우려가 높을 것으로 사료되어 지정·심의 상정 대상지로 선정하였음.",사유림
91,경상북도 구미시 선산읍 봉남리 산2임,36.2203919,128.2460928,토석류,"계류 내 퇴적물과 유송잡물, 자갈, 전석 등으로 인해 배수기능이 원활하지 못하여 하부 인가와 저수시설에 피해가 우려됨. 따라서 재산보호를 위한 취약지역지정을 추천함.",사유림
92,경상북도 구미시 선산읍 봉남리 산22임,36.2205011,128.2446972,토석류,계류 폭이 좁아 월류 흔적이 다수 관찰됨. 주변 경작지의 재산피해 가능성이 높아 취약지역으로 지정하여 관리를 제안함.,사유림
93,경상북도 구미시 고아읍 오로리 산17임,36.2178333,128.31775,산사태,"인가 배후 산지사면으로 전 주택 소유주에 의해 절토사면(높이 약 8m)이 발생한 것으로 조사되었으며, 절토면의 풍화 침식에 의한 토사유출이 진행되고 있으며 사면붕괴 우려가 존재함",사유림
94,경상북도 구미시 고아읍 오로리 산41임,36.2099167,128.3137558,토석류,"붕괴지 연장성이 관찰되고 있으며,  좌, 우측 침식 및 발달함. 하부 생활권에 토석류 피해가 예상되어 취약지역으로의 선정을 제안함              ",사유림
95,경상북도 구미시 고아읍 오로리 산24-4임,36.2244989,128.3097314,산사태,"토심이 깊고, 일부구간 사면경사가 급하고, 사면하부 일부구간의 표층유실로 인한 토사유출이 진행중임",사유림
96,경상북도 구미시 고아읍 대망리 산115-4임,36.1772778,128.3127778,토석류,"본 대상지는 대망2리에 위치한 꺼먼재산 동쪽 자락에 자리하고있으며 산지계류이며, 계류하부에 공장1개소가 위치하고 있음.상시유수가 소량으로 흐르는 계류로 상류에서 유하된 토사에 의해 퇴적지가 형성되어있고, 계안의 토사유출이 진행되고 있음. 대상지 주변에 토사가 마사토로 이루어져 있으며 토심이 깊어 침식과 퇴적이 지속적으로 진행되고있어 취약지역지정 및 계류보전사업사업이 권장됨.",사유림
97,경상북도 구미시 고아읍 대망리 산29임,36.19075,128.3216111,토석류,"본 대상지는 대망리 ""집성산""북서사면의 산지계류로 계류하부 캠핑장 밑 인가, 경작지등이 위치하고 있음대상지는 2019년 산불피해 발생지로, 산불피해복의 벌채 및 임지정리가 실시된 곳이며, 호우시 토사유출이 발생하는 등 산지토사재해의 우려가 존재하여 사방댐을 시공하였음",사유림
98,경상북도 구미시 고아읍 대망리 산22-2임,36.1935556,128.3220556,토석류,"본 대상지는 대망리 ""집성산""북서사면의 산지계류로 계류하부  경작지 및 인가가 위치하고 있음계류에 연접하여 작업로가 존재하며, 유수의 유입 및 침식으로 작업로가 훼손되었음, 계류 상부 산불피해로 피해지역으로 호우시 유수의 침토가 발생하여, 계류 침식이 활발히 진행중이며, 산지토사재해의 발생우려가 높아 산사태 취약지역 지정 심의 대상지로 상정함",사유림
99,"경상북도 구미시 고아읍 대망리 산27,산26",36.1912983,128.3231875,토석류,"계류 내 전석, 자갈등의 퇴적물의 분포비율이 낮고 식생밀도가 높아 안정되었다고 판단되나 계류의 하방, 측방에 소규모 토사 유출현상이 관찰되고 황폐화가 진행중인 유역으로 장기적인 측면을 고려해 보면 세굴로 인하여 계류 주변 사면의 하부 지지력을 이탈시켜 붕괴로 이어질 가능성이 높음.",사유림
100,"경상북도 구미시 고아읍 대망리 산178, 산68-1,744, 745",36.1788053,128.3203611,토석류,유역면적이 넓지 않고 식생밀도가 높으며 계류바닥부가 기반암으로 이루어진 계류로 비교적 안정한 상태이며 계류 내에 분포하고 있는 전석의 비율이 1% 내외이나 계류경사가 급하고 상부로 갈수록 경사도가 높아지며 양안의 토심이 깊고 황폐화가 진행 중으로 판단되어 산사태의 위험이 예상된다. 유출구 인근의 계류폭이 약 2m정도로 협소해 퇴적물이 하류부에 퇴적될 경우 인가피해가 우려됨.,사유림
101,"경상북도 구미시 고아읍 황산리 산26, 산23,산27-1",36.2164164,128.3035833,토석류,조사시점상부로 협곡부 형태로 계류 양안의 사면부가 불완전한 상태로 지속적 토사유출구간 및 퇴적물이 하부로의 유입을 방호할수 있는 구간을 취약지역으로 선정해야 할 것으로 판단됨,사유림
102,"경상북도 구미시 고아읍 횡산리 산29,산27, 산49",36.2002381,128.2691311,토석류,본 대상지는 기도원 및 요양원 배후에 위치한 산지계류로 과거 토사유출이 발생 하였던 지역이며 지반이 불안정하여 호우 시 토사유출 피해가 지속되고 있음. 상류의 잦은 침식활동과 토사유출로 계류의 물리적 안정성이 약화되어 산지토사재해의 발생 우려가 높을 것으로 사료됨에 따라 지정·심의 상정 대상지로 선정하였음.,사유림
103,경상북도 구미시 고아읍 횡산리 산39-1임,36.2005833,128.2641944,산사태,"사면 좌측 소계곡에 계류보전 사업이 실행되었고, 사면 우측은 돌림수로 및 하부 옹벽, 사면 녹화등의 사업이 시행되었음. 사면이 전반적으로 습하며, 사면 내 존재하는 대지에서 인가로 호우시 유수의 침수가 발생함",사유림
104,경상북도 구미시 고아읍 외예리 713-4구,36.1771108,128.2863056,산사태,"계류 평균 폭이 5m 이하로 비교적  작은 규모의 계류이며, 계류의 평균 경사는 완만하게 나타남. 전석양은 많지 않으나 계류 양안에  세굴 및 붕괴 현상이 많이 나타남. 또한 계류 양안의 일부 식생이 계류 방향으로 전도되어 있는 것으로 조사되는 등 산사태 및 토석류 발생의 잠재적인 위험 요소들이 곳곳에 산재되어있는 불안정한 지역으로 판단됨.",사유림
105,경상북도 구미시 고아읍 내예리 산29-2임,36.1825406,128.2929472,토석류,하부 하천시설물이 존재하나 다수의 지류에서 붕괴 및 퇴적물과 유목의 유동이 관찰됨. 퇴적물이 하부 시설물에 피해를 줄 수 있어 취약지역으로 지정하여 보호책을 마련을 제안함.,사유림
106,"경상북도 구미시 고아읍 내예리 산9 외 3필지,산54, 519-54, 519-49",36.186995,128.2934589,토석류,"본 대상지는 유출구 인근으로 민가가 위치하고 있으며, 과거 집중호우로 인해 유수의 월류 피해가 발생하였으며, 상류 산지사면을 중심으로 소규모 침식이 산발적으로 발생되고 있음. 또한, 계류 내 침식으로 인하여 수목의 근계가 노출된 상태로, 이로 인해 하부 지지력을 이탈시켜 도복 및 유목 등 계상에 유출 된 상태로 집중호우 시 하류부 주민생활권에 산지토사재해의 발생 우려가 높을 것으로 사료되어 지정·심의 상정 대상지로 선정하였음.",사유림
107,경상북도 구미시 고아읍 내예리 산60구,36.1860336,128.2970619,토석류,계류 사면에서 유출된 토사가 계류 내부로 유입되고 있으며 퇴적물 유동흔적이 관찰되어 하부 시설물 및 인가에 월류로 인한 피해를 예방하기 위하여 취약지역으로 제안함.,사유림
108,경상북도 구미시 고아읍 원호리 산26-1임,36.1601742,128.3369361,토석류,계류 최단부 인가 및 하부 방향으로 아파트 단지가 위치하고 있는 계류로 계류 전반에 걸쳐 황폐화가 진행 중이며 최단부 주변 퇴적물 적치에 따른 월류 사례가 있는 지역으로 계류보전 사업이 시급할 것으로 사료됨,사유림
109,"경상북도 구미시 고아읍 원호리 산9-1,산75, 산10,  283, 281, 280, 산9-3",36.1619767,128.3276131,토석류,"현장조사 결과, 본 계류 내 전석과 유실된 토사 및 유목이 적치되어 있어 집중호우 등에 의해 계류수가 증가할 경우 계류하부 인가지역까지 유입될 수 있다. 그러나 이를 미연에 방지하거나 방호할 수 있는 시설물이 유출구 부근에는 부재한 상태로 산사태나 토석류에 의한 피해가 발생할 수 있음에 따라 취약지역으로 선정하였다.",사유림
110,경상북도 구미시 고아읍 원호리 산20 임,36.1606386,128.3343333,토석류,"계류 내 전석 분포 비율은 5% 이하로 분포되어 있으며, 계류의 폭이 하부로 갈수록 좁아지는 협착부 형태를 보이고 있어 유송잡물 등이 계류를 막아 월류할 위험이 있음. 퇴적물들이 하부로 이동되면서 계류 양안으로 침식이 약간 일어나고 있으며, 계류 양안의 식생이 계류 방향으로 약간 전도되어 있는 것으로 조사되는 등 산사태 및 토석류 발생의 잠재적인 위험 요소가 있음.",사유림
111,경상북도 구미시 고아읍 원호리 산19-1임,36.1595275,128.333,토석류,2016년 태풍 시 퇴적물로 인해 배수기능이 저하되어 월류로 인한 피해이력이 존재하는 지역임. 추가 피해 예방을 위한 취약지역지정을 제안함.,사유림
112,경상북도 구미시 고아읍 원호리 산5-3임,36.1669125,128.3238814,토석류,"종단 물매가 비교적 급하고 계상에 통수능을 방해하는 큰돌이 다수 관찰되며, 풍화암 노출 및 토사유실이 존재해 호우 시 피해 우려됨.",사유림
113,경상북도 구미시 고아읍 문성리 산56임,36.15,128.3427775,산사태,"토심이 깊고 유수에 의한 침식, 표층유실이 지속적으로 진행중으로 산사태 발생 시 하부 인가에 직접적인 피해가 우려됨",사유림
114,"경상북도 구미시 고아읍 문성리 산39임,산39-2임",36.1614039,128.3414236,산사태,"사면 내 소규모 골에서 강우 시 지속적인 토사유출이 관찰되고, 사면내 일부구간의 표층유실로 인한 토사유출이 관찰됨",사유림
115,경상북도 구미시 고아읍 봉한리 산8임,36.1821225,128.3682297,토석류,계류 내 침식과 붕괴가 발달하여 하부로 퇴적물 유동 시 인가에 월류 피해가 예상됨. 따라서 취약지역 지정을 통한 관리를 제안함.,사유림
116,경상북도 구미시 고아읍 봉한리 산120구,36.179335,128.3582136,토석류,다수의 지류가 합류되는 지역으로 유량이 많은 지역으로 예상됨. 하부 인가근처에 배수시설이 존재하지 않아 월류흔적이 다수 관찰되어 추가적인 피해예방을 위한 취약지역 지정을 추천함.,사유림
117,경상북도 구미시 고아읍 봉한리 산70임,36.1812078,128.3391347,산사태,사면 내 강우 또는 집중호우로 인해 침식이 관찰되어 사면 불안정하여 하부 인가에 피해가 우려됨,사유림
118,경상북도 구미시 고아읍 봉한리 911-1천,36.1817775,128.3363197,토석류,"유역면적이 넓고 계류의 종단 물매가 비교적 급하며, 계류 내 유동가능 전석이 다수 관찰되어 호우 시 하부 피해 우려됨.",사유림
119,경상북도 구미시 고아읍 항곡리 642구,36.1876108,128.3419167,토석류,"본 조사 지역은 계류 폭이 좁고, 계류 내 전석 분포 비율이 6% 이상으로 낮은 지역이며, 주변 산지사면과의 경사가 완만함. 이 지역의 위험사면에서 산사태 발생 등의 위험성은 낮지만 계류의 유출구 부근에 경작지가 발달되어 있으며, 과거에 산사태발생으로 인한 경작지 피해가 발생한 이력은 없지만 집중 호우 시 계류수가 급격하게 증가될 위험성이 있어 항상 주의를 요함.",사유림
120,경상북도 구미시 고아읍 예강리 712,36.1964244,128.3333453,토석류,"현장조사 결과, 본계류 내 유실된 토사가 적치되어 있고, 계안의 경사가 급하고 노출되어 있어 집중호우 등에 의해 계류수가 증가할 경우 계상으로 토사가 유출되어 하부 인가 지역까지 유입될 수 있다. 그러나 이를 미연에 방지하거나 방호할 수 있는 시설물이 유출구 부근에는 부재한 상태로 산사태나 토석류에 의한 피해가 발생할 수 있음에 따라 취약지역으로 선정",사유림
121,경상북도 구미시 산동읍 인덕리 산4-2임,36.1627775,128.4719444,토석류,"토사석의 유동 및 세굴, 표층유실 피해로 계상이 황폐된 상태이고 집중호우 시 전석 및 거석이 하부로 이동하여 피해가 발생할 가능성이 있으므로 취약지역으로 선정할 필요가 있다고 생각됨",사유림
122,경상북도 구미시 산동읍 인덕리 1014-10구,36.1609583,128.4733381,토석류,계류의 종단 경사가 비교적 급하고 계류 내 토사유실 및 전석이 산재해 있어 호우 시 하부 피해 우려됨.,사유림
123,경상북도 구미시 산동읍 백현리 산38임,36.2106389,128.4666111,토석류,"본 대상지는 백현1리 ‘방골’ 상류의 산지사면으로 계류 하부 농경지가 위치하고 있음현장조사결과, 계상에 다량의 암반이 노출되어 있으며, 석력 및 유목 유출이 다량으로 발생하여 하류로 유출될 우려가 존재하므로 사방댐 설치가 권장됨",사유림
124,경상북도 구미시 산동읍 백현리 산215임,36.19025,128.4828889,토석류,"본 대상지는 백현리 건등골에 위치한 매봉 서쪽 자락에 위치하고 있는 산지계류이며 계류하부에 농경지가 위치하고 있음. 계안에 일부 종횡 침식 일부 확인되었고, 계상이 암반으로 이루어져 있어 계안의 피해확대가 예상되며, 산각의 고정과 토사유출 저지를 위한 사방댐 설치가 권장됨.",사유림
125,경상북도 구미시 산동읍 백현리 산193-2임,36.1855883,128.4875083,산사태,절취사면의 붕괴로 인하여 하부 퇴적지가 관찰되고 지속적인 토사유출이 우려됨.,사유림
126,경상북도 구미시 산동읍 송산리 산8임,36.2288886,128.4827778,토석류,"경작지에 토사유실이 관측되며 상부로 붕괴지, 수목전도, 뿌리노출과 같은 위험요소가 다수 관측되어 취약지역으로 선정함",사유림
127,"경상북도 구미시 산동읍 송산리 산96,산158",36.2013053,128.4889444,토석류,계류경사가 완만하며 계류 내에 분포하고 있는 전석의 비율이 낮으나 황폐화가 진행 중으로 판단되어 산사태의 위험이 예상된다. 본 계류로 포함되는 지류들이 다수 존재해 강우 시 유량이 급작스럽게 증가해 농경지 및 인가피해가 우려됨.,사유림
128,경상북도 구미시 산동읍 송산리 산80임,36.2115,128.4833333,산사태,"본 대상지 평균경사도는 19.9°의 경사지로 사면의 경사는 다소 완만한 토사사면으로 구성되어 있으며, 중경목 소나무림이 밀하게 생육하고 있고 지난해 월류 피해가 발생하여 임시복구로 우회수로를 정비하였으나, 임시방편으로 판단됨. 사면하부에 인가가 밀접하게 위치하고 있으며, 사면 상부 돌림수로를 정비 및 복구하였으나, 장기적으로 유수의 원할한 배수를 위하여 사방사업 시공이 권장됨",사유림
129,경상북도 구미시 무을면 무수리 산76임,36.2927222,128.1898333,토석류,"본 대상지는 무수리 ‘정구렁골’에 위치한 산지계류로 계류상류에 임도가 개설되어 있으며, 계류 하부에는 소류지가 위치하고 있음계류 주변은 벌채지이며, 계류 상류의 경사가 매우 급하여 산지토사재해 발생위험이 높은지역 으로 사방댐 시공이 권장됨    ",사유림
130,경상북도 구미시 무을면 무수리 산93임,36.2869444,128.1869442,토석류,상부의 퇴적물이 하부로 유하될 경우 하부 시설물의 피해가 우려되므로 취약지역으로 지정이 필요함,사유림
131,"경상북도 구미시 무을면 무수리 1164,산16",36.2781556,128.1959247,토석류,"농가와 경작지가 인접하고 있어 강우 시 산악지의 위험사면에서 산사태가 발생하거나 퇴적물과 붕괴 유실물이 토석류로 발생할 경우 인명 및 재산피해 가능성이 있는 지역으로 이에 대한 사전 예방대책이 필요한 지역으로 선정된다. 현장조사 결과, 본계류 내 전석과 유실된 토사가 적치되어 있어 집중호우 등에 의해 계류수가 증가할 경우 하부 도로와 저수지까지 유입될 수 있다. 그러나 이를 미연에 방지하거나 방호할 수 있는 시설물이 유출구 부근에는 부재한 상태로 산사태나 토석류에 의한 피해가 발생할 수 있어 선정",사유림
132,"경상북도 구미시 무을면 무수리 산181,486-1임",36.2911942,128.1915278,토석류,본 지속적인 계류수의 침식작용과 세굴작용으로 하부 지지력이 이탈되면서 발생한 붕괴구간이 관찰됨에 따라 붕괴유실물의 유입으로 인한 피해가 예상되므로 취약지역으로 선정하였다.,사유림
133,경상북도 구미시 무을면 무수리 산164구,36.2960783,128.1888353,토석류,"유역면적은 소규모이나 계류의 종단 물매가 매우 급하고, 집수구역 대부분이 벌채지이며, 계류 내 유동가능 전석 및 토사유실로 인한 퇴적지가 다수 관찰되어 호우 시 하부 피해 우려됨.",사유림
134,경상북도 구미시 무을면 상송리 779천,36.2834322,128.1657656,토석류,"계류내 유동 가능성이 큰 전석이 다량 분포하고 있어서 강우 시 하부로 유동 한다면 하부 수다사에 인적, 물적 피해가 예상되므로 취약지역으로 선정하여 관리할 필요가 있음.",사유림
135,경상북도 구미시 무을면 안곡리 산157구,36.2691944,128.1422778,산사태,"본 대상지 평균경사도는 20.1°의 급경사지로 사면 내 붕괴지가 존재하고, 붕괴지를 중심으로 소규모 침식이 지속적으로 발생중임. 사면은 무임목지로 초본류로 피복이 되어 있고, 사면의 하부로 소계류가 지나가며, 유출구는 60cm가량의 배수관이 매설되어 있고 소규모의 침식이 부분적으로 진행되고 있어, 차 후 피해규모가 확산될 것으로 사료됨",사유림
136,경상북도 구미시 무을면 안곡리 1339구,36.2710472,128.1407411,토석류,"사면 일부 식생이 계류방향으로 전도되어 있어 잠재적인 위험성을 가지고 있음으로 판단되어 집중호우 시 재산 및 인명피해가 우려되는 지역이며, 계류 내 전석 및 자갈의 분포는 상대적으로 낮지만 계류 내 유수로 인한 지속적인 침식 및 세굴이 반복적으로 이루어 질 것으로 예상되어 계류보전 사업을 통하여 이를 예방하는 것이 적절할 것으로 판단됨",사유림
137,경상북도 구미시 무을면 안곡리 산67임,36.271,128.1364722,산사태,"본 대상지 평균경사도는 19.1°의 경사지이며 수종갱신을 위한 벌채지 사면으로 주변 임분이 치수림으로 이루어져 있으며 수종 갱신 중인 치수림으로, 일부 표토가 노출되어 침식이 발생하였으며, 노출된 표토를 통하여 유수의 침투되며 침식의 범위가 확대되고 있음. 사면의 하부에 인가가 존재하며, 토사유출 및 침식의 범위의 확대가 진행됨에 따라 산림토사재해가 발생할 위험이 높아질 우려가 있음",사유림
138,경상북도 구미시 무을면 안곡리 산119-1,36.2598611,128.1550917,토석류,"본 대상지는 구미시 무을면 안곡리 산119-1번지 일원에 위치한 산지계류이며, 하부에는 인가 및 농경지, 임도시설이 분포하고 있으며, 상부는 일반 산림지역임계류 내 사방댐설치사업을 시행하여 재해위험 요인을 적극 해소 하였으나, 시뮬레이션 분석 결과, 토석류 확산 영향 범위 내 보호시설 등 재산상의 피해 우려 대상이 존재하여 비구조적인 대피체계 구축이 필요할 것으로 판단됨",사유림
139,경상북도 구미시 무을면 안곡리 산17임,36.2794164,128.14925,토석류,집수지형으로 이루어져 있어서 강우 시 급격한 유량 증가가 예상되며 빠른 유속으로 인해 지속적인 토사 유출이 의심되므로 취약지역으로 선정하여 관리할 필요가 있음.,사유림
140,경상북도 구미시 무을면 안곡리 산13임,36.2775,128.1511108,토석류,붕괴지의 토사유실로 인한 추가 붕괴가 예상되므로 취약지역 선정이 필요함,사유림
141,경상북도 구미시 무을면 안곡리 산105임,36.2639031,128.1484967,토석류,상류의 퇴적물이 하부로 유하될 경우 월류 발생이 우려되므로 취약지역으로 선정이 필요함,사유림
142,"경상북도 구미시 무을면 무등리 산38임,1184",36.2505275,128.1738611,토석류,"계류폭이 좁고 계류수가 항시 존재하며 계류수에 의한 측방 및 하방침식으로 소규모의 붕괴지가 존재한다. 또한 계류 내 자갈, 모래등 퇴적물의 이동흔적 및 월류흔적이 남아 있으며, 계류 내 유목이 존재해 상부에서 이동되어진 전석 및 자갈 등이 유목 후방으로 퇴적되어 있으므로 그대로 방치해 놓으면 강우에 의해 2차 피해가 우려됨.",사유림
143,경상북도 구미시 무을면 원리 산5임,36.2536386,128.19325,토석류,최단부의 심한 곡류 지점에서 유수 침식에 의해 지속적으로 토사가 유출되고 있으므로 취약지역으로 선정하여 관리할 필요가 있음.,사유림
144,경상북도 구미시 무을면 백자리 산1-10,36.2395289,128.2170167,토석류,양안의 사면에서 지속적인 퇴적물의 유입되어 장기간 계상에 퇴적될 경우 계류수와 함께 토석류로 발전될 가능성이 크므로 이를 사전에 방지할 수 있는 시설물이 필요한 지역임,사유림
145,경상북도 구미시 무을면 백자리 687-1천,36.2364164,128.2224167,산사태,지속적인 풍화에 의해서 토층이 유실되거나 붕괴가 발생한 구역이 일부 관찰됨에 따라 대책이 필요할 것으로 판단되어 취역지역으로 선정하였다.,사유림
146,경상북도 구미시 무을면 웅곡리 산29-1,36.2634167,128.2342222,토석류,"본 대상지는 구미시 무을면 송곡리 산29-1번지로 산지계류으로 하부에는 도로시설 및 농경지가 위치하고 있음현장조사 결과, 상류 계류에 거석 및 유목 등의 불안정하게 적치되어 있으며, 계안변으로 침식이 다수 관찰되어 계상상승이 발생됨",사유림
147,경상북도 구미시 무을면 무이리 산8-1,36.2687219,128.2205,토석류,계류 전반적으로 전석 및 자갈 등과 같읕 퇴적물이 다수 적치되어 있어 강우시 토석류로 발전될 가능성이 높은 지역이므로 사방댐의 시공이 필요함,사유림
148,"경상북도 구미시 무을면 무이리 산10-1임,산41, 680",36.2667497,128.2166111,토석류,"계류 내 자갈, 모래등 퇴적물의 분포비율이 높고 집중호우로 인하여 현재 계류 곳곳에 퇴적물의 이동흔적 및 월류흔적이 남아 있고, 계류 내 유목이 존재해 상부에서 이동되어진 전석 및 자갈 등이 유목 후방으로 퇴적되어 있으므로 그대로 방치해 놓으면 강우에 의해 2차 피해가 우려됨.",사유림
149,경상북도 구미시 무을면 무이리 산52구,36.2574383,128.2130128,토석류,"상부사면에 붕괴, 침식 등으로 인한 토사유출이 진행 중이고 하단부에는 토사가 적치되어 배수상태가 불량함",사유림
150,경상북도 구미시 옥성면 초곡리 산24-1임,36.2952778,128.3081108,토석류,"계류 최단부 지점에 계류폭이 좁음. 중간부 지점 계폭이 확장되면서 좌, 우측 붕괴지가 관찰되므로 취약지역으로의 선정을 제안함              ",사유림
151,경상북도 구미시 옥성면 초곡리 산11임,36.2906944,128.3136389,산사태,"사면 경사는 비교적 가파른 험준지이며, 사면의 토성이 양토로 호우에 의한 침식에 취약한 지역임. 호우시 토사유출 및 소구곡이 형성되고 있으며, 일부 낙석이 발생하고 있음",사유림
152,경상북도 구미시 옥성면 초곡리 산39-1임,36.2877778,128.3004167,토석류,"본 대상지는 초곡리 ""신사"" 북쪽에 위치한 산지계류로 계류 하부 인가 및 농경지가 존재함계류 내 전석이 다수 분포하고 있으며, 지속적인 침식으로 계상이 낮아져, 계안의 석력이 계류로 유입되고 있음. 계류 하류의 계폭이 좁아 호우시 월류 우려가 존재하며, 계류수가 지하로 스며들어 계류주변에 용출되고 있음",사유림
153,경상북도 구미시 옥성면 농소리 산61-1임,36.3054444,128.2746111,토석류,"본 대상지는 옥성면 농소리 산61-1번지 소재 '옥성 목재 석재' 상부에 위치한 산지계류로, 대상지 하부에는 인가 및 도로시설 등이 분포하고 있음대상 계류는 지속적인 양안 침식이 발생하여 협착부를 형성하고 있으며, 계상 내 전석을 포함한 석력의 퇴적이 관찰되고 유목이 적체되어 있다. 침식이 활발하고 석력 및 유목 등 유송잡물이 하류로 유하되는 등 집중호우시 피해확대의 우려가 높은 지역임",사유림
154,경상북도 구미시 옥성면 농소리 산26-1,36.3084722,128.2918889,토석류,"본 대상지는 구미시 옥성면 농소리 산26-1번지 일원에 위치한 산지계류로 하부에는 축사 및 농경지 등이 분포하고 있으며, 상부는 일반 산림지역임유출구상에 퇴적된 유송잡물이 일시에 흘러내릴 경우 유입구의 순 면적이 감소하여 이로 인한 월류 등의 피해가 예상되는 지역임. 또한, 계류 내 침식, 유목 등의 위험징후가 존재하고 있어 집중호우 시 피해가 우려되는 지역으로 판단됨",사유림
155,경상북도 구미시 옥성면 주아리 산30임,36.2901111,128.2601111,토석류,"본 대상지는 옥성면 주아리 산30번지에 위치한 산지계류로 유출구 하부로는 농경지 및 축사 등이 위치하고 있음계류 내 침식으로 인해 양안에서 유출된 토사가 계상으로 유입되고 있으며, 노출된 암반에서 생성된 암편이 계상 내 다수 적체되어 있어 강도의 강우시 하류로 유출될 우려가 높은 지역임",사유림
156,경상북도 구미시 옥성면 주아리 산82-5임,36.2859444,128.2620556,토석류,"본 대상지는 옥성면 주아리 축사 배후에 위치한 산지계류로, 유출구와 연접하여 축사 및 도로시설 등이 위치하고 있음계안의 노출된 암반이 지속적으로 풍화되어, 석력이 지속적으로 유입되어 있으며, 토사 및 석력이 다수 적체되어 퇴적지를 형성하고 있음. 토사석의 유하 및 계안의 침식이 확대될 것으로 판단됨",사유림
157,경상북도 구미시 옥성면 주아리 산91,36.2843056,128.2603333,토석류,"본 대상지는 구미시 옥성면 주아리 산91번지 일원에 위치한 산지계류로 하류에는 인가 및 농경지 등이 분포하고 있으며, 상부에는 일반 벌채가 시행된 대상지임계안에 침식이 다수 발생하였으며, 벌채로 인해 표면이 노출되어 있어 강우 시 직접유출량이 증가 되고 이로 인한 빗물의 빠른 유출이 예상됨",사유림
158,경상북도 구미시 옥성면 주아리 산44,36.29125,128.2506389,토석류,"본 대상지는 구미시 옥성면 주아리 산44번지 일원에 위치한 산지계류로 하류에는 도로시설 및 농경지 등이 분포하고 있으며, 상부에는 일반 산림지역이며 계류 인근으로 작업로가 시설되어 있음상시 유수가 흐르는 지역으로 상류에는 거석 및 유목 등이 불안정하게 적치되어 있으며, 계안부에는 침식·붕괴 등의 위험징후가 존재하고 있어 집중호우 시 일시에 하류로 유출될 우려가 높은 지역으로 판단됨",사유림
159,"경상북도 구미시 옥성면 주아리 산155구, 965-50 천",36.2967219,128.2734167,산사태,지속적으로 토사가 유출되고 있는 구간과 전석이 다수 적치되어 있는 구간이 관찰됨에 따라 하부로 유입될 경우 피해가 불가한 상태이다. 그러나 이를 미연에 방지하거나 방호할 수 있는 시설물이 유출구 부근에는 부재한 상태로 산사태나 토석류에 의한 피해가 발생할 수 있음에 따라 취약지역으로 선정하였다.,사유림
160,경상북도 구미시 옥성면 주아리 산116임,36.2885,128.2704719,토석류,"좌, 우측 침식이 발달하였으며, 계상퇴적지 및 암반 노출이 관찰되므로 취약지역으로의 선정을 제안함              ",사유림
161,"경상북도 구미시 옥성면 주아리 산44,산48",36.2912778,128.2493333,토석류,본 대상지는 주아리에 위치한 산지계류이며 계류하부에 인가 1개소가 위치하고있음과거에 지속적인 유수의 월류 및 계안에 횡침식으로 피해가 확대되고 있고 일부 포락이 발생한 상태이며 계상에 소량의 토사가 적체 되어있는 상태이기에 취약지역 지정 및 계류보전사업이 권장됨.,사유림
162,경상북도 구미시 옥성면 주아리 산190,36.2902344,128.25393,토석류,"본 대상지는 주아2리 마을 배후에 위치하고 있으며, 경작지 주변의 산지계류이다. 침식 및 세굴에 의하여 계류비탈면의 침식범위가 확대됨에 따라, 향후 계류 내 퇴적물의 이동량이 더욱 증가할 것으로 판단, 집중호우 시 통수면적의 부족으로 토사유출 및 월류 피해 발생가능성이 높아 지정ㆍ심의 상정 대상지로 선정하였다.",사유림
163,"경상북도 구미시 옥성면 주아리 산132임,산144, 967, 산143, 965-1",36.2902775,128.2793611,토석류,유출토사의 저류로 인한 산지토사재해로부터 지역의 재해안정성 확보가 필요하다고생각됨. 계류 주변의 농경지가 발달해 있으며 침식 및 월류로 인한 농경지 피해가 예상되기에 산사태 발생 우려지역으로 선정이 필요하다고 생각됨.,사유림
164,경상북도 구미시 옥성면 주아리 산111-1임,36.2828053,128.269,토석류,조사결과 자갈 등 퇴적물이 다량 적치된 상태로 강우시 하류부로 퇴적물이 이동하여 하류부에 위치하는 인가 및 경작지에 피해가 발생될 가능성이 있기에 산사태 발생 우려지역으로 선정이 필요하다고 생각됨,사유림
165,경상북도 구미시 옥성면 구봉리 산23-1임,36.3553889,128.2627222,토석류,"본 대상지는 옥관리 ""효은노인 복지타운"" 배후 위치한 산지계로 계류 하부 노인복지시설 및 도로가 존재함간헐성가 유수가 흐르는 산지계류로 계상에 전석 및 유동성 석력이 다수 존재함.  계안의 침식 활동이 활발히 진행되고 있으며, 월류 흔적도 관찰되어 산지토사재해의 발생 우려가 존재함",사유림
166,경상북도 구미시 옥성면 구봉리 산51,36.3513186,128.2585272,산사태,소규모 산사태 피해 발생지로 집중호우시 농경지 및 재산피해가 우려되어 취약지역으로 지정함,사유림
167,경상북도 구미시 옥성면 구봉리 산90구,36.3558331,128.2677778,토석류,계류내 침식된 흔적이 눈에 띄며 중간중간 드러난 암반의 풍화와 절리로 인하여 붕괴될 우려도 보임,사유림
168,경상북도 구미시 옥성면 구봉리 산44,36.3530414,128.2537994,토석류,유출구 부근의 계류에서 침식이 진행중,사유림
169,경상북도 구미시 옥성면 옥관리 산149임,36.3260275,128.2636389,토석류,계류 상부에 유목 및 전석이 다량 분포하는 등 토석류 발생 시 하부 민가에 피해 가능성이 있으므로 계상의 퇴적물이 유동하지 않도록 계류 환경을 개선할 필요가 있음.,사유림
170,경상북도 구미시 옥성면 옥관리 산22임,36.3438225,128.2597842,토석류,"계류 내외로 식생밀도가 높으나 계류경사가 급하고 토심이 깊으며 표층유실, 계안침식, 계안붕괴우려지가 존재하여 취약지역으로 선정해 사방시설물을 설치하는 것이 타당한 것으로 판단됨",사유림
171,경상북도 구미시 옥성면 옥관리 산33-2임,36.3426386,128.2671944,토석류,토사의 응집력이 약화 되어 있어서 유수에 의해 쉽게 세굴 및 침식이 발생하고 있으며 배수 시설이 미흡하여 월류 피해 가능성이 있으므로 취약지역으로 지정하여 계류 환경을 개선할 필요가 있음.,사유림
172,"경상북도 구미시 옥성면 옥관리 산95임,산95-3",36.3320644,128.2467031,산사태,쓸려내려오다가 나무에 막혀 걸려있는 상태이고 표층 유실도 확인,사유림
173,경상북도 구미시 옥성면 옥관리 산14임,36.3449997,128.2522333,토석류,"최단부 주변 인가가 인접, 밀집하고 있는 계류로 계류 내 노출된 기반암의 풍화가 심하여 계안침식, 표층유실, 수목전도에 취약하고 그에 따른 유목도 다수 존재해 계류보전시설을 통해 원활한 흐름으로 관리하는 것이 필요할 것으로 사료됨",사유림
174,경상북도 구미시 옥성면 옥관리 산6임,36.3484678,128.2485939,토석류,토심이 깊어 세굴 및 침식에 취약한 계류로 상부로 임도가 존재하고 일부 계류가 훼손된 구역이 관찰되는 등 계류보전사업이 필요한 것으로 판단됨,사유림
175,"경상북도 구미시 옥성면 옥관리 산21임,산18임",36.3443347,128.2593989,토석류,계폭이 좁고 계상에 물길방해 전석이 다수 관찰되며 물길이 불안정한 구간이 존재해 호우 시 피해 우려됨.,사유림
176,경상북도 구미시 옥성면 산촌리 산205-1임,36.2978028,128.2263408,토석류,계류의 종단 물매가 급하고 조사구간 상류부에 큰돌이 관찰되며 물길이 불안정하여 호우 시 피해 우려됨.,사유림
177,경상북도 구미시 옥성면 태봉리 산102-4,36.2822222,128.2181944,토석류,"본 대상지는 태봉리 ‘웃골’ 하류의 산지계류로 계류 하부에 인가 2동이 위치하고 있음현장조사결과, 계류 우안에 침식 및 붕괴지가 발생하였고, 계류 상류에 석력이 적채되어 있으며, 호우 시 토사와 석력이 일시에 유하 할 위험이 존재하는 곳임. 따라서, 상류에서 유하하는 토사·토석을 저지 할 수 있는 사방댐설치 사업이 권장됨",사유림
178,경상북도 구미시 옥성면 덕촌리 산97-5임,36.2604167,128.2488053,토석류,"대형붕괴지가 관찰되고 있으며, 좌, 우측 침식이 발달하여 취약지역으로의 선정을 제안함              ",사유림
179,경상북도 구미시 옥성면 대원리 산72-4임,36.2669167,128.2469167,토석류,"본 대상지는 대원리 ‘털무산골’에 위치한 산지계류로, 계류하부에 농막과 경작지가 위치하고 있음현장조사결과, 계류 내 암반의 풍화가 심하고, 계안의 침식으로 산각이 무너질 위험이 존재하며, 계상에 유목이 적채 되어 있어, 사방댐 시공사업이 권장됨 ",사유림
180,경상북도 구미시 옥성면 대원리 산12-1,36.2923611,128.2298333,토석류,"본 대상지는 대원리 ‘감나무골’에 위치한 산지계류로 계류 하류에 인가1동과 도로시설이 위치하고 있음현장조사결과, 계류 좌안 사면의 경사가 급하여 표토유실이 진행되고 있으며, 우안의 작업로 하루세굴로 붕괴가 발생하였고 계류 상부는 석력이 적채되어 있어, 사방댐설치 사업이 권장됨",사유림
181,"경상북도 구미시 도개면 동산리 산18임,307전, 산166구",36.3282097,128.3292289,토석류,계류 주변 사면과 상부 계류의 경사가 급하게 나타나고 주변부 사면은 연약해져 있는 상태로 강우량에 따라서 붕괴가 발생할 가능성이 있는 것으로 사료됨,사유림
182,경상북도 구미시 도개면 동산리 산57,36.3457222,128.3362778,토석류,"본 대상지는 동산리 ‘동산지’상류에 위치한 산지계류로, 계류하부에 인가와 농경지가 위치하고 있음현장조사결과, 계류 내 다수의 침식지가 관찰되며, 계상에 유목 및 도복목이 적채되어 있고 진입로가 협소하여 사방사업 시행이 어려울 것으로 판단되며, 비구조적대책인 대피체계 구축이 권장됨",사유림
183,경상북도 구미시 도개면 신곡리 산90임,36.3359719,128.3566667,토석류,다수의 지류의 합류로 강우 시 유량이 클 것으로 예상되는 지역으로 토석류 발생의 위험 요소들이 다수 발견되어 산사태 발생 우려지역으로 선정이 필요하다고 사료됨.,사유림
184,"경상북도 구미시 도개면 신곡리 산108임,산107-2, 산140, 산110",36.3243608,128.3473889,토석류,"계류 내 퇴적물의 비율이 높고 하부로 갈수록 폭이 좁아지는 협착부의 형태를 보이고 있어, 토석류나 산사태 발생 시 계류의 통수능 감소로 인해 하부에 위치한 인가 등에 피해가 우려되는 상황으로 산사태 발생 우려지역으로 지정이 필요하다고 사료됨.",사유림
185,경상북도 구미시 도개면 신곡리 895구,36.3227775,128.3443333,토석류,"침식 및 세굴에 의해 유출된 토사가 하부에 다량 퇴적되어 있으며, 토사의 응집력이 낮아 지속적인 토사 유출 및 농경지의 파손이 우려되므로 취약지역으로 선정하여 관리할 필요가 있음.",사유림
186,경상북도 구미시 도개면 신곡리 산101임,36.3301528,128.3513681,토석류,"일부구간 유로형성이 불안정하여 월류가능 구간이 존재하고, 계상에 전석이 산재해 있으며, 중간부 유수의 흐름을 방해하는 전도목이 존재해 호우 시 하부 피해 우려됨.",사유림
187,경상북도 구미시 도개면 궁기리 산40-9임,36.2959444,128.3485833,토석류,"본 대상지는 도개면 궁기리 산40-9번지 소재 민가 상부에 위치한 산지계류로 상부에는 상주영천고속도로가 위치하고 있으며, 하부에는 인가 및 농겨지가 존재함계류 일대로는 숲가꾸기사업이 시행된 지역으로 숲가꾸기 사업 부산물이 계류로 유입되어 석력과 함께 적체되어 있으며, 계안 양안의 침식이 활발하게 진행되어 소규모 침식지가 다수 발달하고 있음.  ",사유림
188,경상북도 구미시 도개면 궁기리 산4임,36.3072497,128.3430833,토석류,유수 침식에 의해 다량의 토사가 유출되고 있으며 토사의 전단력이 약화되어 있어 쉽게 붕괴되고 있으므로 하류 생활권의 인명 및 재산을 보호하기 위하여 취약지역으로 선정하여 관리할 필요가 있음.,사유림
189,경상북도 구미시 도개면 신림리 산6-1,36.2792222,128.3645,토석류,"본 대상지는 구미시 도개면 신림리 산6-1번지 일원에 위치한 산지계류로 하류에는 인가 및 농경지, 도로시설 등이 분포하고 있으며, 상부에는 일반 산림지역임현장조사결과, 계류 내 침식·붕괴 등의 다수 존재하고 있으며, 거석 등이 불안정하게 적치되어 있음. 또한 계안변으로 뿌리노출 된 수목들이 다수 관찰되어 추후 집중호우 시 유목화 되어 하류로 유출될 우려가 높을 것으로 판단됨.  ",사유림
190,"경상북도 구미시 도개면 신림리 755-10구,442전",36.2794997,128.3562222,토석류,유출구 하부 인가가 다수 분포하고 있으며 집중 호우 시 사면이 붕괴 된다면 이런 붕괴로 인한 퇴적물이 토석류로 발전할 가능성이 있음. 계류 양안은 급경사를 이루고 있으며 집중 호우 시 빗물에 의한 사면에서의 침식 및 계상에서의 세굴 현상이 관찰되고 있으며 계류수가 상시 존재하고 장마철에 유량이 많을 것으로 판단이 되며 계류수와 함께 퇴적물의 이동흔적이 관찰되어 토석류의 발생가능성이 높은 것으로 판단됨.,사유림
191,경상북도 구미시 도개면 도개리 산8,36.3046247,128.3745944,토석류,집중호우로 인해 계류 유실물이 유출될 경우 하류 도로와 농경지으 피해가 우려되어 취약지역으로 지정함,사유림
192,경상북도 구미시 도개면 도개리 산9임,36.3067906,128.3764136,토석류,대상지에 배수상태가 불량하고 계류 내부 토사 적치량이 많음. 강우 시 경작지 피해 민원 발생함.,사유림
193,"경상북도 구미시 도개면 도개리 산86,도개 945천과 동일",36.3160675,128.3754097,토석류,집중호우로인해 토석류등이 발생할 경우 하류의 농경지 피해가 우려되어 취약지역으로 지정함,사유림
194,경상북도 구미시 도개면 도개리 산87구,36.3159444,128.3748056,토석류,"본 대상지는 도개리에 위치한 산지계류로 계류 하부 과수원이 인접하여 있음본 대상지는 도개리 과수원 인근에 위치한 산지 계류로, 계류 좌우안의 침식이 진행되어 토사유출이 발생하고 있으며, 산각의 붕괴 위험이 존재함",사유림
195,"경상북도 구미시 도개면 다곡리 산94-11번지,다곡 94-9도와 동일",36.2803619,128.3820511,토석류,"계상의 세굴이 진행중으로 장기간 이러한 상태가 진행될 경우 집중호수 시 토석류 등의 발생으로 유출구 하부의 도로, 축사 및 농경지의 피해가 우려되므로 취약지역으로 지정",사유림
196,"경상북도 구미시 도개면 다곡리 산94-6임, 산94-9,산96-1임, 산96-임, 산173구, 산94-4임, 715-2도, 산94-5임, 716대, 산94-6임, 715-3도, 715-1전, 산94-24임",36.2816386,128.3771944,산사태,전반적로 암반 사면이고 하부도로 쪽으로 낙석이 떨어지다가 나무에 걸린 위태로운 상태의 사면,사유림
197,경상북도 구미시 도개면 다곡리 산91-3임,36.2782581,128.3875964,산사태,"붕괴, 침식, 세굴, 뿌리노출, 토사유출이 진행중인 대상지로 집중호우 시 하부 인가에 직접적인 피해가 우려됨",사유림
198,경상북도 구미시 도개면 다곡리 산61임,36.2729444,128.4037778,토석류,"본 대상지는 다곡리 ‘수철저수지’하부의 산지계류로 계류 하부에 인가2동과 도로시설이 위치하고 있음현장조사결과, 계류의 하류의 일부는 계류보전 시설이 시공되어 있으나 구간이 짧으며, 계류 계상의 전반적인 침식과 월류 피해를 막기위해 사방사업 추진이 권장됨",사유림
199,경상북도 구미시 도개면 다곡리 산40-3임,36.2680553,128.4180669,토석류,"본 계류는 상부로 저수지가 존재하고 하부로 도로 및 인가가 존재하며 유출구 부근으로 구형 퇴적물막이 시설이 있으나 상태가 불량함, 유출구 우측사면으로 표층유실, 소규모 붕괴지 등 위험요소가 존재하므로 취약지역으로 선정하여 사방시설설치 및 관리가 필요할 것으로 판단됨",사유림
200,경상북도 구미시 도개면 다곡리 산142-4임,36.2888889,128.3666667,산사태,"사면 내 침식과 상단부 붕괴 현상이 지속적으로 발생되고 있어, 취약지역으로 지정 및 관리가 필요함",사유림
201,경상북도 구미시 해평면 금산리 1임,36.2091664,128.4375,토석류,"노출된 암반의 풍화도가 높고 표층유실, 세굴로 인한 토사유출로 식생의 뿌리가 노출되어 있어 취약지역으로 선정함",사유림
202,경상북도 구미시 해평면 도문리 산43임,36.2265872,128.4256364,토석류,최단부 주변 사찰이 인접하고 있으며 사찰 상부 방향으로 노출된 기반암의 풍화가 심하여 지속적으로 토석이 계류로 유입되고 있는 구간으로 집중호우 시 퇴적물 이동 방호를 위한 계류보전 또는 골막이 등 퇴적물 차단시설이 필요할 것으로 사료됨,사유림
203,경상북도 구미시 해평면 도문리 산54임,36.2319444,128.4295556,토석류,"본 대상지는 도문리 임도변 산지계곡부로 계류하부에 농경지,도로시설이 위치하고있음.계상에 다량의 암반이 노출되었으나 호박돌등 다수의 석력이 적체 되어있고 계안에 일부 침식이 발생되고 있으며 추후 토석류 발생 가능성이 있으므로 취약지역 지정 및 사방댐 설치가 권장됨.",사유림
204,경상북도 구미시 해평면 창림리 산28임,36.2369442,128.4169444,토석류,계류 내 퇴적물이 다량 적치되어 있고 일부 구간 토사 유실이 관측되고 있어 강우 시 퇴적물 이동으로 하부 피해 가능성이 있으므로 선정해야 한다고 판단됨.,사유림
205,경상북도 구미시 해평면 창림리 산7-1임,36.2208331,128.4005556,토석류,표층유실 및 세굴에 의해 지속적으로 토사가 유입되고 있어서 주변 인가로의 피해가 우려되므로 취약지역으로 선정할 필요가 있음.,사유림
206,경상북도 구미시 해평면 창림리 산31임,36.2386108,128.4188889,토석류,"강우 시 침식, 세굴에 취약한 지역으로 계류 내 유목 및 전석, 기타 퇴적물이 다량 적치되어 있어 하부 임도에 피해가 예상되므로 취약지역으로 선정하는 것이 적절하다고 판단됨.",사유림
207,경상북도 구미시 해평면 송곡리 839도,36.2439164,128.3803889,토석류,"본 계류는 황폐화가 진행되고 있는 유역으로 기반암 하상위에 전석과 자갈이 퇴적되어 있으며, 유출구 지점으로부터 150.4m 지점까지 좌측 계안이 0곳, 우측 계안이 1곳의 붕괴가 발생한 상태이며, 계류내에 물이 흐르고 있어 호우 시 유량이 상당히 많을 것으로 예상이 되며 상부사면에서 붕괴된 퇴적물이 물과 함께 빠르게 이동되어 계류 하부 인가에 피해를 줄 수 있는 지역임.",사유림
208,경상북도 구미시 해평면 송곡리 산7임,36.2324056,128.3916814,토석류,전반적으로 기반암이 노출되어 있으나 계류 내부에 유송잡물이 다량 존재하고 유동흔적이 관측되며 표층유실과 같은 위험요소가 존재해 취약지역으로 선정함,사유림
209,"경상북도 구미시 해평면 송곡리 30-1답, 산33-3,산22,",36.2482219,128.3876111,토석류,계류수가 상시 흐르며 토심이 깊고 사면으로부터 퇴적물들이 지속적으로 유입되는 등 위험 요소들이 산재되어 있는 지역으로 산사태 발생 우려지역으로의 선정이 필요하다고 생각됨.,사유림
210,경상북도 구미시 해평면 송곡리 산16-1임,36.2433597,128.3968225,토석류,계상에 퇴적물 및 유송잡물이 다량 존재하고 있으며 장기적으로 퇴적물이 증가할 경우 집중호우 시 늘어난 계류수에 의해 산지재해 발생 가능성이 존재하므로 취약지역으로 선정하는 것이 적절함.,사유림
211,경상북도 구미시 해평면 낙산리 1095 천,36.2667497,128.3551389,산사태,"현장조사 결과, 계류 주변 급경사지에서 지속적인 토사가 유실 되고 있어 장기적으로는 유실물이 인가쪽에 유입되어 피해를 줄 수 있는 것으로 조사되었다. 그러나 이를 미연에 방지하거나 방호할 수 있는 시설물이 유출구 부근에는 부재한 상태로 산사태나 토석류에 의한 피해가 발생할 수 있음에 따라 적절한 대책이 마련되어야 할 것으로 판단된다.",사유림
212,경상북도 구미시 해평면 일선리 산2임,36.2711386,128.3519833,토석류,"중간부 이후 양안 사면의 황폐화가 진행 중이며, 우측 사면의 대규모 붕괴지 및 계류 내 유목이 다수 관찰되는 등 향후 산사태 및 토석류 발생 가능성이 있어 계류보전 사업 또는 퇴적물 차단시설이 필요할 것으로 사료됨",사유림
213,경상북도 구미시 장천면 상장리 산44-3임,36.1143333,128.5129167,토석류,"본 대상지는 상장리 ""음담골""에 위치한 산지 계류로 계류 하부 인가 및 농경지, 도로가 존재함대상 계류 내 소류지가 존재하며, 소류지 배수시설 하부에는 시설물이 존재하지 않음. 계류 하부에 유수에 의한 침식이 빌생하여 토사유출 및 토사석의 적체가 관찰되며, 토사 및 토석의 유하에 의한 계상 상승의 우려가 존재함",사유림
214,경상북도 구미시 장천면 상림리 산80-2임,36.1697219,128.4913889,토석류,양안으로 토사유실 중이며 퇴적물 유동흔적이 관측되고 해마다 강우 시 계류수 및 토사유동으로 인해 월류가 발생하여 취약지역으로 선정함,사유림
215,경상북도 구미시 장천면 금산리 산16,36.1597222,128.5251667,토석류,"본 대상지는 구미시 장천면 금산리 산16번지 일원에 위치한 산지계류로 하류에는 다수의 인가 및 농경지 등이 분포하고 있으며, 상부에는 일반 산림지역임계류 내 침식·붕괴 등의 위험징후가 존재하고 있으며, 암반의 절리가 발달하여 암편이 계류로 낙석 되고 있음 추후, 집중호우 시 일시에 하류로 유출될 우려가 높은 지역으로 판단됨",사유림
216,경상북도 구미시 장천면 금산리 산138구,36.1554167,128.5302222,토석류,"본 대상지는 구미시 장천면 금산리 138번지 일원에 위치한 산지계류로 하류에는 양봉장 및 농경지 등이 분포하고 있으며, 상부에는 일반 산림지역임강우시 유수의 타격으로 인해 계류 양안의 침식이 다수 관찰되었으며, 상류로부터 유입된 다량의 전석 및 유목 등이 불안정하게 적치되어 있어, 하류로 유출 될 경우 큰 피해가 발생할 우려가 높은 지역임",사유림
217,경상북도 구미시 장천면 오로리 산380구,36.1757856,128.5179961,토석류,계류 주변부의 토질이 퇴적암으로 풍화에 취약한 특성을 가지고 있어 토층이 지속적으로 유실되고 있다. 이러한 토사 유실물의 경우 하부 인가나 경작지에 피해를 발생시킬 수 있으므로 취약지역으로 선정하였다.,사유림
218,"경상북도 구미시 장천면 오로리 산166임,산167",36.1930831,128.5232222,산사태,강우 시 빗물에 의한 침식으로 인해 소규모의 붕괴지가 다수 존재하며 도로방향으로 전도된 우목도 존재해 추가적인 붕괴가 나타날 가능성이 높음.,사유림
219,"경상북도 구미시 장천면 오로리 1856-1,산210-1",36.1857219,128.523,토석류,계류 내에 전석과 자갈의 분포비율이 높고 유역이 수지상으로 발달되어 있어 강우 시 유량이 급증할 것으로 판단되며 유량이 증가할 때 하방 및 측방침식작용과 함께 토석류로 발전될 가능성이 높음.,사유림
220,"경상북도 구미시 장천면 오로리 1851, 산194임",36.1924164,128.5222778,토석류,"우측사면의 높이 및 경사가 상당히 높고, 계류수가 항시 흐르며 본 조사계류로 합류되는 지류가 많아 붕괴 가능성 및 위험요소가 산재되어 있는 것으로 판단이 된다.",사유림
221,경상북도 구미시 장천면 오로리 산23,35.6141111,129.1909167,산사태,"현장조사 결과, 인가 배후 사면으로 하부 및 상부에 암반이 노출되어 있으며, 풍화가 심하게 진행되어 낙석이 발생하였고, 추후 낙석의 위험이 존재함",사유림
222,경상북도 구미시 장천면 오로리 산235,36.1752453,128.5207778,산사태,해당 지역의 산림은 오로리 인가 배후에 위치하고 있으며 암반이 풍화되어 하부로 낙석되고 있는 상태임. 과거 낙석에 의한 직ㆍ간접적인 피해가 발생된 지역임. 노출된 암반의 절리는 지표면과 거의 수직으로 발달되어 전도파괴에 의한 낙석 위험성이 있어 지정ㆍ심의 상정 대상지로 선정,사유림
223,"경상북도 구미시 장천면 오로리 산239임,1422, 381, 1421",36.1754719,128.5196111,토석류,붕괴 유실물이 계류 내에 적치될 시 통수능 저하로 인한 월류 형상이 예상되므로 사전에 예방이 필요한 지역임,사유림
224,경상북도 구미시 장천면 오로리 산98임,36.1886942,128.5389722,토석류,계류 폭이 협소하여 월류 발생 가능성이 높은 지역으로 토석류 발생시 하부 인가에 피해를 줄 수 있으므로 취약지역으로 선정하여야 할 것으로 판단됨,사유림
225,경상북도 구미시 장천면 묵어리 산42-1임,36.1482778,128.5146389,토석류,"본 대상지는 구미시 장천면 묵어리 산42-1번지 일원에 위치한 산지계류로 공장 배후에  위치하고 있으며, 상부에는 일반 산림지역임단수식계 지역으로 계류 내 침식이 활발하게 이루어지고 있으며, 토사 퇴적 비율이 높아 집중호우 시 일시에 하류로 유출될 우려가 높은 지역으로 판단됨",사유림
226,"경상북도 구미시 장천면 묵어리 산30-6임, 산28임",36.1431386,128.5024444,토석류,"본 계류는 황폐화가 진행되고 있는 유역으로 기반암 하상위에 전석과 자갈이 퇴적되어 있으며, 유출구 지점으로부터 103.1m 지점까지 좌측 계안이 1곳, 우측 계안이 3곳의 붕괴가 발생한 상태이며, 계류내에 물이 흐르고 있어 호우 시 유량이 상당히 많을 것으로 예상이 되며 상부사면에서 붕괴된 퇴적물이 물과 함께 빠르게 이동되어 계류 하부 인가에 피해를 줄 수 있는 지역임.",사유림
227,경상북도 구미시 장천면 여남리 산32임,36.1249997,128.5319444,토석류,"유수에 의해 경작지의 토사유출, 퇴적물의 유동, 표층유실, 유목이 생성됨에 따라 계류가 황폐되고 있으므로 취약지역으로 선정이 필요 할 것으로 판단됨",사유림
228,경상북도 구미시 장천면 명곡리 산67임,36.1116111,128.5569167,토석류,"본 대상지는 장천면 명곡리 산67번지 일원에 위치한 산지계류로 하류에는 인가 및 농경지 등이 분포하고 있으며, 상부에는 일반 산림지역임계류 양안의 침식이 활발히 진행 중이며, 상류 및 계안의 암반에서 유출된 다량의 석력이 계상에 적체된 상태로 집중호우 시 일시에 하류로 유출될 우려가 높은 지역으로 판단됨. 또한, 아까시 도복목이 계류에 유입되고 있는 상태로 유수의 흐름을 방해하고 있음.",사유림
229,경상북도 구미시 장천면 신장리 산52-1 임,36.1091108,128.4790556,토석류,"계류 내 전석, 자갈등의 퇴적물의 분포비율이 낮고 계류수가 항시 존재하지 않으나 계류폭이 좁고 상부로 갈수록 경사도가 증가하며 집중호우로 인하여 현재 계류 곳곳에 퇴적물의 이동흔적 및 월류흔적이 남아 있고, 특히 황폐화가 진행중인 유역으로 그대로 방치해 놓으면 강우에 의해 2차 피해가 우려됨.",사유림
230,"경상북도 구미시 장천면 신장리 산50,,1050",36.1102497,128.4776944,토석류,"상부로 갈수록 경사도가 증가하며 계류 내 자갈, 모래등 퇴적물의 분포비율이 높고 집중호우로 인하여 현재 계류 곳곳에 퇴적물의 이동흔적 및 월류흔적이 남아 있고, 계류 내 유목이 존재해 상부에서 이동되어진 전석 및 자갈 등이 유목 후방으로 퇴적되어 있으므로 그대로 방치해 놓으면 강우에 의해 2차 피해가 우려됨.",사유림
231,경상북도 구미시 장천면 신장리 산52임,36.1098886,128.4786944,토석류,계류경사가 완만하며 계류바닥부가 기반암으로 이루어진 계류로 비교적 안정한 상태이며 계류 내에 분포하고 있는 전석의 비율이 10% 내외이나 기타 퇴적물의 분포비율이 높고 황폐화가 진행 중으로 판단되어 산사태의 위험이 예상된다. 본 계류로 포함되는 지류들이 다수 존재해 강우 시 유량이 급작스럽게 증가해 농경지 및 인가피해가 우려됨.,사유림
232,경상북도 구미시 장천면 신장리 산51,36.1091386,128.47625,토석류,계류 전체적으로 유송잡물이 다수 적치된 상태로 강우시 계류수와 함께 하부로 유입되어 인명 및 재산 피해를 줄 수 있으므로 취약지역으로 설정하여야 할 것으로 판단됨,사유림
233,"경상북도 구미시 장천면 신장리 산 50 임,산14, 산47",36.1097533,128.4745883,토석류,"상부로 갈수록 경사도가 증가하며 계류 내 자갈, 모래등 퇴적물의 분포비율이 높고 집중호우로 인하여 현재 계류 곳곳에 퇴적물의 이동흔적 및 월류흔적이 남아 있고, 강우 시 계류수에 의한 측방침식으로 인해 소규모의 붕괴지가 다수 존재하며 계류방향으로 전도된 우목도 존재해 추가적인 붕괴가 나타날 가능성이 높음.",사유림
234,경상북도 구미시 장천면 신장리 산49임,36.1093608,128.4757778,토석류,"계류폭이 넓고 경사가 완만하나 계류 내 전석, 자갈등 퇴적물의 분포비율이 높고 계류수가 항시 존재하며 집중호우로 인하여 현재 계류 곳곳에 퇴적물의 이동흔적 및 월류흔적이 남아 있고, 특히 계상에는 상류에서 이동되어진 전석 및 자갈 등이 퇴적되어 있으므로 그대로 방치해 놓으면 강우에 의해 2차 피해가 우려됨.",사유림
235,경상북도 구미시 장천면 신장리 산1임,36.1219042,128.4895917,토석류,"직하부에 인가가 위치한 계류로 종단 물매가 급하고, 수목전도가 다수 관찰되고, 계류 내 토사유실 및 유동가능 전석이 산재해 있어 호우 시 하부 피해 우려됨.",사유림
