시도,시군구,읍면동,리,지번,위도_도,위도_분,위도_초,경도_도,경도_분,경도_초,취약지역지정사유및목적,소유별
경상북도,안동시,신안동,,산6-3임,36,34,31.934,128,44,10.204,대상지와 인가가 인접하고 사면 상부 얕은 포행과 토사유출이 발생되고 있어 집중호우 시 인가 피해가 우려됨,사유림
경상북도,안동시,신안동,,49-1 임,36,34,21.099,128,44,12,산사태가 발생하거나 퇴적물과 붕괴 유실물이 토석류로 발생할 경우 피해 가능성이 있는 지역임,사유림
경상북도,안동시,신안동,,49-1 임,36,34,23.599,128,44,16.3,산사태가 발생하거나 퇴적물과 붕괴 유실물이 토석류로 발생할 경우 피해 가능성이 있는 지역임,사유림
경상북도,안동시,법흥동,,산6-1임,36,33,58.56,128,44,45.792,문화재와 철로가 있으며 하부 문화재 보수공사로 인해 퇴적물이 다수 적치되어 있음. 따라서 배수시설 정비와 상부에서 유동되는 퇴적물을 차단하기 위해 취약지역으로 지정하고자 함.,사유림
경상북도,안동시,용상동,,산68-2임,36,33,5.711,128,46,10.482,퇴적물 유동에 의한 피해 가능성은 낮으나 인가 뒤편 사면에서 토사유출이 진행중이고 수목전도가 우려됨. 따라서 취약지역으로 지정하여 인가 보호가 필요할 것으로 판단됨.,사유림
경상북도,안동시,안기동,,산105-1임 안동 제2015-89호,36,34,50.099,128,42,51.3,농경지로 인하여 사면 훼손된 곳 발견됨,사유림
경상북도,안동시,안기동,,산110-1구 안동 제2015-96호,36,35,5.399,128,42,48.7,중간부까지 우측 사면의 경사가 심하고 붕괴도 발견됨,사유림
경상북도,안동시,안기동,,244-1,36,34,39.002,128,42,57.897,생활인가와 매우 연접한 사면으로 수목전도에 따른 피해가 우려되므로 취약지역으로 선정하여 관리함이 적절할 것으로 사료됨.,사유림
경상북도,안동시,안막동,,산16임 안동 제2015-90호,36,34,45.699,128,44,13.3,시작지점 바로 위쪽에 계류가 2갈래로 나뉨 경사가 심하고 위험한 쪽 조사,사유림
경상북도,안동시,안막동,,산94임 안동 제2015-93호,36,35,15.865,128,43,9.741,중간부부터 최상부까지 90M 정도 드러난 계류에 대하여 정비가 필요함,사유림
경상북도,안동시,안막동,,산144임 안동 제2015-94호,36,34,31.099,128,43,44.4,인가가 형성된 부분까지는 인공계류로 되어 있음,사유림
경상북도,안동시,안막동,,산18임 안동 제2015-91호,36,34,54.599,128,44,7.8,상부 소규모 배수시설과 산지사방도 필요함,사유림
경상북도,안동시,안막동,,산42-3구 안동 제2015-92호,36,35,2.599,128,44,5.9,주변 토질이 상당히 무르고 지반이 취약함,사유림
경상북도,안동시,이천동,,산138임 안동 제2015-95호,36,35,12.799,128,42,52.4,계류가 조금만 월류해도 인가에 큰 피해를 입힐 수 있음,사유림
경상북도,안동시,이천동,,산43임,36,36,26.7,128,43,10.5,"전답배후사면으로 표층유실 및 토사붕괴가 관찰되었으며, 토사붕괴의 추가발생우려가 있음.",사유림
경상북도,안동시,이천동,,산141임,36,35,8.8,128,42,49.1,인가 및 경작지 상부 사면에서 낙석이 발생하였으며 추가 낙석 발생 가능,사유림
경상북도,안동시,송천동,,1166답,36,33,10.199,128,47,7.9,산사태가 발생하거나 퇴적물과 붕괴 유실물이 토석류로 발생할 경우 피해 가능성이 있는 지역임,사유림
경상북도,안동시,송천동,,1272답,36,33,14.835,128,47,12.046,산사태가 발생하거나 퇴적물과 붕괴 유실물이 토석류로 발생할 경우 피해 가능성이 있는 지역임,사유림
경상북도,안동시,송천동,,산56임,36,33,3.199,128,47,18.8,산사태가 발생하거나 퇴적물과 붕괴 유실물이 토석류로 발생할 경우 피해 가능성이 있는 지역임,사유림
경상북도,안동시,송천동,,45답,36,32,35.019,128,48,39.78,산사태가 발생하거나 퇴적물과 붕괴 유실물이 토석류로 발생할 경우 피해 가능성이 있는 지역임,사유림
경상북도,안동시,수하동,,산57임,36,32,24.096,128,41,18.732,"경사가 급하여 노출된 암반의 절리 발달하엿으며, 인가의 피해가 우려됨",사유림
경상북도,안동시,풍산읍,상리리,산47-6임,36,34,53.098,128,34,45.072,"하부로 인가 밀집지 있지만 아무 사방시설 없고 유출구 주변으로 인위적으로 전석, 자갈 치워 놓은 흔적 있음",사유림
경상북도,안동시,풍산읍,상리리,산66임,36,34,30,128,35,1.999,"지류 합류부에서 화강암 사면의 표층유실, 농지 유실 등이 확인되어 경작지에서 지속적인 피해를 입고 있음. 따라서 추가적인 재산피해 방지를 위해 취약지역으로 제안함.",사유림
경상북도,안동시,풍산읍,막곡리,654구,36,34,33.874,128,40,3.303,산사태가 발생하거나 퇴적물과 붕괴 유실물이 토석류로 발생할 경우 피해 가능성이 있는 지역임,사유림
경상북도,안동시,풍산읍,수곡리,산5임 안동 제2015-17호,36,35,35.11,128,38,22.932,하부에 초등학교가 위치하고 있어 산지재해 발생 시 인명 및 재산의 피해발생이 우려되는 지역으로 산사태 발생 우려지역으로의 선정 하여 관리할 필요가 있다고 사료됨.,사유림
경상북도,안동시,풍산읍,노리,산72,36,35,51.5,128,36,52.6,"본 대상지는 노리에 위치한 산지계류로 계류하부 인가 및 축사가 연접하여 존재함계안 산각 붕괴의 우려가 존재하며 침식으로 토사유출이 진행 되어 계상에는 계상상승현상이 발생하고 있음, 추후 토사의 하부유출로 인명피해가 높은 지역으로 산사태 취약지역으로 지정하여 관리가 필요할 것으로 판단됨",사유림
경상북도,안동시,풍산읍,죽전리,1121-1전,36,37,55.899,128,35,7,산사태가 발생하거나 퇴적물과 붕괴 유실물이 토석류로 발생할 경우 피해 가능성이 있는 지역임,사유림
경상북도,안동시,풍산읍,죽전리,산149-1임 안동 제2015-19호,36,36,41.401,128,35,59.702,사방시설의 설치와 유지관리가 효율적으로 이루어고 피해를 최소화 시킬 수 있는 구간으로 판단됨,사유림
경상북도,안동시,풍산읍,죽전리,산61임 안동 제2015-18호,36,38,39.283,128,35,50.11,사면 내에 균열이 발생하여 산사태 및 토석류의 발생 가능성이 높아보임,사유림
경상북도,안동시,풍산읍,죽전리,1366천,36,37,9,128,36,5.999,"하부 인가 부근에 배수로가 설비되어 있어 현재까지의 피해이력은 없음. 하지만 배수로가 끝나는 지점에 다수의 퇴적물이 적치되어 있음. 또한 계류 상부에 침식, 수목전도, 유목 등 피해가능성이 있어 취약지역으로 선정함.",사유림
경상북도,안동시,풍산읍,만운리,산27임,36,36,15,128,34,50,"사면에 지난 호우로 인한 침식, 표토유실 등의 피해가 있고 전도목이 다수 분포하고 있어 추가 피해 가능성이 높음",사유림
경상북도,안동시,풍산읍,서미리,산98-1임,36,38,10.899,128,33,57.5,산사태가 발생하거나 퇴적물과 붕괴 유실물이 토석류로 발생할 경우 피해 가능성이 있는 지역임,사유림
경상북도,안동시,풍산읍,서미리,886도,36,38,7.099,128,33,57.5,본 계류 유출구에는 하부 인가가 다수 분포하고 있어 강우 시 산악지의 위험사면등에서 산사태가 발생하거나 퇴적물과 붕괴 유실물이 토석류로 발생할 경우 인명 및 재산피해 가능성이 있으므로 이에 대한 사전 예방대책이 필요한 지역으로 선정되었다.,사유림
경상북도,안동시,풍산읍,신양리,산69임 안동 제2015-21호,36,37,56.41,128,32,59.414,하부 방향에 위치한 도로와 다수의 인가의 보호를 위하여 산사태 발생 우려지역으로의 지정이 필요하다고 생각됨.,사유림
경상북도,안동시,풍산읍,신양리,산60임 안동 제2015-20호,36,37,51.914,128,33,17.942,토석류의 가능성이 있는 지역으로 하부에 위치한 인가 및 농경지의 보호를 위한 산사태 발생 우려지역으로의 선정이 필요하다고 생각됨.,사유림
경상북도,안동시,풍산읍,현애리,322답,36,37,31.299,128,32,18.5,산사태가 발생하거나 퇴적물과 붕괴 유실물이 토석류로 발생할 경우 피해 가능성이 있는 지역임,사유림
경상북도,안동시,풍산읍,오미리,1197구,36,35,57.591,128,29,47.981,산사태가 발생하거나 퇴적물과 붕괴 유실물이 토석류로 발생할 경우 피해 가능성이 있는 지역임,사유림
경상북도,안동시,와룡면,가구리,산179,36,36,44.799,128,46,18.741,"구릉성 산지사면과 경작지 사이의 비교적 완경사의 계류이나 곡류가 심하여 양안 기슭유실 구간이 다수 관찰되며 향후 추가 유실 우려가 있고, 위험사면 내 토사가 지속적으로 계류로 유입되고 있어 기슭유실 방지 등을 위한 계류보전 사업이 필요할 것으로 사료됨",사유림
경상북도,안동시,와룡면,산야리,산311-1임 안동 제2015-22호,36,36,38.499,128,48,56.3,다수의 지류의 합류로 강우시 유량이 많을 것으로 예상되는 지역임. 토심이 100cm이상으로 깊은 편이며 주변부 사면으로 전석 및 유목등이 적치되어 있는 상태임.,사유림
경상북도,안동시,와룡면,산야리,1783도,36,36,16.599,128,49,23.6,산사태가 발생하거나 퇴적물과 붕괴 유실물이 토석류로 발생할 경우 피해 가능성이 있는 지역임,사유림
경상북도,안동시,와룡면,주계리,산108-1임,36,38,11.278,128,48,11.966,중경사 계류 내 표층유실 및 다수의 수목전도가 관찰됨. 집중호우 시 유수 및 토석류의 집중으로 하류 피해가 우려됨.,사유림
경상북도,안동시,와룡면,태리,산266구 안동 제2015-23호,36,37,5.199,128,45,16.6,침식 및 붕괴가 발달하였으며 모암의 풍화로 인한 추가적인 붕괴가 우려되는 상황으로 산사태 발생 우려지역으로 지정되어야 할 것으로 사료됨.,사유림
경상북도,안동시,와룡면,감애리,산104임,36,40,20,128,46,46.1,현지조사 결과 사면 하부 표토 및 화강암 암반이 노출되어 풍화로 인해 토사유출이 발생하고 있음,사유림
경상북도,안동시,와룡면,감애리,산1임,36,39,16.999,128,45,26,구곡침식이 발달해 있으므로 계류방향으로 수목전도 및 뿌리노출 등의 현상을 보이고 있음. 따라서 취약지역으로 선정하여 정비가 필요할 것으로 판단됨.,사유림
경상북도,안동시,와룡면,라소리,342전,36,39,21.499,128,49,50.3,산사태가 발생하거나 퇴적물과 붕괴 유실물이 토석류로 발생할 경우 피해 가능성이 있는 지역임,사유림
경상북도,안동시,와룡면,라소리,산333구 안동 제2015-24호,36,39,18.004,128,49,54.35,"좌측사면의 수목들이 계류방향으로 전도되어 있으며, 침식이 발달해 있으며, 계류 내 계상퇴적지들이 다수 존재하는 등 산지재해의 위험요소들이 잠재되어 있는 지역임.",사유림
경상북도,안동시,와룡면,가류리,산192-1임,36,36,58.215,128,50,38.399,벌목 및 진입로 작업으로 인하여 토사유실 우려됨,사유림
경상북도,안동시,와룡면,가류리,산97임,36,37,42.8,128,49,20,본 대상지는 농경지 및 인가와 연접하는 계류로 계류주변 소나무 재선충 사업을 시행한 흔적이 관찰되는 지역으로 조사되었음현장조사 시 계안에 노출된 암반의 풍화 및 절리의 발달로 계상 내 대경력 암석이 분포하고 있으며 계류의 종·횡침식 등의 위험요소가 관찰되어 추후 강우강도 시 하부 유출우려가 잠재되어 있어 산사태 취약지역 지정·심의 대상지로 선정하였음,사유림
경상북도,안동시,북후면,옹천리,산185임,36,41,2.84,128,41,50.158,"계류 내 침식지, 퇴적지 및 다수의 표층유실과 일부 수목전도가 발생되어 전도목과 유출된 토석류로 인해 하부피해가 예상됨.",사유림
경상북도,안동시,북후면,도촌리,산8임 안동 제2015-25호,36,40,14.999,128,41,7.7,장마철이나 집중호우 시 유량이 많을 것으로 판단되며 토석류나 산사태 발생 시 피해를 입을 것으로 예상되는 인가와 경작지 등이 하부에 위치해 있으며 장마철이나 집중호우 시 유량이 증가할 때 토석류로 발전될 가능성이 높을 것으로 판단됨.,사유림
경상북도,안동시,북후면,도촌리,982구 안동 제2015-26호,36,39,38.499,128,40,46.1,주변부 사면의 경사가 급하며 수목들이 계류방향으로 전도됨. 우안으로 붕괴지가 있는 것으로 확인되었으며 전체적으로 침식에 매우 취약한 형태를 보이고 있음.,사유림
경상북도,안동시,북후면,두산리,산33임,36,41,17.299,128,40,45.3,"사면의 붕괴가 넓은 범위에 걸쳐 발생하였으며 하부인가로의 피해 발생이 우려되는 바 산사태 발생 우려지역으로의 선정 및 유지, 관리가 필요하다고 생각함.",사유림
경상북도,안동시,북후면,두산리,1204천,36,41,58.39,128,40,8.746,"유역면적이 큰 계류로 계류폭이 넓고 전석 및 자갈분포비율이 높음, 또한 유동흔적이 관찰됨에 따라 강우시 퇴적물이 하부로 유출될 경우 인명 및 재산피해가 우려되므로 취약지역으로 지정하여 관리하는 것이 타당하다고 판단됨",사유림
경상북도,안동시,북후면,두산리,산2임,36,40,39,128,39,57.999,"표층유실, 침식, 세굴이 발생하였고 이에 따른 토사유출이 진행되고 있음. 계류 내 퇴적물 유동흔적 및 적치구간이 존재함.",사유림
경상북도,안동시,북후면,신전리,1205답,36,40,22.799,128,36,52.3,산사태가 발생하거나 퇴적물과 붕괴 유실물이 토석류로 발생할 경우 피해 가능성이 있는 지역임,사유림
경상북도,안동시,북후면,석탑리,1274구,36,41,3.999,128,37,6.041,유역면적이 넓고 계류수가 항시 존재하며 퇴적물분포비율이 높고 기타 위험요소들이 존재하나 기 사방시설물이 없어 토석류가 발생한다면 재산피해의 우려가 있어 적절한 사방시설물이 필요할 것으로 사료됨,사유림
경상북도,안동시,북후면,석탑리,산148임,36,41,14.999,128,37,13,"대상지 내 세굴, 침식 등 토사 유실이 발생되고 있어 강우 시 급격한 유량 증가로 인하여 산지 재해 발생 가능성이 있으므로 취약지역으로 선정해야 한다고 판단됨.",사유림
경상북도,안동시,북후면,석탑리,산157임,36,42,14.021,128,37,14.936,하부에 농경지 및 인가가 위치하고 있어 토석류 발생 시 피해를 예방하기 위하여 산사태 발생 우려지역으로의 선정이 필요하다고 생각됨.,사유림
경상북도,안동시,북후면,석탑리,산65임 안동 제2015-28호,36,42,16.199,128,36,47.3,"하부에 위치한 도로와 인가로의 산지재해로부터의 피해를 예방하기 위하여 산사태 발생 우려지역으로의 선정 및 유지, 관리가 필요할 것으로 사료됨.",사유림
경상북도,안동시,북후면,석탑리,산17임,36,42,23.999,128,37,31,강우시 토석류 발생으로 인해 하부 인가와 논과 밭에 인명피해와 재산피해를 입힐 가능성이 높아 취약지역으로 선정함.,사유림
경상북도,안동시,북후면,석탑리,1262구,36,42,36,128,37,17.999,계류 내 수목전도와 지반 불안정으로 인해 계류수의 흐름이 원활하지 못할 것으로 예상됨. 따라서 계류 양측에 존재하는 과수원과 인가의 보호를 위해 취약지역으로 선정함.,사유림
경상북도,안동시,북후면,석탑리,산152임,36,41,53.871,128,37,2.295,산사태 피해 발생지로 인접한 인가에 피해가 있고 인가 바로 뒤편 사면에도 침식으로 인한 표토유실이 진행중임,사유림
경상북도,안동시,서후면,태장리,산151,36,39,13.227,128,39,48.655,"부근으로 봉정사가 존재하고 상부 계류 내부로는 사면부가 풍화로 인해 취약해 붕괴, 표층유실, 뿌리노출, 수목전도현상들이 관측되고 계류 내부로는 계안침식, 높은 비율의 퇴적물적치량 등 위험요소가 다수 존재해 강우 시 추가적인 붕괴 및 토석류가 발생할 가능성이 높으므로 사방댐을 설치해 사전에 예방하는 것이 타당하다 판단됨",사유림
경상북도,안동시,서후면,태장리,산84임 안동 제2015-29호,36,38,55.199,128,39,32.2,류 양안으로 퇴적물들이 지속적으로 유입되고 있으며 이러한 퇴적물들이 집중적으로 쌓여 있는 구간이 있음. 마을 방향으로 하부에 인공수로가 형성되어 있지만 이러한 퇴적물들의 유입을 막아줄 시설물이 필요하다고 사료됨.,사유림
경상북도,안동시,서후면,태장리,산58-1임,36,38,55.673,128,39,47.309,인가와 연접된 사면으로 인가에 직접적인 피해가 우려됨,사유림
경상북도,안동시,서후면,태장리,1015-2 천,36,38,56.399,128,39,34.3,산사태가 발생하거나 퇴적물과 붕괴 유실물이 토석류로 발생할 경우 피해 가능성이 있는 지역임,사유림
경상북도,안동시,서후면,이송천리,산35임,36,36,58,128,41,56.5,"인가배후사면으로 다수의 표층유실 및 수목전도가 관찰되었으며, 집중호우 시 하부의 인가피해가 예상됨.",사유림
경상북도,안동시,서후면,성곡리,산39임,36,38,13.999,128,39,8,"계류 내 암반풍화도가 높고 퇴적물 유동흔적, 표층유실, 뿌리노출, 수목전도와 같은 위험요소가 관측되어 취약지역으로 선정함",사유림
경상북도,안동시,서후면,성곡리,산39임,36,38,15,128,39,3.999,조사시점부에서 상부 70m지점까지 월류가능성이 매우 높음. 계류수가 계류를 따라 흐르지 않고 월류되어 흐른 흔적이 다수 관찰됨.,사유림
경상북도,안동시,서후면,성곡리,산63-2임,36,37,0.9,128,39,21.6,"현장조사 결과, 상부 암반의 절리 및 풍화로 인한 암석이 하부로 일부 유출된 흔적이 관찰되어 추후 집중호우 시 암반의 풍화 및 절리 발달로 추가적인 낙석 발생 우려가 잠재되어 있는 지역으로 조사되었음",사유림
경상북도,안동시,서후면,성곡리,산11임,36,37,51,128,39,39.999,기존 배수로가 존재하지만 그 구간이 짧아 재해가능성이 있음. 유동성이 많은 도로와 문화재의 보호를 위해 취약지역으로 선정함.,사유림
경상북도,안동시,서후면,성곡리,산31-1임,36,37,55,128,38,35.999,유역면적은 작지만 배수로가 설비되어 있지 않아 직하부에 존재하는 인가에서 월류 피해를 입음. 계류 내 토석류 위험요소가 다수 관찰되어 추가피해 방지를 위해 취약지역으로 지정을 제안함.,사유림
경상북도,안동시,서후면,교리,산47임,36,35,40.976,128,39,44.75,"대상지의 사면 침식이 심하여 표토유실이 현저히 진행중이고 대상지 내 세굴, 침식 현상이 있어 하부 도로, 마을에 피해 가능성이 있음",사유림
경상북도,안동시,서후면,교리,산106임,36,35,11.322,128,39,42.079,사면과 계류에서 집수되는 유수에 의해 하부 재산피해가 우려되어 취약지역으로 지정하여 관리,사유림
경상북도,안동시,서후면,재품리,산210-1임,36,39,36.999,128,38,50,"계류 내 소규모 계안침식 및 표층유실, 뿌리노출이 관측되며 상부로 퇴적물적치구간이 있어 집중호우 시 토석류 발생으로 하부 피해 가능성이 있으므로 선정하는 것이 적절하다고 사료됨.",사유림
경상북도,안동시,서후면,재품리,산219임,36,40,6.299,128,39,22.7,산사태가 발생하거나 퇴적물과 붕괴 유실물이 토석류로 발생할 경우 피해 가능성이 있는 지역임,사유림
경상북도,안동시,서후면,재품리,산103임,36,39,16.999,128,36,46,유출구 주변 계류폭이 좁고 단차가 낮아 월류가능성이 있고 상부 암반사이로 수목이 식생하고 있어 뿌리의 자람에 따른 암반균열이 진행되고 있으므로 탈락될 가능성이 높아 취약지역으로 선정함,사유림
경상북도,안동시,서후면,재품리,산187임,36,39,15,128,38,27,일정 구간마다 퇴적물 유동흔적이 관찰되는 계류임. 암반의 풍화도가 높고 암편이 발생하고 있어 추가 토석류 발생 가능성이 있음. 하부 도로와 인가의 피해예방을 위해 취약지역으로 제안함.,사유림
경상북도,안동시,서후면,재품리,산213-1임,36,39,50,128,39,6,"임지 내 표층유실과 침식이 관찰되며, 잠재적인 위험요소로 소규모 산림훼손이 이루어짐",사유림
경상북도,안동시,서후면,재품리,산139임,36,38,42.096,128,37,40.049,중경사 산지계류로 계류 내 다수의 표층유실과 토사붕괴 및 수목전도가 관찰되었으며 유출된 토석류와 전도목이 하부로 이동 시 피해가 예상됨.,사유림
경상북도,안동시,풍천면,갈전리,1076임,36,34,38.299,128,30,21,"토심이 매우 깊고 전단력이 약하여 쉽게 세굴, 침식, 붕괴하고 있으며, 이로 인해 다량의 토사가 유출되고 있으므로 취약지역으로 선정하여 계류환경을 개선할 필요가 있음.",사유림
경상북도,안동시,풍천면,광덕리,산121-1임,36,31,33.999,128,30,32,"인가 부근으로는 큰 특이사항이 없으나 상부 산지내부에 침식 및 표층유실로 인한 토사유출, 수목전도, 퇴적물 유동흔적과 같은 위험요소들이 관측되어 취약지역으로 선정함",사유림
경상북도,안동시,풍천면,광덕리,산126-1임,36,31,44.221,128,30,53.834,계류 내 토석이 다량 적치되어 있으며 상부 유송잡물이 다량 적치되어 있어 취약지역으로 선정함,사유림
경상북도,안동시,풍천면,신성리,산65임,36,31,1.599,128,27,33.8,유송잡물과 쓰레기 등으로 인해 계류의 배수기능이 저하되고 불안정하여 취약지역으로 지정하여 관리가 필요하다고 판단됨.,사유림
경상북도,안동시,풍천면,금계리,832-1 임,36,30,7.799,128,30,12.1,산사태가 발생하거나 퇴적물과 붕괴 유실물이 토석류로 발생할 경우 피해 가능성이 있는 지역임,사유림
경상북도,안동시,풍천면,구호리,841구,36,30,30.136,128,27,49.994,비교적 안정한 지역으로 사료되나 계류수가 상시 존재하고 있어 집중 호우 시 유량이 많을 것으로 예상이 되고 부분적으로 침식이 관측되며 유출구 하부는 협소한 흄관으로 연결되어 월류 가능성이 확인되는 지역임.,사유림
경상북도,안동시,풍천면,어담리,산130임,36,29,36.7,128,32,57.3,본 대상지는 농경지 및 농막과 연접하는 계류로 2022년 집중호우 발생에 따른 피해가 관찰되는 지역으로 조사되었음현장조사 시 건기시에는 상시 유수가 흐르지 않는 계류이나 계안침식 및 계상 내 이동가능한 토사석이 다량퇴적되어 있으며 농경지 인근 토사유출흔적이 관찰되어 추후 집중호우 시 토석류 발생에 따른 피해우려가 잠재되어 있는 지역으로 조사되어 산사태 취약지역 지정·심의 대상지로 선정하였음,사유림
경상북도,안동시,풍천면,어담리,1521구,36,28,54.872,128,33,40.618,산사태가 발생하거나 퇴적물과 붕괴 유실물이 토석류로 발생할 경우 피해 가능성이 있는 지역임,사유림
경상북도,안동시,풍천면,어담리,1378전,36,30,24.812,128,32,22.199,산사태가 발생하거나 퇴적물과 붕괴 유실물이 토석류로 발생할 경우 피해 가능성이 있는 지역임,사유림
경상북도,안동시,풍천면,어담리,산60-74임,36,27,27.994,128,34,17.024,계류 사면의 침식 및 세굴로 인해 퇴적물이 다수 적치 중으로 계류보전 혹은 소규모 배수시설을 확충하여 위험성을 감소시킬 필요가 있다고 생각됨.,사유림
경상북도,안동시,풍천면,인금리,829대,36,31,13.21,128,32,48.981,산사태가 발생하거나 퇴적물과 붕괴 유실물이 토석류로 발생할 경우 피해 가능성이 있는 지역임,사유림
경상북도,안동시,풍천면,가곡리,산41임,36,34,49.718,128,31,17.868,"중경사의 산지계류로 다수의 수목전도와 표층유실 및 토사붕괴로 인한 토석류의 적체가 관찰되었으며, 유출된 토석류와 전도목이 하부로 이동 시 피해가 예상됨.",사유림
경상북도,안동시,풍천면,가곡리,산18임,36,34,35.499,128,31,47.1,산사태가 발생하거나 퇴적물과 붕괴 유실물이 토석류로 발생할 경우 피해 가능성이 있는 지역임,사유림
경상북도,안동시,풍천면,가곡리,산24임,36,34,26.9,128,31,20.8,"본 대상지는 농경지 및 인가와 연접하는 계류로 하류 지역주민 면담결과, 과거 피해이력은 없었던 지역으로 조사되었음 현장조사 시 상류로 갈수록 전도목이 다수 분포하고 있으며 계안 침식 및 붕괴, 계상 내 불안정하게 토사석이 퇴적되어 있는 등 위험요소가 다수 관찰되어  추후 집중호우 시  유출우려가 높을 것으로 사료되어 산사태 취약지역 지정·심의 대상지로 선정하였음",사유림
경상북도,안동시,풍천면,병산리,180-1대,36,33,12.999,128,32,16.2,산사태가 발생하거나 퇴적물과 붕괴 유실물이 토석류로 발생할 경우 피해 가능성이 있는 지역임,사유림
경상북도,안동시,풍천면,병산리,산18-1임,36,33,4.999,128,32,55,"유출구 부근으로는 큰 위험요소는 관측되지 않으나 상부 자연계류에서는 소규모 계안침식, 퇴적물 유동흔적, 표층유실 등이 관측되어 취약지역으로 선정함",사유림
경상북도,안동시,풍천면,하회리,산27-1임,36,33,0,128,31,50,"도로 부근에 배수로와 계류 우측에 기슭막이가 설비되어 있음. 하지만 계류 좌측에서 토사유실로 인한 배수불량이 확인됨. 또한 계류 상부에서  침식, 붕괴가 빈번하게 관찰되어 위험요소 확대 억제를 위해 취약지역으로 제안함.",사유림
경상북도,안동시,일직면,구천리,산8-3임,36,28,53.3,128,40,28.6,"현장조사 결과, 인가 배후사면에 위치한 석축등의 기구조물이 시설되어 있으나 표층유실로 인한 구조물의 훼손이 관찰되어 추후 집중호우 시 상부에서 토사가 유출될 우려가 잠재된 지역으로 조사되었음",사유림
경상북도,안동시,일직면,구천리,산52구,36,28,59.399,128,40,23,산사태가 발생하거나 퇴적물과 붕괴 유실물이 토석류로 발생할 경우 피해 가능성이 있는 지역임,사유림
경상북도,안동시,일직면,구천리,산8-1임,36,29,1.799,128,40,24.2,산사태가 발생하거나 퇴적물과 붕괴 유실물이 토석류로 발생할 경우 피해 가능성이 있는 지역임,사유림
경상북도,안동시,일직면,구천리,산22-5임 안동 제2015-30호,36,28,47.801,128,40,41.602,계류가 깊지 않지만 경사가 높은 편이고 주변인가와 바로 인접해 있어 토석류나 산사태 발생시 직접적인 영향을 줄 것으로 예상,사유림
경상북도,안동시,일직면,망호리,산21-2임,36,27,32.984,128,40,28.344,"완경사 산지계류 내 침식지, 퇴적지, 다수의 표층유실과 일부 수목전도가 관찰되며 유출된 토석류와 전도목이 하부로 이동 시 피해가 예상됨.",사유림
경상북도,안동시,일직면,원리,산22임 안동 제2015-31호,36,27,19.45,128,38,52.544,사방시설의 설치와 유지관리가 효율적으로 이루어질 수 있는 구간으로 판단됨,사유림
경상북도,안동시,일직면,원리,산54-1임 안동 제2015-32호,36,26,53.501,128,38,39.402,겉으로 보았을 ？ 크게 위험해 보이진 않지만 계류가 깊고 주변이 퇴적암지대로 노출된 부분이 존재하여 잠재적 위험성을 충분히 가지고 있음,사유림
경상북도,안동시,일직면,원리,산64임 안동 제2015-33호,36,26,54.199,128,38,41.6,사방시설의 설치와 유지관리가 효율적으로 이루어질 수 있는 구간으로 판단됨,사유림
경상북도,안동시,일직면,광연리,산75-2임 안동 제2015-34호,36,26,30.501,128,39,50.802,계류안쪽으로 식생이 전도되어 있고 계류 내 유목도 많음 특히 강우시 유량이 많아 계류가 유목이나 퇴적물에 의해 막히면 월류할 가능성이 높음,사유림
경상북도,안동시,일직면,광연리,산50-2임,36,26,26.525,128,40,25.062,중경사 계곡 내 다수의 퇴적지와 계상침식이 진행 중이며 유목적체가 존재하여 추가피해가 예상됨.,사유림
경상북도,안동시,일직면,명진리,산55임,36,26,4.078,128,37,45.218,"강우 시 상부 저수지에서 내려오는 유량이 많아 하부 경작지에서 농지유실, 월류등의 피해가 확인됨. 취약지역으로 설정하여 추가적인 재산피해를 막고자 함.",사유림
경상북도,안동시,일직면,명진리,550구,36,26,15.199,128,39,31.9,계류 내 소규모 붕괴와 더불어 하부 계류사면에서 지속적으로 낙석이 발생하고 있어 주민이 불안을 호소하고 있음. 인명피해 예방을 위한 취약지역지정이 필요할 것으로 사료됨.,사유림
경상북도,안동시,일직면,평팔리,산221구,36,25,43,128,37,19,"토지를 개간하며 배수로를 설비하지 않아 퇴적물의 계상으로 유입 중임. 또한 계류 상부에서도 침식 등으로 인해 농지유실, 경작지 피해등의 피해가 발생함. 따라서 취약지역으로 지정하여 추가피해 예방이 필요할 것으로 판단됨.",사유림
경상북도,안동시,일직면,국곡리,산76임,36,29,8.2,128,36,14.9,침식이 발달한 계류로서 특히 우측 기슭에서 토사유실이 관찰됨. 퇴적지 및 뜬돌이 적치되어 있으므로 취약지역으로의 선정을 제안함,사유림
경상북도,안동시,일직면,국곡리,529답,36,29,25.575,128,35,24.142,산사태가 발생하거나 퇴적물과 붕괴 유실물이 토석류로 발생할 경우 피해 가능성이 있는 지역임,사유림
경상북도,안동시,일직면,조탑리,산41임,36,28,38.8,128,37,32.999,"침식, 포락, 세굴 등 여러 구간에서 위험요소가 관찰됨.",사유림
경상북도,안동시,일직면,원호리,산88임,36,29,39.713,128,38,50.487,산사태가 발생하거나 퇴적물과 붕괴 유실물이 토석류로 발생할 경우 피해 가능성이 있는 지역임,사유림
경상북도,안동시,일직면,운산리,산2-1임 안동 제2015-35호,36,28,32.901,128,39,40.802,인가와 바로 맞닿은 부분에 근접하게 위험사면이 존재하고 하부의 시설도 미비하여 사면에 대한 안정화가 절실히 필요함,사유림
경상북도,안동시,남후면,무릉리,산61임,36,31,3.376,128,41,41.473,조사지는 기슭으로 침식 및 뿌리노출이 나타나고 있고 집중호우 시 유출되는 토사가 하부 마을생활권에 피해를 줄 우려가 있어 취약지역으로의 선정이 필요함.,사유림
경상북도,안동시,남후면,무릉리,522-3임,36,31,19.999,128,41,8.041,붕괴가 나타난 사면으로 하부에 불안정한 뜬돌이 존재하고 붕괴가 일어난 주변으로 사면이 노출되어 있어 강우 시 붕괴 및 세굴 등이 추가적으로 나타날 가능성이 존재함으로 적절한 사방대책이 필요하다 판단됨,사유림
경상북도,안동시,남후면,무릉리,산173구,36,30,39,128,41,24,전반적으로 계류의 단차가 낮고 퇴적물 적치량이 많으며 침식지가 길게 형성되어 있어 취약지역으로의 선정이 필요하다 판단됨.,사유림
경상북도,안동시,남후면,무릉리,산87-1임,36,30,49.356,128,41,9.228,"중경사 산지계류로 다수의 퇴적지와 일부 수목전도가 관찰되며, 유출된 토석류와 전도목이 하부로 이동 시 피해가 예상됨.",사유림
경상북도,안동시,남후면,무릉리,산3임,36,31,40.577,128,40,29.602,"사면 상부 뜬돌이 해빙기에 하부 인가에 피해줄 우려되며, 토사층으로 표층유실로 인한 토사유출 가능성이 있음",사유림
경상북도,안동시,남후면,무릉리,산49-3임,36,31,36.479,128,40,51.508,암반층으로 절리가 발달하여 낙석 발생가능성이 있어 산지사방 및 대피체계 구축 필요,사유림
경상북도,안동시,남후면,무릉리,산66-3임,36,31,8.2,128,41,29.8,"사면부 이완암의 균열이 관찰되고 있으며, 균열이 발달하여 낙석이 예상되므로 취약지역으로의 선정을 제안함. ",사유림
경상북도,안동시,남후면,개곡리,산101임,36,32,6.446,128,40,5.818,"토사와 암반이 혼재되어 있는 사면이며, 토사유출 및 낙석 우려되어 재해예방사업이 필요함",사유림
경상북도,안동시,남후면,검암리,산47-1,36,32,27.137,128,39,42.315,사면 하부 인가가 위치하고 있어 산사태 발생 시 인명 및 재산피해의 우려가 있으므로 취약지역으로 선정 및 관리가 필요할 것으로 사료됨,사유림
경상북도,안동시,남후면,검암리,920 구,36,32,11.299,128,39,19.9,산사태가 발생하거나 퇴적물과 붕괴 유실물이 토석류로 발생할 경우 피해 가능성이 있는 지역임,사유림
경상북도,안동시,남후면,검암리,925구,36,32,7.999,128,38,52,"전반적으로 기반암이 노출되어 있으나 표층유실, 수목전도, 뿌리노출 등 위험요소가 존재하고 자갈, 모래 등 퇴적물의 분포비율이 높아 취약지역으로 선정하는 것이 적절하다 판단됨",사유림
경상북도,안동시,남후면,검암리,산64임,36,32,41.848,128,39,30.222,낙석과 토사유출이 우려되어 하부 인가에 간접적 영향을 줄수 있어 재해예방사업이 필요함,사유림
경상북도,안동시,남후면,고하리,산271임(2),36,32,6.119,128,38,14.881,급경사의 산지계류로 퇴적지 및 다수의 표층유실이 발생하였으며 적체된 유목과 토석류로 인해 하부로 이동시 피해가 예상됨.,사유림
경상북도,안동시,남후면,고하리,산6임 안동 제2015-36호,36,32,26.301,128,38,9.002,암반이 전방적으로 노출되어 있으며 풍화도 심하여 균열이 나 있는 곳이 여러군데 관찰됨,사유림
경상북도,안동시,남후면,고상리,988대,36,29,52.429,128,36,8.249,산사태가 발생하거나 퇴적물과 붕괴 유실물이 토석류로 발생할 경우 피해 가능성이 있는 지역임,사유림
경상북도,안동시,남후면,고상리,537대,36,31,2.599,128,37,1.7,산사태가 발생하거나 퇴적물과 붕괴 유실물이 토석류로 발생할 경우 피해 가능성이 있는 지역임,사유림
경상북도,안동시,남후면,고상리,산14-1임 안동 제2015-37호,36,31,7.301,128,36,56.202,사면 내에 균열이 발생하여 산사태 및 토석류의 발생 가능성이 높아보임,사유림
경상북도,안동시,남후면,고상리,산45-1임,36,30,46.999,128,36,50,주민 인터뷰 시 매해 여름 강우 시마다 계류가 막히고 월류현상이 나타나 불편을 호소하고 있어 취약지역을 선정함,사유림
경상북도,안동시,남후면,고상리,산59임,36,30,38.59,128,36,41.142,뜬돌로 인한 낙석발생우려가 있고 암반층으로 불연속면이 불안정하여 하부 인가에 피해 가능성이있으므로 재해예방사업이 필요함,사유림
경상북도,안동시,남후면,고상리,산149임,36,29,49.112,128,36,6.941,"사면 내 암반과 토사가 혼합되어 있으며, 토사층으로 소규모 표층유실 우려",사유림
경상북도,안동시,남후면,상아리,761구,36,31,2.199,128,34,57.8,산사태가 발생하거나 퇴적물과 붕괴 유실물이 토석류로 발생할 경우 피해 가능성이 있는 지역임,사유림
경상북도,안동시,남후면,하아리,75임,36,32,19.399,128,34,27.1,산사태가 발생하거나 퇴적물과 붕괴 유실물이 토석류로 발생할 경우 피해 가능성이 있는 지역임,사유림
경상북도,안동시,남후면,하아리,산53임,36,32,18.9,128,34,41.2,"본 대상지는 농경지와 연접하는 계류로 농경주 면담결과, 2019년 집중호우에 따른 토사 및 유수가 하류로 유출되어 농경지의 피해가 있었으나 복구하였으며 하부 하천정비시설물이 위치하고 있는 지역으로 조사되었음 현장조사 시 시점부하부로 암거가 위치하며 농경지와 계류의 표고차가 없고 농경지와 연접하는 계류의 양안에 석축이 시설되어 있으나 상류로 갈수록 침식이 발달되어 있어 추후 집중호우 시 토석류 발생에 따른 하부 보호시설의 피해 우려가 잠재되어 있기에 산사태 취약지역 지정·심의 대상지로 선정하였음 ",사유림
경상북도,안동시,남후면,하아리,132전,36,32,32.399,128,34,19.1,산사태가 발생하거나 퇴적물과 붕괴 유실물이 토석류로 발생할 경우 피해 가능성이 있는 지역임,사유림
경상북도,안동시,남후면,하아리,377구 안동 제2015-38호,36,32,28.601,128,34,38.002,저수지가 존재하지만 월류로 인하여 인가에 피해를 주고 주민은 저수지가 무너질까봐 불안해 하고 있음,사유림
경상북도,안동시,남후면,하아리,산66임 안동 제2015-39호,36,32,30.101,128,34,22.002,계류내 유목이 다수 존재하고 수목 전도 현상도 간간히 보임 상부로 갈 수록 계류의 경사가 급해지고 굉장히 계류도 깊어 잠재적 위험성이 높을 것으로 예상됨,사유림
경상북도,안동시,남후면,단호리,1339구,36,33,17.302,128,35,59.329,"중경사 계곡 내 퇴적지, 수목전도 및 토사붕괴가 존재하여 하부로 이동 시 피해가 예상됨.",사유림
경상북도,안동시,남선면,신석리,산19임,36,32,9.785,128,46,15.925,"계류 구간 내 다수의 수목전도, 계상침식, 퇴적지 및 표층유실 등이 관찰되었으며, 토석류로 인해 하류의 인가와 전답에 피해가 예상됨.",사유림
경상북도,안동시,남선면,신석리,산13임 안동 제2015-41호,36,32,20.799,128,46,35.7,하부 하천으로 연결되지만 인가와 인접한 사면의 붕괴가 있어 강우 시 추가 붕괴의 우려가 있는 지역으로 산사태 발생 우려지역으로 지정하여 관리가 필요할 것으로 생각됨.,사유림
경상북도,안동시,남선면,신석리,산15임 안동 제2015-42호,36,32,17.099,128,46,24.4,상부 사면의 경사가 급한 편이며 수목이 계류 방향으로 전도되는 등 위험 요소들이 산재되어 있어 산사태 발생 우려지역으로 지정하여 관리가 필요할 것으로 생각됨.,사유림
경상북도,안동시,남선면,신흥리,산8임,36,29,41,128,46,37.8,"계류 모든 구간에 뜬돌과 전석이 존치된 상태이고, 좌, 우측 침식이 발달하여 기슭부에 핵석이 관찰되므로 취약지역으로의 선정을 제안함.",사유림
경상북도,안동시,남선면,신흥리,산93임,36,30,28.52,128,46,7.479,계류 전반적으로 침식이 발달한 상태로 집중호우 시 침식 및 붕괴의 확대가 예상되어 취약지역으로의 선정이 필요하다고 판단됨.,사유림
경상북도,안동시,남선면,도로리,산87임 안동 제2015-43호,36,30,5.004,128,45,3.995,주민의 의견은 안전하다고 하지만 세굴이나 침식 등의 위험인자들이 발생함,사유림
경상북도,안동시,남선면,현내리,산207임,36,31,15.163,128,43,35.6,계류의 평균경사는 낮으나 산지 내 토양층으로 토사유출에 취약하며 수목전도가 발생되고 있어 계류보전 사업이 필요,사유림
경상북도,안동시,남선면,현내리,산287구 안동 제2015-44호,36,31,26.599,128,42,59.8,계류상부 양안으로 세굴 및 침식이 진행중에 있으며 양안의 사면이 연약해진 상태로 퇴적물들이 계류로 지속적으로 유입되고 있음. 따라서 산사태 발생 우려지역으로 지정되어야 할 것으로 사료됨.,사유림
경상북도,안동시,남선면,현내리,산55임 안동 제2015-45호,36,31,27.268,128,43,28.26,"토석류의 발생 가능성이 있는 지역으로 하부 방향으로 피해의 우려가 있는 인가 및 농경지가 위치해 있어 산사태 발생 우려지역으로의 선정 및 유지, 관리가 필요한 지역이라고 생각됨.",사유림
경상북도,안동시,남선면,현내리,산55임 안동 제2015-46호,36,31,21.901,128,43,11.602,유역면적도 작고 계류의 폭도 좁으나 합류되는 지류도 존재하고 상부로 갈수록 경사가 급해져 토석류 발생시 잠재적 위험성을 내포하고 있음,사유림
경상북도,안동시,남선면,원림리,91임,36,29,12.199,128,42,44.1,산사태가 발생하거나 퇴적물과 붕괴 유실물이 토석류로 발생할 경우 피해 가능성이 있는 지역임,사유림
경상북도,안동시,남선면,원림리,산142임 안동 제2015-48호,36,29,23.501,128,42,43.102,유역면적이 넓고 합류되는 지류가 많이 집수가 되는 지역으로 사방사업을 통하여 계류의 안정성을 높여야 함,사유림
경상북도,안동시,남선면,원림리,1020구,36,29,50,128,42,23,인가 상부로 복개형식으로 배수가 되고 있는 상태이나 강우 시 지표면으로 유수가 흘러 인가로 월류되어 피해를 입고 있음.,사유림
경상북도,안동시,남선면,원림리,901임,36,29,52.052,128,42,15.795,침식의 의한 퇴적물이 계류 하상에 적치되어 있음. 소규모 전석이 다수 관찰되므로 취약지역으로의 선정을 제안함.,사유림
경상북도,안동시,남선면,원림리,산92묘,36,30,24.6,128,42,27.099,계안에 침식이 발달함. 하부에 농경지가 인접하고 있어 재산피해가 예상되므로 취약지역으로의 선정을  제안함.,사유림
경상북도,안동시,남선면,외하리,산117-1임,36,30,4.9,128,43,35.8,본 대상지는 안동시 남산면 외하리 장사골에 위치한 산지계류로 하류에는 인가 및 도로시설 등이 분포하고 있으며 상부에는 일반 산림지역임계류 다량의 소규모침식이 활발히 진행 중이며 상류로 갈수록 토석류가 계상에 적체되어 있는 상태로 추후 강우강도 시 일시에 하류로 유출될 가능성이 높은 지역임,사유림
경상북도,안동시,임하면,추목리,산299구 안동 제2015-49호,36,28,52.001,128,48,9.202,유출구 부근 인공적으로 계류를 막아놨음 마을 방향으로 하수도로 계류수가 유입되는데 부서진 자갈과 모래의 양이 상당함 전반적으로 암반이 드러나 있고 계류수 항시 존재,사유림
경상북도,안동시,임하면,추목리,산20임,36,30,32.005,128,48,48.296,과거 월류로 인한 피해이력이 존재하는 지역으로 계류 내 곡류가 발달함. 추가적인 월류와 퇴적물 유동가능성이 있어 취약지역으로 지정하여 관리하고자 함.,사유림
경상북도,안동시,임하면,추목리,921구,36,30,37.799,128,48,40.9,과거 붕괴로 인한 피해이력이 존재하고 토석류의 흔적이 관찰되어 추가피해를 예방하기 위해 취약지역으로 제안함.,사유림
경상북도,안동시,임하면,금소리,산16임,36,30,49.1,128,51,3.98,"본 대상지는 임하면 금소리 소재 산16번지내에 위치하고 있으며, 계류의 얀안 침식이 발달중에 있으며 계상 내 유목(전도우려목 및 도복목) 등 다량 적체 되어 있는 등 위험요소가 분포하는 지역으로 추후 집중호우 시 하류 유출에 따른 보호시설의 피해우려가 잠재되어 있기에 산사태 취약지역 지정·심의 대상지로 선정하였음",사유림
경상북도,안동시,임하면,금소리,산37임 안동 제2015-50호,36,30,35.337,128,51,28.211,경사가 급하고 전반적으로 토심이 깊어 집중호우시 토사가 쓸려 토석류로 확대되어 발생할 가능성이 높아보임,사유림
경상북도,안동시,임하면,고곡리,산11-1,36,29,13.322,128,50,17.511,산사태가 발생하거나 퇴적물과 붕괴 유실물이 토석류로 발생할 경우 피해 가능성이 있는 지역임,사유림
경상북도,안동시,임하면,고곡리,산114-1임,36,29,18.1,128,52,11.7,"계류 전 구간에 전석이 다량 존치된 상태이고, 경작지 하부에 위치한 계류 기슭부에 포락이 관찰되므로 취약지역으로의 선정을 제안함.",사유림
경상북도,안동시,임하면,고곡리,산146구,36,29,35.4,128,51,52.6,"계류 상부에서 토사가 유동되어 하단부에 계상퇴적지가 발달된 상태이고, 계류 내 전석이 다수 존치된 상태이므로 취약지역으로의 선정을 제안함.",사유림
경상북도,안동시,임하면,고곡리,산5-1임 안동 제2015-51호,36,29,15.199,128,50,58.3,차량이 다니는 마을 도로와 농경지가 인접해 있어 추가 붕괴시 큰 피해가 예상되므로 산사태 발생 우려지역으로 선정하여 관리가 필요 하다고 생각됨,사유림
경상북도,안동시,임하면,오대리,산132-10임,36,28,18.523,128,53,52.759,계류 최단부에 인가가 존재하는 계류로 계류전반에 걸쳐 황폐화가 진행중으로 사면으로부터 지속적으로 토사가 계류로 유입되고 있어 재해를 사전에 방지하기 위해 사방시설을 설치하는 것이 필요하다 판단됨,사유림
경상북도,안동시,임하면,오대리,산152임 안동 제2015-53호,36,28,56.499,128,52,22.6,"계류가 불안정 하여 토사 유실이 진행 중이며, 집중호우 시 토석류 발생 가능성이 있어 산과 인접한 인가의 피해를 예방하고자 산사태 발생 우려지역으로 설정이 필요하다고 판단됨",사유림
경상북도,안동시,임하면,오대리,산31임 안동 제2015-52호,36,29,6.399,128,54,10.1,"계류 양안의 침식이 길게 분포하고 있다. 계류내 자갈, 모래 등 퇴적물이 적치되어있어 계류수의 흐름을 방해하고 있기에 산사태 발생 우려지역으로 선정해야 할 것으로 판단됨.",사유림
경상북도,안동시,임하면,오대리,산139-28임,36,28,51,128,52,45,상부로 침식이 진행 중에 있어 토석이 발생되고 있는 지역임. 강우 시 피해 가능성이 있으므로 취약지역으로 선정하여 관리하는 것이 적절하다고 판단됨.,사유림
경상북도,안동시,임하면,오대리,산139-10임,36,28,53.987,128,52,41.214,급경사를 형성하고 있는 계류로 침식이 발달하여 있고 암반풍화도가 높아 토사 및 암편이 계류 내로 유입되고 있으며 전도된 수목이 존재함.,사유림
경상북도,안동시,길안면,천지리,산18-2,36,27,56.999,128,54,34.041,심한풍화로 인해 세굴 및 침식에 취약한 계류로 높은 퇴적물분포비율과 계안침식을 고려해 향후 강우시 발생가능성이 있는 토석류를 대비하는 것이 적절한 것으로 판단됨,사유림
경상북도,안동시,길안면,만음리,산19임,36,26,34.4,128,54,33.8,"소규모 지류가 관찰되고 있으며, 양측 침식이 발달됨. 취약지역으로의 선정을 제안함",사유림
경상북도,안동시,길안면,백자리,산21-1임,36,24,40.6,128,52,3.16,현장조사 결과 임지 내 전도목 및 벌채부산물 등 사면에 적체되어 있는 상태임. 추후 강우시 하부로 유출 될 경우 인가 등에 직접적인 피해 발생 우려가 높은 지역으로 판단됨.,사유림
경상북도,안동시,길안면,백자리,산106임,36,23,58.777,128,51,57.198,중경사의 계곡 내 다수의 수목전도와 일부 표층유실이 존재하여 하부의 피해가 예상됨.,사유림
경상북도,안동시,길안면,백자리,산185임,36,24,54.866,128,52,44.969,"계류 내 다수의 표층유실과 전도목이 발생하였으며, 토석류와 전도목이 하부로 이동 시 인가피해가 예상됨.",사유림
경상북도,안동시,길안면,백자리,산58임,36,23,39.243,128,51,20.295,"계류 주변으로 임도 및 과수원이 위치하고 있으며 계류 양안으로 침식 및 표층유실, 뿌리노출 등이 관측되어 재산피해가 우려되므로 계류정비가 필요하므로 계류보전시설을 설치해 계류안정화가 필요할 것으로 판단됨",사유림
경상북도,안동시,길안면,백자리,산97임 안동 제2015-54호,36,23,25.899,128,51,59.2,사면 내에 균열이 발생하여 산사태 및 토석류의 발생 가능성이 높아보임,사유림
경상북도,안동시,길안면,백자리,산50임,36,24,34,128,51,33,"퇴적물 유동흔적이 관찰되며 소규모 자갈, 모래와 같은 퇴적물의 적치구간이 다수 존재함. 침식 및 표층유실과 같은 위험요소가 관찰됨.",사유림
경상북도,안동시,길안면,송사리,산223임,36,22,8.019,128,54,59.489,좌우사면 노출된 암반의 심한 풍화 및 절리 방향 불리로 토석이 계류 내 유입될 우려 있음. ,사유림
경상북도,안동시,길안면,송사리,산97임,36,18,22.499,128,54,29.2,산사태가 발생하거나 퇴적물과 붕괴 유실물이 토석류로 발생할 경우 피해 가능성이 있는 지역임,사유림
경상북도,안동시,길안면,송사리,산249구,36,20,40.591,128,55,40.411,계류 내 전석 및 자갈 등과 같은 퇴적물이 다량 적치되어 있고 현재 유동 중으로 토석류로 발전될 가능성이 농후해 취약지역으로 선정하여야 할 것으로 판단됨.,사유림
경상북도,안동시,길안면,송사리,산45임,36,20,20.899,128,55,59.3,사면이 암석이 풍화가 심하고 붕괴지도 발견되어 강우시 큰 피해가 예상됨,사유림
경상북도,안동시,길안면,송사리,산34임 안동 제2015-56호,36,20,22.571,128,56,2.682,세굴과 침식이 심하여 토사유출이 계류방향으로 지속적으로 진행 중이며 특히 임도를 끼고 있는 부분이 취약함,사유림
경상북도,안동시,길안면,송사리,산157임 안동 제2015-55호,36,20,9.901,128,55,32.402,"계류 내 사면에서 침식이 발생하고 있으며, 전체적으로 대상지 내 사면이 축축한 편으로 강우 시 유량의 증가로 인해 사면침식이 더 활발해져 토석류 및 산사태 발생가능성이 있을 것이라고 예상됨",사유림
경상북도,안동시,길안면,송사리,산296구,36,18,19.838,128,54,22.725,계안사면에서 침식이 진행중으로 임시방편으로 암편들을 사면에 적치중임. 하지만 이 암편들이 지속적으로 계류 내 유입되고 있으며 퇴적물의 양이 많아지고 있어 취약지역으로 지정하여 퇴적물 유입을 막아야 할 것으로 판단됨.,사유림
경상북도,안동시,길안면,대사리,산53-1임,36,22,2.699,128,56,36.4,산사태가 발생하거나 퇴적물과 붕괴 유실물이 토석류로 발생할 경우 피해 가능성이 있는 지역임,사유림
경상북도,안동시,길안면,대사리,산36임,36,22,11.199,128,57,47,산사태가 발생하거나 퇴적물과 붕괴 유실물이 토석류로 발생할 경우 피해 가능성이 있는 지역임,사유림
경상북도,안동시,길안면,대사리,792구,36,22,19.599,128,57,49.6,산사태가 발생하거나 퇴적물과 붕괴 유실물이 토석류로 발생할 경우 피해 가능성이 있는 지역임,사유림
경상북도,안동시,길안면,대사리,산167임,36,21,34.099,128,57,21,산사태가 발생하거나 퇴적물과 붕괴 유실물이 토석류로 발생할 경우 피해 가능성이 있는 지역임,사유림
경상북도,안동시,길안면,대사리,773구,36,23,1.199,128,57,59.2,산사태가 발생하거나 퇴적물과 붕괴 유실물이 토석류로 발생할 경우 피해 가능성이 있는 지역임,사유림
경상북도,안동시,길안면,대사리,산70-3임,36,22,55,128,56,40,상부로 갈수록 표층유실에 의한 토사유출량이 많음. 퇴적물 유동흔적이 관찰됨.,사유림
경상북도,안동시,길안면,대사리,산172임,36,21,41.999,128,57,39,계류 중간부 배수관 매설로 인해 토사가 발생하였으며 이 토사의 유동이 관찰됨. 하부 사찰 겸 인가에 피해를 미칠 가능성이 있다고 판단되어 취약지역 지정을 추천함.,사유림
경상북도,안동시,길안면,고란리,394,36,24,30.399,128,57,35.141,과수원 진입로 우측에 위치한 계류로 일부 구간 진입로가 기슭막이 역할을 하고 있으나 진입로 우측 사면이 불안정하여 토석이 지속적으로 계류로 유입되고 있어 토석류 발생의 잠재적 위험요소가 있음. 토석류 발생 저감을 위하여 계류보전 사업의 검토가 필요할 것으로 사료됨,사유림
경상북도,안동시,길안면,고란리,65-3전,36,24,5.299,128,57,31.2,산사태가 발생하거나 퇴적물과 붕괴 유실물이 토석류로 발생할 경우 피해 가능성이 있는 지역임,사유림
경상북도,안동시,길안면,묵계리,1127-14천,36,24,52.099,128,55,29.6,침식으로 인해 농지가 유실되고 있으며 기존 시설물의 상태가 불량하여 시설물의 관리와 계류황폐화 억제를 위한 취약지역지정을 제안함.,사유림
경상북도,안동시,길안면,묵계리,산10임,36,24,27.599,128,55,9.5,산사태가 발생하거나 퇴적물과 붕괴 유실물이 토석류로 발생할 경우 피해 가능성이 있는 지역임,사유림
경상북도,안동시,길안면,묵계리,산180구,36,24,32.899,128,54,32.3,산사태가 발생하거나 퇴적물과 붕괴 유실물이 토석류로 발생할 경우 피해 가능성이 있는 지역임,사유림
경상북도,안동시,길안면,묵계리,산141구,36,27,2.7,128,55,21.1,계류 우측 사면부 경작지 하부에 붕락이 발생하여 토사유실이 관찰되므로 취약지역으로의 선정을 제안함.,사유림
경상북도,안동시,길안면,구수리,산114임,36,26,58,128,57,1,"계류 내 침식이 발달해 토사가 계류 내부로 유입 및 유동되고 있으며 붕괴지, 표층유실, 수목전도, 유목 등 위험요소들이 관찰됨.",사유림
경상북도,안동시,길안면,구수리,산199,36,28,19.356,128,56,12.685,"0~80m 우측 사면 대규모 붕괴지를 형성하고 있으며 160m 지점 이후 구간은 구곡을 형성하며 사면 황폐화가 진행 중으로 사면 내 뜬돌, 계상 내 유목 및 전석이 다수 적치되어 있어 향후 토석류 발생 가능성이 높아 계류보전 사업이 시급할 것으로 사료됨",사유림
경상북도,안동시,길안면,배방리,산69-1,36,25,40.999,128,57,46.041,"계류 전반에 걸쳐 암반풍화도가 높고 절리가 발달되어 계안으로 암편이 유출되고 있으며 붕괴지가 존재하고 집중호우 시 붕괴지 확장 및 추가발생, 토석류 발생 가능성이 높아 이를 예방하기 위한 사방댐이 필요할 것으로 사료됨",사유림
경상북도,안동시,길안면,배방리,산97임,36,25,42.576,128,58,31.752,"집중호우 시 지속적인 농지유실로 인해 주민이 불안감을 호소하고 있음. 또한 계류 내 퇴적물 유동흔적, 수목전도 등의 위험요소가 관찰하여 취약지역으로 제안함.",사유림
경상북도,안동시,길안면,배방리,산76임,36,24,59.899,128,57,49,산사태가 발생하거나 퇴적물과 붕괴 유실물이 토석류로 발생할 경우 피해 가능성이 있는 지역임,사유림
경상북도,안동시,길안면,배방리,산74-2,36,25,15.999,128,57,50.041,"붕괴지가 존재하고 퇴적물분포비율이 높으며 계안침식, 유동흔적과 표층유실, 뿌리노출, 수목전도와 같은 위험요소가 존재해 집중호우 시 붕괴지 확장 및 추가발생, 토석류 발생 가능성이 높아 이를 예방하기 위한 사방댐이 필요할 것으로 사료됨",사유림
경상북도,안동시,길안면,대곡리,914,36,28,21.997,128,57,40.657,최단부 주변 인가가 연접하여 있고 곡류가 심하여 세굴이 진행 중인 계류로 소규모 침식지가 관찰되는 등 토석류 발생 잠재적 위험요소가 산재되어 있어 이를 예방하기 위한 계류보전 사업의 검토가 필요할 것으로 사료됨,사유림
경상북도,안동시,길안면,현하리,산234임,36,26,38.7,128,50,11.7,본 대상지는 안동시 길안면 현하리 산234번지 일원에 위치한 산지계류로 하류에는 인가 및 도로시설 등이 분포하고 있으며 상부에는 일반 산림지역임계상 및 계안침식이 발달한 황폐계류로 진행 중에 있어 집중호우 시 토석류 유출로 인한 하류 피해가 우려되는 지역으로 조사되어 산사태취약지역 지정·심의 대상지로 선정하였음 ,사유림
경상북도,안동시,길안면,현하리,산47-1임 안동 제2015-58호,36,27,38.201,128,52,14.702,토사유실과 하부지지력 약화로 인하여 사면의 쓸림 현상이 심하여 상당한 위험성을 내포하고 있는 지역,사유림
경상북도,안동시,길안면,현하리,산47-1임 안동 제2015-57호,36,27,38.501,128,52,9.702,토석류 발생 시 계류 하부로 인가가  위치하고 있어 집중호우 시 하부 인가로부터 인명과 재산 피해발생이 우려됨,사유림
경상북도,안동시,임동면,수곡리,0-20가,36,32,53.501,128,55,28.559,중경사계류 내 다수의 표층유실과 수목전도가 발생하였으며 일부구간 토사붕괴가 발생되어 유목과 토석류가 하부로 이동 시 피해가 예상됨.,사유림
경상북도,안동시,임동면,고천리,1077구,36,32,8.608,128,56,49.955,"완경사 계류로 일부 표층유실, 계상침식, 퇴적지가 관찰되었으며, 집중호우 시 하부로 이동 시 피해가 예상됨.",사유림
경상북도,안동시,임동면,고천리,산239구,36,32,3.548,128,56,46.026,중경사의 산지계류로 표층유실 및 일부 수목전도가 발생하였으며 전도목 및 유실된 토석류가 하부로 이동 시 피해가 예상됨.,사유림
경상북도,안동시,임동면,갈전리,산21임,36,34,43.19,128,57,51.079,경작지에서 월류로 인한 피해를 지속적으로 입고 있어 추가적인 재산피해를 막기위해 취약지역으로 지정하고자 함.,사유림
경상북도,안동시,임동면,갈전리,산106-1임,36,34,58.028,128,59,1.963,계류 내 퇴적물이 다수 존재하고 기존 보막이 시설물이 파손되어 있음. 하부 저수지로 퇴적물이 유동할 가능성이 높아 취약지역으로 지정하여 저수지를 보호하고자 함.,사유림
경상북도,안동시,임동면,갈전리,산28-1임 안동 제2015-60호,36,34,35.199,128,58,5.4,"불안정한 계류를 안정화하여 계류 주변의 인가, 농경지를 보호하고자 대상지에 선정하여 관리하는 것이 필요하다고 생각됨",사유림
경상북도,안동시,임동면,갈전리,산28-1임 안동 제2015-61호,36,34,37.399,128,58,7.4,강우시 빗물에 의한 사면에서의 침식 및 계상에서의 세굴현상이 관찰되고 있으며 강우 시 계류수와 함께 퇴적물의 이동흔적이 관찰되어 토석류의 발생가능성이 있을 것으로 판단되기에 산사태 발생 우려지역으로 선정해야 할 것으로 사료됨,사유림
경상북도,안동시,임동면,갈전리,산34임 안동 제2015-56호,36,34,43.899,128,58,18,사면의 긴 침식지가 있으며 크고 작은 붕괴지가 발달되어 있기에 산사태 발생 우려지역으로 선정할 필요가 있다고 사료됨. 사면의 노출된 암반은 풍화로 인하여 부서져 계류로 퇴적물이 쌓이고 있다.,사유림
경상북도,안동시,임동면,마령리,산158임,36,35,26.999,128,58,2.641,"과수원과 계류가 잇닿아 있는 기슭이 지속적으로 유실되고 있으며, 계류 좌안 풍화가 발달한 사면으로 균열 및 붕괴지가 관찰됨에 따라 기슭을 보호하고 계류정비가 필요할 것으로 사료되어 계류보전사업의 검토가 필요할 것으로 사료됨.",사유림
경상북도,안동시,임동면,마령리,산135임,36,35,57.9,128,58,48.8,중경사의 산지계류로 다수의 표층유실 및 수목전도와 암반의 절리가 발달하여 하부 피해가 예상됨.,사유림
경상북도,안동시,임동면,위리,산8임,36,37,23.4,128,57,21.1,"본 대상지 평균경사도는 40°의 절험지로 토사사면에 해당하며 과거 낙석으로 인한 피해가 발생한 이력이 있는 것으로 조사되었음현장조사 결과, 대상지 사면에 뜬돌이 다수 불안정하게 존재하고 있으며, 추가적인 낙석 발생할 우려가 다소 높은 것으로 조사되었음",사유림
경상북도,안동시,임동면,위리,산27-1임(1),36,37,31.494,128,57,34.479,"중경사 계곡 내 표층유실 및 붕괴와 전도목이 발견되었으며, 계류 하부에 인가가 존재하여 하부로 이동 시 피해가 예상됨.",사유림
경상북도,안동시,임동면,위리,산26임,36,37,28.7,128,57,24.4,"본 대상지 평균경사도는 34°의 절험지로 토사사면에 해당하며 과거 집중호우 시 사면에서 낙석이 발생하여 간접적인 피해가 발생한 흔적이 있는 것으로 조사되었음현장조사 결과, 사면에는 침식 및 붕괴없이 사면이 안정되어 있으나, 사면에는 뜬돌 및 암반이 절리가 발달하여 추후 집중호우 시 추가적인 낙석 등 피해가 발생할 우려가 있는 것으로 조사되었음",사유림
경상북도,안동시,임동면,위리,산27-1임(2),36,37,26.7,128,57,33.9,"급경사의 절리가 발달된 인가배후암반사면으로 일부 표층유실이 관찰되었고, 하부인가에 피해가 예상됨.",사유림
경상북도,안동시,임동면,대곡리,38임 안동 제2015-63호,36,39,19.899,128,58,34.6,"계류내 전석, 자갈등 퇴적물이 적치되어 계류수의 흐름을 방해하고 있다. 계류수의 월류 및 침식으로 인하여 하부 경작지의 유실 등의 피해가 발생하고 있기에 산사태 발생 우려지역으로 선정해야 한다고 사료됨.",사유림
경상북도,안동시,임동면,대곡리,산492임 안동 제2015-64호,36,38,37.899,128,58,18.3,"계류가 전체적으로 침식이 발달되어 있고 퇴적물이 적치되어 있다. 노출된 암반은 심한 풍화로 인하여 부서져 계류로 자갈, 전석 등으로 유입되고 있어 산사태 발생 우려지역으로 선정이 필요할 것으로 판단됨.",사유림
경상북도,안동시,임동면,대곡리,산530구,36,40,49.899,128,58,56.1,"계안의 양안 사면이 붕괴되어 많은 토석들이 흘러내려 계상에는 입경 및 분급상태가 불안정하여 유출의 위험이 높음 따라서 토사유출을 저지하여 연접한 임도의 파손을 막고,하류지역의 재해안정성을 높이기 위하여 산사태 발생 우려지역으로 선정하여 사방사업이 필요하다고 사료됨",사유림
경상북도,안동시,임동면,박곡리,산68임,36,31,56.099,128,55,1.7,산사태가 발생하거나 퇴적물과 붕괴 유실물이 토석류로 발생할 경우 피해 가능성이 있는 지역임,사유림
경상북도,안동시,임동면,박곡리,산486,36,31,32.788,128,57,49.094,계류 폭이 넓고 유량이 많은 계류로 양안 기슭으로 지속적인 토석이 계류로 유입되고 있는 상황으로 퇴적물 이동이 용이할 것으로 판단되어 강우 시 퇴적물을 차단할 사방댐 설치가 적절할 것으로 사료됨.,사유림
경상북도,안동시,임동면,박곡리,산498,36,31,22.799,128,57,55.1,침식이 발달한 계류로 양안으로 붕괴지가 다수 관찰되며 계류 내 높은 퇴적물이 분포하고 있어 강우 시 하부로 유출될 경우 농경지에 피해가 우려되므로 취약지역으로 지정하여 관리하는 것이 타당할 것으로 사료됨.,사유림
경상북도,안동시,임동면,박곡리,산839임,36,30,42.293,128,57,9.869,하부 임하호로 유출되는 계류로 농경지 피해우려,사유림
경상북도,안동시,임동면,마리,산202임,36,34,11.599,128,53,20.8,산사태가 발생하거나 퇴적물과 붕괴 유실물이 토석류로 발생할 경우 피해 가능성이 있는 지역임,사유림
경상북도,안동시,임동면,사월리,산283-11임 안동 제2015-65호,36,34,33.399,128,54,46.7,유출토사의 저류로 인한 산지토사재해로부터 지역의 재해안정성 확보가 필요하기에 산사태 발생 우려지역으로 선정해야 한다고 판단됨,사유림
경상북도,안동시,임동면,사월리,산101임,36,36,15,128,54,47,사면과 인가가 인접한 대상지이며 포행 진행중으로 토사유출로 인가 피해가 우려됨,사유림
경상북도,안동시,임동면,사월리,산197-3,36,35,48.599,128,54,4.5,사면 상단부의 토양층이 노출되어 있어 집중호우 시 지속적인 토양층 유실과 사면붕괴가 발생할 수 있는 잠재적 위험지역이기에 산사태 발생 우려지역으로 선정해야 한다고 판단됨.,사유림
경상북도,안동시,임동면,사월리,산198-2임,36,35,38.899,128,54,5.1,산사태가 발생하거나 퇴적물과 붕괴 유실물이 토석류로 발생할 경우 피해 가능성이 있는 지역임,사유림
경상북도,안동시,임동면,사월리,1192구,36,35,41.899,128,54,6.5,산사태가 발생하거나 퇴적물과 붕괴 유실물이 토석류로 발생할 경우 피해 가능성이 있는 지역임,사유림
경상북도,안동시,임동면,사월리,산287-1임 안동 제2015-66호,36,34,43.163,128,54,46.315,계류 전체적인 침식으로 인한 농경지 피해가 발생하고 있으며 계류내에 퇴적물이 많이 적치되어 있어 하부 인가의 피해가 발생할 수 있기에 산사태 발생 우려지역으로 선정하여야 할 것으로 판단됨,사유림
경상북도,안동시,예안면,귀단리,산80-1임,36,40,23.1,128,52,24.6,토사유실로 인한 수목 뿌리 노출이 관찰되고 낙석의 피해가 예상되므로 취약지역으로의 선정을 제안함.,사유림
경상북도,안동시,예안면,귀단리,산80-1임,36,40,22.06,128,52,24.513,"계류 내 퇴적지와 다수의 표층유실이 발견되었으며, 계류 하부에 인가가 존재하여 하부로 이동 시 피해가 예상됨.",사유림
경상북도,안동시,예안면,귀단리,산30임,36,41,18.799,128,53,6.6,주변 산지가 V자형 협곡 형태를 이루고 있으며 산지에서 뜬돌 및 암반 풍화로 인한 토사석이 지속적으로 유입되고 있으므로 취약지역으로 지정하여 관리할 필요가 있음.,사유림
경상북도,안동시,예안면,태곡리,90-2임,36,40,29.599,128,54,43.8,산사태가 발생하거나 퇴적물과 붕괴 유실물이 토석류로 발생할 경우 피해 가능성이 있는 지역임,사유림
경상북도,안동시,예안면,태곡리,산208임 안동 제2015-67호,36,40,32.741,128,53,19.114,"다수의 지류들이 합류되어 강우 시 유량이 클 것으로 예상되며 주변부 사면의 식생들이 계류 방향으로 전도되어 있는 등, 위험요소들이 산재되어 있는 지역임.",사유림
경상북도,안동시,예안면,인계리,산144임,36,40,56.6,128,57,15.4,"본 대상지는 농경지 및 인가와 연접하는 계류로 2022년 집중호우로 인한 토석류 발생에 따른 하부 보호시설의 피해가 발생한 지역으로 조사되었음현장조사 시 상류로 갈수록 계류의 종·횡침식이 발달하여 계상 내 이동가능한 대경력 크기의 암석 및 토사가 불안정하게 퇴적되어 있으며 계류와 연접하는 농경지하부 석축 및 철조망훼손, 인가진입로 훼손의 피해가 발생하는 등 추후 집중호우 시 다량의 토석류가 유출될 우려가 잠재되어 있어 사방사업의 시급성이 높으므로 산사태 취약지역 지정·심의 대상지로 선정하였음",사유림
경상북도,안동시,예안면,인계리,산154임,36,41,7.1,128,56,57.1,"현장조사 결과, 사면의 토사가 이류하여 농경지 및 농막의 피해가 발생하였으며 사면의 침식 및 붕괴 등 위험요소가 분포하여 사면이 불안정하기에 추후 집중호우 시 추가적인 피해 발생 우려가 잠재되어 있는 지역으로 조사되었음",사유림
경상북도,안동시,예안면,인계리,산150임,36,41,0.4,128,57,10.1,본 대상지는 농경지와 연접하는 산간계류로 2022년 집중호우로 인한 계상 내 불안정하게 분포하고 있는 토사석이 이류하여 하부 보호시설의 피해가 발생한 지역으로 조사되었음현장조사 시 상류로 갈수록 유목의 분포 및 계안침식의 발달과 계상 내 불안정하게 다량의 토사석이 분포하고 있어 추후 강우강도 시 하부로 일시 유출될 우려가 높을 것으로 사료되며 사방사업 시급성이 높은 지역으로 조사되어 산사태 취약지역 지정·심의 대상지로 선정하였음,사유림
경상북도,안동시,예안면,인계리,산155임,36,41,9.1,128,56,53.4,본 대상지는 농경지 및 인가와 연접하는 계류로 2022년 집중호우로 인한 토석류 발생에 따른 하부 보호시설의 피해가 발생한 지역으로 조사되었음현장조사 시 계류 전반에 침식 및 붕괴 등 위험요소가 다수 관찰되며 계상 내 이동가능한 토사석이 다량 분포하여 추후 집중호우 시 계류의 종·횡 침 발달로 토석류 및 유수의 량이 증가하여 하류 보호시설의 추가적인 피해우려가 높을 것으로 사료되어 산사태 취약지역 지정·심의 대상지로 선정하였음,사유림
경상북도,안동시,예안면,인계리,산151임,36,41,1.7,128,57,7.2,본 대상지는 농경지와 연접하는 산간계류로 2022년 집중호우로 인한 토석류 발생으로 하부 보호시설의 피해가 발생한 지역으로 조사되었음 현장조사 시 다량의 토사석이 하부로 유출하였으며 계상 내 전반적으로 토사석이 불안정하게 퇴적되어 있고 전도목 또한 다수 분포하여 집중호우 시 일시 유출에 따른 하부 보호시설의 추가적인 피해 발생우려가 높을 것으로 사료되어 사방사업의 시급성이 높은 지역으로 산사태 취약지역 지정·심의 대상지로 선정하였음,사유림
경상북도,안동시,예안면,인계리,산175,36,40,53.399,128,56,38.4,여러 지류가 합류하는 집수지형으로 강우 시 급격한 유량 증가로 인해 계상에 퇴적된 토사석 및 유송잡물이 유동하면 하부 민가 및 농경지에 피해를 야기할수 있으므로 취약지역으로 선정하여 관리할 필요가 있음.,사유림
경상북도,안동시,예안면,인계리,1109구,36,41,50.399,128,55,2.3,산사태가 발생하거나 퇴적물과 붕괴 유실물이 토석류로 발생할 경우 피해 가능성이 있는 지역임,사유림
경상북도,안동시,예안면,인계리,산113임,36,41,48.499,128,56,5.8,집수지형의 하부에 민가 및 농경지가 위치해 있어서 침식 등에 의한 농경지 유실 피해 및 월류 피해가 예상되므로 취약지역으로 선정하여 관리할 필요가 있음.,사유림
경상북도,안동시,예안면,인계리,산132임,36,41,10.6,128,56,55.6,본 대상지는 인계리에 위치한 산지계류로 계류 하부 인가 1개소와 농경지가 존재하고 있음계폭이 협소하며 상류 계상의 침식으로 토사 및 토석이 하류로 이동하여 유수의 흐름을 막아 과거 월류 피해가 발생한 대상지로 추가적인 피해를 막기 위해 산사태취약지역 지정?심의 대상지로 선정하였음 ,사유림
경상북도,안동시,예안면,인계리,산195임,36,41,34.4,128,55,43.2,본 대상지는 농경지와 연접하는 계류로 2022년 집중호우 시 토석류 발생에 따른 하류 보호시설의 피해가 관찰되었으며 지역주민 탐문조사 결과 산사태 발생에 대한 불안감을 호소하는 지역으로 조사되었음현장조사 시 하류 돌림수로의 훼손 및 농경지 피해가 발생하였으며 상류로 갈수록 계류의 종·횡침식이 발달하고 다량의 전도목이 계안주변으로 분포하고 있으며 계류가 불안정한 형태로 추후 강우강도 시 하부 유출우려가 잠재되어 있어 사방사업의 시급성이 높은 지역으로 산사태 취약지역 지정·심의 대상지로 선정하였음,사유림
경상북도,안동시,예안면,인계리,62전,36,41,5.371,128,57,3.778,산사태가 발생하거나 퇴적물과 붕괴 유실물이 토석류로 발생할 경우 피해 가능성이 있는 지역임,사유림
경상북도,안동시,예안면,인계리,산215임,36,41,8.499,128,55,4.2,계류내 토사석이 다량 퇴적되어 있어서 강우 시 유동 한다면 하부 민가 및 농경지에 직접적인 피해가 예상되므로 취약지역으로 선정하여 관리할 필요가 있음.,사유림
경상북도,안동시,예안면,삼계리,426임,36,42,52.899,128,55,58.5,집수지형으로 이루어져 있어서 강우 시 유량이 급격히 증가할 것으로 예상되며 토사의 응집력이 약화되어 있어서 양안이 쉽게 침식 및 붕괴될 것으로 예상되므로 취약지역으로 선정하여 관리할 필요가 있음.,사유림
경상북도,안동시,예안면,삼계리,866구 안동 제2015-68호,36,43,39.411,128,55,21.461,우안으로 붕괴지들이 다수 분포하고 있으며 계류 양안의 경사가 급하며 침식에 취약한 형태를 보이고 있어 추가적인 붕괴발생이 우려되는 상황임.,사유림
경상북도,안동시,예안면,삼계리,173임,36,43,22.3,128,55,5.2,급경사인 사면부에서 붕괴지가 다수 관찰되고 있으며 침식과 토사유출로 인해 계상퇴적지가 발달하였음. 강우 시 도로 면의 유실 및 월류피해가 예상됨에 따라 취약지역으로의 선정을 제안함.,사유림
경상북도,안동시,예안면,삼계리,산92임,36,43,40.5,128,55,15.4,본 대상지는 삼계리에 위치한 산지계류로 유출구에 인가1개소 및 농경지가 위치하고 있으며 상부에는 일반 산림지역임지속적인 침식으로 인해 계상에는 다수의 거석 토사 등 퇴적되어 있으며 계안부 침식이 지속적으로 발생하고 있는 상태로 하류로 유출 될 경우 큰 피해가 발생할 우려가 높은 지역으로 산사태취약지역 지정?심의 대상지로 선정하였음 ,사유림
경상북도,안동시,예안면,삼계리,882구,36,42,24.357,128,55,6.51,산사태가 발생하거나 퇴적물과 붕괴 유실물이 토석류로 발생할 경우 피해 가능성이 있는 지역임,사유림
경상북도,안동시,예안면,삼계리,산66임,36,43,5,128,55,30,계류 내부로 유송잡물이 다량 분포하고 전도된 수목이 다수 존재함. 토석류가 발생한 흔적이 관찰되고 계류 내 퇴적물 분포비율이 높음. 불연속면의 발달로 인해 암반탈락구간이 다수 존재함.,사유림
경상북도,안동시,예안면,삼계리,산41임,36,42,8.999,128,55,7.2,산사태가 발생하거나 퇴적물과 붕괴 유실물이 토석류로 발생할 경우 피해 가능성이 있는 지역임,사유림
경상북도,안동시,예안면,삼계리,산66임,36,42,47.899,128,55,31.8,"토사의 응집력이 약해 쉽게 세굴 및 침식되어 계상에 다량의 토사석이 유입되어 퇴적되어 있음. 유입된 퇴적물이 강우 시 유동하면 하부 민가 및 도로, 농경지의 피해가 우려되므로 취약지역으로 선정하여 관리할 필요가 있음.",사유림
경상북도,안동시,예안면,삼계리,873구,36,43,7,128,55,12,좌측 기슭으로 표층유실 및 세굴이 관찰됨. 이로 인한 토사유출량이 많음. 암반 풍화도가 높은 구간이 존재하고 이 구간 내 붕괴발생지가 있음.,사유림
경상북도,안동시,예안면,도촌리,0-29,36,43,36.684,128,57,19.909,"상부 토사층의 유실이 다수 관찰되며 그 외 계안침식, 세굴, 퇴적물 유동흔적이 관찰되는 등 토석류의 발생억제를 위한 계류보전사업이 필요할 것으로 사료됨",사유림
경상북도,안동시,예안면,도촌리,산174-1임 안동 제2015-70호,36,43,40.399,128,57,19.6,전석분포비율이 높은 편이며 계류 양안으로 침식이 발달한 불안정한 지역임. 강우시 토석류 발생의 위험이 있다고 판단되는 지역임.,사유림
경상북도,안동시,예안면,도촌리,산130-1,36,42,56.999,128,57,24.041,"퇴적물 분포비율이 높고 계류수에 의한 계안침식, 퇴적물유동흔적 또한 표층유실, 수목전도구간이 다수 관측되어 강우시 나타날 수 있는 토석류를 대비해 사방댐을 설치하는 것이 필요하다 판단됨",사유림
경상북도,안동시,예안면,도촌리,209,36,43,9.299,128,59,20.2,식생밀도가 높고 계류경사가 완만하나 유역면적이 높고 계류수가 항시 존재하며 퇴적물분포비율이 높고 기타 위험요소들이 존재해 강우시 토석류가 발생한다면 재산피해의 우려가 있어 사방댐이 필요할 것으로 사료됨,사유림
경상북도,안동시,예안면,도촌리,22,36,43,1.999,128,59,22.041,"계류 내부로 유송잡물이 다량 존재하고 표층유실, 뿌리노출, 수목전도와 같은 위험요소들이 존재해 강우시 토석류가 발생한다면 재산피해의 우려가 있어 사방댐이 필요할 것으로 사료됨",사유림
경상북도,안동시,예안면,도촌리,산19임,36,43,36.7,128,57,57.6,본 대상지는 도촌리에 위치한 산지계류로 계류 하부 인가가 연접하여 존재함계류 상류 및 계안의 경사가 비교적 가파르며 암반 풍화로 석력이 생성 되고 있음. 계류 상부에 민간이 쌓은 돌바닥막이가 다수 존재함 안정적으로 유지중이나 향후 피해 발생우려를 내포하고 있는 지역으로 지속적인 관리가 필요할 것으로 판단됨,사유림
경상북도,안동시,예안면,도촌리,557,36,43,42.849,128,57,29.772,하부 배수로로 퇴적물이 자주 이동하여 배수로의 기능을 다하지 못하여 주민의 피해이력이 다수 존재하며 추가적인 사업을 통하여 안정성을 높이고자 함.,사유림
경상북도,안동시,예안면,도촌리,산137-1,36,42,59.999,128,57,19.041,"최단부 계류주변으로는 임도 및 경작지가 분포하고 있고 큰 특이사항이 없으나 상부산지내부로는 표층유실, 수목전도, 퇴적물의 유동흔적들이 관측되어 강우시 나타날 수 있는 토석류를 대비해 사방댐을 설치하는 것이 필요하다 판단됨",사유림
경상북도,안동시,예안면,도촌리,산180임,36,43,42.406,128,57,32.307,퇴적물로 인한 하부 인가의 침수 및 경작지 피해이력이 존재하며 추가적인 피해를 예방하고자 계류정비가 필요할 것으로 사료됨.,사유림
경상북도,안동시,예안면,도촌리,산118임 안동 제2015-69호,36,43,13.856,128,57,6.714,계류 주변부와 계류 내 침식이 발달한 불안정한 지역으로 유량이 증가하면 토석류의 발생 가능성이 있어 장마철이나 집중호우 시 하부에 위치해 있는 다수의 인가에 인명 및 재산의 피해발생이 우려되는 상황임.,사유림
경상북도,안동시,예안면,도촌리,산62-3,36,43,1.153,128,59,20.099,집중호우 시 계류 상부에서 유입되는 토석류로 인해 임도와 경작지에 피해가 우려되므로 사방댐설치를 통하여 예방이 필요하다고 사료됨,사유림
경상북도,안동시,예안면,도촌리,945-1,36,42,57.542,128,57,26.358,"계류수에 의한 계안침식, 퇴적물유동흔적 또한 표층유실, 수목전도구간이 다수 관측되과 퇴적물분포비율이 높아 강우시 나타날 수 있는 토석류를 대비해 사방댐을 설치하는 것이 필요하다 판단됨",사유림
경상북도,안동시,예안면,도촌리,1053,36,43,55.999,128,57,53.041,본 계류는 과거 수해피해지로 현재 기슭막이로 복구를 해놓았으나 그 상부로 밭과 임도가 계안침식 및 세굴로 인해 유실되고 있고 계류 내 퇴적물분포비율이 높아 추가적인 계류보전시설이 필요하다 판단됨,사유림
경상북도,안동시,예안면,도촌리,산55-1,36,43,7.999,128,59,21.041,"국부적인 계안침식지가 존재하고 자갈, 모래의 적치량이 많으며 노출된 암반에서의 높은 풍화도와 기타 위험요소들이 존재해 강우시 토석류가 발생한다면 재산피해의 우려가 있어 사방댐이 필요할 것으로 사료됨",사유림
경상북도,안동시,예안면,동천리,661 구,36,41,44.641,128,57,47.974,산사태가 발생하거나 퇴적물과 붕괴 유실물이 토석류로 발생할 경우 피해 가능성이 있는 지역임,사유림
경상북도,안동시,예안면,동천리,산41임 안동 제2015-71호,36,42,21.142,128,57,16.722,계류 양안으로 부분적으로 붕괴가 크게 발달한 지역으로 산사태 및 토석류 발생의 위험성이 큰 지역으로 판단됨.,사유림
경상북도,안동시,예안면,동천리,661구 안동 제2015-74호,36,42,16.149,128,57,12.728,계류 좌안 및 하안으로 침식이 발달하고 있으며 사면으로 부터 붕괴 및 침식으로 인하여 자갈 등 퇴적물들이 계류로 지속적으로 유입되어 계류 내 적치되어 있는 상태임.,사유림
경상북도,안동시,예안면,동천리,산46임 안동 제2015-73호,36,42,22.999,128,57,13.4,비교적 큰 규모의 붕괴지들이 위치해 있으며 산사태 발생의 가능성이 높은 지역으로 판단됨. 사면내 전석 및 퇴적물들이 떨어져 내린 곳들이 위치해 있어 피해발생이 우려됨.,사유림
경상북도,안동시,예안면,동천리,661구 안동 제2015-72호,36,42,14.399,128,57,16.5,"계류 양안으로 침식이 발달되어 있어, 강우시 유량이 늘어 산사태 및 토석류로 발전할 가능성이 있는 지역임.",사유림
경상북도,안동시,예안면,신남리,산267-15임,36,45,44,128,55,44.5,본 대상지는 신남리에 위치한 산지계류로 계류하부 인가 및 태양열발전 시설이 위치하고 있음계류 상류에 퇴적암 암반이 노출되어 풍화가 진행 중이며 암반에서 이탈된 석력이 전석 및 자갈로 계상에 분포하고 있고 추후 암반의 갈라짐에 의한 석력의 생성이 확대 우려가 존재하여 하류에 유출되는 토석류의 위험성이 높을 것으로 예상됨,사유림
경상북도,안동시,예안면,신남리,산240임,36,44,50.5,128,56,19.7,본 대상지는 신남리 인가 배후에 위치한 산지계류로 계류 하부 인가와도로가 위치하고 있음계류 상부 암벽 형태로 암반이 노출되어 있으며 풍화가 심하여 절리가 발달하였고 계안의 침식으로 토사 및 토석이 계상에 적체되어 있음 추후 강우강도 시 하류에 일시적으로 유출될 우려가 높은 지역임,사유림
경상북도,안동시,예안면,신남리,산346,36,43,57.999,128,56,12.041,계류 내부에 퇴적물 및 기타 유송잡물이 다수 존재하여 토석류 발생시 하부 인가에 인명 및 재산피해를 줄 가능성이 존재하여 이를 안정화할 적절한 사방시설물이 필요하다고 사료됨,사유림
경상북도,안동시,예안면,신남리,산136임,36,44,10.899,128,55,57.4,산사태가 발생하거나 퇴적물과 붕괴 유실물이 토석류로 발생할 경우 피해 가능성이 있는 지역임,사유림
경상북도,안동시,예안면,신남리,산32임,36,45,28.399,128,57,6.7,"토사의 전단력이 약해 쉽게 침식 및 붕괴하여 계상에 다량의 토사석이 퇴적됨으로써 유역내 존재하는 민가 등에 인적, 물적 피해가 우려되므로 취약지역으로 선정하여 관리할 필요가 있음.",사유림
경상북도,안동시,예안면,신남리,163임,36,46,0.499,128,57,6.6,집수지형을 형성하고 있어서 주변 산지로 부터 토사석이 다량 유입되고 있으며 강우 시 급격한 유량 증가로 인해 하부 생활권에 피해가 예상되므로 계류환경을 개선할 필요가 있음.,사유림
경상북도,안동시,예안면,신남리,산3-3임,36,46,10.699,128,56,46.1,토사의 응집력이 약해 쉽게 붕괴하며 집수지형의 하부에 민가 및 도로 등이 위치해 있어서 강우 시 급격하게 증가한 계류수에 의해 하부 생활권의 피해가 예상됨.,사유림
경상북도,안동시,예안면,신남리,811구 안동 제2015-75호,36,45,45.399,128,55,36.1,호우 시에 붕괴가 발생될 위험이 있음. 또한 계류수의 이동에 따른 퇴적물의 이동으로 계류의 양안이 세굴 되었고 하천의 바닥이 파이는 세로 침식이 발달되어 있어 하부에 위치한 인가로의 피해발생이 우려됨.,사유림
경상북도,안동시,예안면,주진리,산67-5임,36,39,52.3,128,51,18.1,암반부 절리발달 및 유실로 인한 수목 뿌리 노출과 수목전도 예상목이 관찰되므로 취약지역으로의 선정을 제안함.,사유림
경상북도,안동시,예안면,정산리,산79임,36,39,24.099,128,53,19.3,계류내 고사목 및 간벌목이 유입되고 있으며 계류하부 방향으로 침식 및 세굴로 인해 농경지 피해가 우려됨.,사유림
경상북도,안동시,예안면,정산리,산86임,36,39,13.724,128,53,18.142,산사태가 발생하거나 퇴적물과 붕괴 유실물이 토석류로 발생할 경우 피해 가능성이 있는 지역임,사유림
경상북도,안동시,예안면,구룡리,산230임,36,38,46.4,128,56,7.8,본 대상지는 안동시 와룡면 구룡리 산230번지 일원에 위치한 산지계류로 하류에는 농막 및 도로시설 등이 분포하고 있으며 상부에는 일반 산림지역임본 대상지는 농막과 연접하는 단수식계의 계류로 침식·붕괴 등에 의해 다량의 토사석이 계류로 유입·퇴적을 반복하고 있어 향후 집중호우 시 급경사의 계류를 따라 일시에 유출할 우려가 높은 지역이라 판단됨 ,사유림
경상북도,안동시,예안면,구룡리,1084구,36,38,56.599,128,54,54.3,산사태가 발생하거나 퇴적물과 붕괴 유실물이 토석류로 발생할 경우 피해 가능성이 있는 지역임,사유림
경상북도,안동시,예안면,구룡리,산127임,36,39,5.499,128,56,11,산사태가 발생하거나 퇴적물과 붕괴 유실물이 토석류로 발생할 경우 피해 가능성이 있는 지역임,사유림
경상북도,안동시,예안면,구룡리,산4임,36,38,37.899,128,54,11.8,산사태가 발생하거나 퇴적물과 붕괴 유실물이 토석류로 발생할 경우 피해 가능성이 있는 지역임,사유림
경상북도,안동시,예안면,구룡리,1036,36,38,32.412,128,57,14.098,계류 직하부 교회수련원(여름마다 학생들이 숙영하는 시설)이 위치한 계류로 장마 시 상습적인 침수피해로 인명 및 재산피해가 우려되므로 예방사업을 통하여 계류안정화 하는 것이 적절할 것으로 사료됨.,사유림
경상북도,안동시,도산면,토계리,산61-1,36,43,40.999,128,50,39.041,"하부에 도산서원이 존재하고 상부 계류 내부로는 퇴적물분포비율이 높고 유동흔적이 존재하며 풍화도가 높은 사면부에서 표층유실, 수목전도, 뿌리노출 등으로 인해 붕괴가 발생하였으며 강우 시 추가적인 붕괴 및 토석류가 발생할 가능성이 높으므로 사방댐을 설치해 사전에 예방하는 것이 타당하다 판단됨",사유림
경상북도,안동시,도산면,토계리,산24-17 임,36,44,47.58,128,50,47.982,산사태가 발생하거나 퇴적물과 붕괴 유실물이 토석류로 발생할 경우 피해 가능성이 있는 지역임,사유림
경상북도,안동시,도산면,토계리,산24-1임,36,44,49.099,128,50,48.6,산사태가 발생하거나 퇴적물과 붕괴 유실물이 토석류로 발생할 경우 피해 가능성이 있는 지역임,사유림
경상북도,안동시,도산면,토계리,산38-1임 안동 제2015-76호,36,43,48.396,128,51,27.168,"토석류의 가능성이 있는 지역으로 하부로 경작지 및 인가가 인접해 있어 산사태 발생 우려지역으로의 선정 및 유지, 관리가 필요한 지역이라고 생각됨.",사유림
경상북도,안동시,도산면,분천리,산14임 안동 제2015-77호,36,43,23.599,128,49,42.6,다수의 지류가 합류되어 강우시 유량이 클 것으로 예상되는 지역이며 계류 내 계상퇴적지들이 다수 분포하고 있으며 계류 양안으로 소규모의 침식이 발달한 지역임,사유림
경상북도,안동시,도산면,의촌리,산23임,36,43,6.699,128,51,12.8,"강우 시 토사사면의 추가 붕괴로 인한 토사 유출 가능성이 크고, 상하부에 농경지가 위치해 있어서 재산 피해 가능성이 있음.",사유림
경상북도,안동시,도산면,원천리,산10-1,36,44,23.7,128,51,55,현장조사 결과 퇴적암 모암의 산지사면으로 토심이 얉고 사면 상부 경사가 가파르며 사면 내 소계류가 형성 되고 있으나 소계류의 유출구가 명확하지 않아 호우시 인가로 유수의 유입이 발생하여 직간접적인 피해가 발생함,사유림
경상북도,안동시,도산면,원천리,산37임,36,43,45.099,128,53,25.2,"계류내 다량의 토사석 및 유송잡물이 분포하고 있으며, 지속적으로 주변 산지에서 붕괴 및 침식 등에 의해 토사가 유입되고 있음. 집수지형으로 이루어져 있어서 강우 시 유량 및 유속이 증가하면 계상의 유송잡물이 유동하여 하류 생활권에 인적, 물적 피해가 예상됨.",사유림
경상북도,안동시,도산면,원천리,산4-1임,36,44,21.669,128,51,43.434,"계류 내 침식지, 일부 표층유실 및 다수의 전도목이 존재하여 하부로 이동시 피해가 예상됨.",사유림
경상북도,안동시,도산면,원천리,산19임,36,44,23.4,128,52,7,"사면부 토사가 유출되어 임시방편으로 비닐로 시공한 상태이고, 표층유실과 수목전도예상목 등이 관찰되므로 취약지역으로의 선정르 제안함.",사유림
경상북도,안동시,도산면,가송리,931구,36,46,28.767,128,51,25.81,"중경사의 산지계류로 계류 내 다수의 표층유실과 수목전도가 관찰되며, 토사붕괴도 발생됨. 이로 인해 유출된 토석류와 전도목이 하부로 이동 시 피해가 예상됨.",사유림
경상북도,안동시,도산면,태자리,산18-3임,36,46,32.2,128,51,34.2,현장조사 결과 퇴적암 암반이 노출된 사면으로 퇴적암이 풍화되어 낙석 발생의 우려가 존재하며 사면 내 수목의 생장에 따라 낙석 생성이 촉진 될 우려가 존재함,사유림
경상북도,안동시,도산면,태자리,984-1전,36,47,31.899,128,49,9.1,산사태가 발생하거나 퇴적물과 붕괴 유실물이 토석류로 발생할 경우 피해 가능성이 있는 지역임,사유림
경상북도,안동시,도산면,태자리,1215-4 임,36,47,23.799,128,49,10.5,산사태가 발생하거나 퇴적물과 붕괴 유실물이 토석류로 발생할 경우 피해 가능성이 있는 지역임,사유림
경상북도,안동시,도산면,태자리,1268구 안동 제2015-80호,36,48,22.672,128,49,56.178,계류 내 전석등 유송잡물들이 다수 분포하고 있으며 특히 우안은 중간부 지점까지 전체적으로 침식 및 붕괴지들이 발달하고 있어 불안정한 형태를 보이고 있음.,사유림
경상북도,안동시,도산면,태자리,산322-1임 안동 제2015-81호,36,47,46.399,128,49,12.9,계류 좌안 사면 내 침식 및 다수의 계안붕괴지들이 위치하고있어 강우시 하부 인가로의 인명 및 재산의 피해발생이 우려됨. 이에 계류 보전을 통하여 예방을 해 줄 필요가 있다고 판단됨.,사유림
경상북도,안동시,도산면,태자리,산354-1임 안동 제2015-82호,36,47,10.499,128,49,10.1,과수원이 위치하여 지피식생이 불완전한 산림으로 계류 양안의 식생이 계류 방향으로 전도되어 있으며 계류수는 상시 흐르지 않지만 강우 시 유량이 많을 것으로 예상되는 지역임.,사유림
경상북도,안동시,도산면,태자리,산462구 안동 제2015-78호,36,48,15.299,128,49,54.5,계류 내 다수의 퇴적물과 유목등 유송잡물들이 적치되어 있어 강우 시 계류수의 흐름이 원할하지 못할 것으로 판단됨. 또한 양안 사면 내 침식이 발달하여 퇴적물들이 계류로 지속적으로 유입되고 있음.,사유림
경상북도,안동시,도산면,태자리,산460구 안동 제2015-79호,36,48,22.105,128,50,2.264,다수의 지류가 합류되어 강우 시 유량이 많을 것으로 예상되며 계류 좌안 사면의 모암의 풍화가 심하여 붕괴되어 계류로 퇴적물들이 유입되고 있음.,사유림
경상북도,안동시,도산면,태자리,976-2전,36,47,38.652,128,49,6.448,산사태가 발생하거나 퇴적물과 붕괴 유실물이 토석류로 발생할 경우 피해 가능성이 있는 지역임,사유림
경상북도,안동시,도산면,온혜리,산92임,36,44,18.999,128,49,45.2,산사태가 발생하거나 퇴적물과 붕괴 유실물이 토석류로 발생할 경우 피해 가능성이 있는 지역임,사유림
경상북도,안동시,도산면,온혜리,산273임 안동 제2015-83호,36,46,2.695,128,50,2.923,조사지역 내 침식이 발달한 불안정한 지역으로 계류 내 퇴적물 및 유목등 유송잡물들이 다수 분포하여 강우시 계류수의 흐름이 원할하지 않을 것으로 예상되는 지역으로 소규모 배수시설이나 계류보전을 통하여 이를 예방해 줄 필요가 있다고 판단됨.,사유림
경상북도,안동시,도산면,온혜리,산294임 안동 제2015-84호,36,46,33.399,128,50,31.3,상부로 지류들이 합류되어 강우 시 유량이 많을 것으로 예상되는 지역으로 계류 양안으로 침식이 발달하고 있으며 계류 내 유목등 유송잡물들이 적치되어 있어 강우시 하부 배수로의 통수능 감소로 인하여 계류수의 흐름이 원활하지 않을 것으로 예상됨.,사유림
경상북도,안동시,도산면,온혜리,1304구,36,45,17,128,49,54.999,암반풍화도가 높고 하부 침식으로 인해 붕괴가능성이 있는 구간이 있음. 화강풍화토 구간이 다수 존재함. 계류 단차가 낮아 월류가 우려됨.,사유림
경상북도,안동시,도산면,온혜리,1377구,36,44,43,128,49,12.999,진입로 옆 사면으로 붕괴 및 세굴이 발생한 구간이 다수 존재함. 진입로 주변 토사유출로 인해 불편을 겪는다는 주민 의견이 있음. 상부 경작지 주변으로 계류 단차가 낮아 월류가 우려되는 구간이 존재함.,사유림
경상북도,안동시,도산면,운곡리,산154구,36,46,32.655,128,48,42.807,"중경사 계곡 내 표층유실과 전도목이 발견되었으며, 계류 직하부에 사철이 존재하여 하부로 이동 시 피해가 예상됨.",사유림
경상북도,안동시,도산면,의일리,산84임,36,43,36,128,48,27,"사면과 인가가 매우 인접해 있고, 사면 상부 침식과 토사유출 및 낙석의 피해도 우려됨",사유림
경상북도,안동시,도산면,의일리,산209임 안동 제2015-86호,36,44,1.099,128,47,50.3,평균 토심이 100cm로 조사되었으며 계류수는 흐르지 않지만 지류의 합류 등으로 강우시 유량이 많을 것으로 예상되는 지역임. 좌안사면은 침식이 발달한 불안정한 형태를 보이고 있음.,사유림
경상북도,안동시,도산면,의일리,산34-1임 안동 제2015-85호,36,43,29.699,128,48,48.2,하부에 인가 및 농경지가 위치하고 있으며 토석류의 가능성이 있는 지역으로 산지재해의 피해로부터 하부를 보호해 주기 위한 대책이 필요하다고 사료됨.,사유림
경상북도,안동시,녹전면,신평리,278-2과,36,45,27.499,128,47,13.3,산사태가 발생하거나 퇴적물과 붕괴 유실물이 토석류로 발생할 경우 피해 가능성이 있는 지역임,사유림
경상북도,안동시,녹전면,신평리,산123-4임 안동 제2015-87호,36,45,22.315,128,46,35.118,"유량이 증가할 때 토석류로 발전될 가능성이 높을 것으로 판단되며, 유출구 하부 방향으로 인가들이 다수 분포하고 있으며 계류상부 위험사면에 수목전도현상이 관찰이 됨.",사유림
경상북도,안동시,녹전면,신평리,산147-1임 안동 제2015-88호,36,44,41.766,128,46,40.11,집중호우 시 또는 장마철에 유량이 급속도로 늘어 계류 내에 쌓여 있는 퇴적물들과 계류 양안의 사면에서의 자갈이나 모래등의 퇴적물들이 이동하여 토석류로 발달할 위험이 있음.,사유림
경상북도,안동시,녹전면,신평리,산188임,36,45,2,128,45,40.599,"계류 내 좌, 우측 침식이 발달하여 토석이 계상에 적치된 상태이므로 취약지역으로의 선정을 제안함",사유림
경상북도,안동시,녹전면,신평리,1276천,36,46,16.999,128,46,41.2,산사태가 발생하거나 퇴적물과 붕괴 유실물이 토석류로 발생할 경우 피해 가능성이 있는 지역임,사유림
경상북도,안동시,녹전면,신평리,산189임,36,44,57.099,128,45,38.1,산사태가 발생하거나 퇴적물과 붕괴 유실물이 토석류로 발생할 경우 피해 가능성이 있는 지역임,사유림
경상북도,안동시,녹전면,신평리,산107임,36,46,6.91,128,46,30.7,본 대상지는 과수원 및 인가와 연접하는 계류 상류로 과거 집중호우 시 토사류 유출 및 월류로 인한 피해가 발생한 지역임 계류경사가 급하고 도복목 및 유목이 다수 적치되어 있으며 추후 강우강도 시 하류로 유출될 가능성이 높은 지역으로 구조물을 시설하여 하류로 유출되는 토사 등을 방지하도록함,사유림
경상북도,안동시,녹전면,신평리,산98-1임,36,46,20.558,128,46,27.793,중간부 이후 세굴 및 침식이 진행 중이며 계류 내 소규모 전석이 다수 분포하고 있는 계류로 잠재적 위험요소가 분포하고 있어 계류보전 사업의 검토가 필요할 것으로 사료됨,사유림
경상북도,안동시,녹전면,매정리,산138-1임,36,47,20.799,128,48,10.1,산사태가 발생하거나 퇴적물과 붕괴 유실물이 토석류로 발생할 경우 피해 가능성이 있는 지역임,사유림
경상북도,안동시,녹전면,매정리,산101임,36,48,10.8,128,46,52.4,"본 대상지는 인가 및 농경지와 연접하는 계류 상류로 과거 집중호우 시 월류로 인한 피해가 발생한 이력이 있는 것으로 조사되었음따라서 집중호우 시 월류 피해를 방지하기 위한 골막이 및 기슭막이 설치 등 계류보전사업을 검토할 필요성이 있으며, 계류 상류 구간의 경우 진입여건이 협소하여 유출구를 중점으로 사업을 고려함이 타당할 것으로 판단됨",사유림
경상북도,안동시,녹전면,매정리,산89임,36,48,22.8,128,47,21.8,급경사의 암반사면으로 암반 내 균열이 다수 분포하며 표층유실 및 붕괴가 관찰되며 상부 수목의 뿌리가 노출되어 있어 전도위험이 있어 하부의 다수인가에 피해가 예상됨.,사유림
경상북도,안동시,녹전면,매정리,산85임,36,48,12.999,128,46,58.9,강우 시 급격한 유량 증가로 인해 하부 생활권의 피해가 예상되는 지역으로 계류환경을 개선할 필요가 있음.,사유림
경상북도,안동시,녹전면,매정리,901 구,36,47,24.599,128,48,17.3,산사태가 발생하거나 퇴적물과 붕괴 유실물이 토석류로 발생할 경우 피해 가능성이 있는 지역임,사유림
경상북도,안동시,녹전면,매정리,산90임,36,48,23.199,128,47,20.7,산사태가 발생하거나 퇴적물과 붕괴 유실물이 토석류로 발생할 경우 피해 가능성이 있는 지역임,사유림
경상북도,안동시,녹전면,매정리,산134임,36,47,13.999,128,48,32.5,산사태가 발생하거나 퇴적물과 붕괴 유실물이 토석류로 발생할 경우 피해 가능성이 있는 지역임,사유림
경상북도,안동시,녹전면,매정리,산187임,36,47,39.199,128,46,32.8,산사태가 발생하거나 퇴적물과 붕괴 유실물이 토석류로 발생할 경우 피해 가능성이 있는 지역임,사유림
경상북도,안동시,녹전면,원천리,산117-2임,36,47,22.7,128,45,6.8,"소규모 낙석이 관찰되나, 침식 및 붕괴 위험성은 낮아 산사태취약지역 지정 시급성은 낮음",사유림
경상북도,안동시,녹전면,원천리,산131임,36,47,4.299,128,45,22.9,강우 시 적치되어 있는 산물이 집수되는 빗물과 함께 유동할 경우 하부 민가 및 과실수 단지에 피해가 예상되므로 취약지역으로 선정하여 관리할 필요가 있음.,사유림
경상북도,안동시,녹전면,사천리,산139임,36,45,53.3,128,44,27.6,본 대상지는 사천리에 위치한 산지 소계류로 계류상부 벌채지 및 치수림이 위치하고 있고 하부에 농경지가 존재함현지조사 결과 계류상부 벌채지가 존재하며 조림목이 식재되어 있으나 표토가 노출되어 호우시 토사유출의 우려가 존재함,사유림
경상북도,안동시,녹전면,사천리,산78-3임,36,46,45.2,128,44,54.97,급경사의 인가배후사면으로 다수의 표층유실이 관찰되었으며 집중호우 시 추가유실의 우려가 있음.,사유림
경상북도,안동시,녹전면,사천리,산136임,36,45,59.096,128,44,39.418,계류길이는 짧으나 산불피해지로 상부 고사목이 존재하며 유실에 취약하여 취약지역으로 지정,사유림
경상북도,안동시,녹전면,사천리,산83임,36,46,18.2,128,44,40.9,본 대상지 평균경사도는 37°의 험준지로 토사사면에 해당하며 과거 집중호우 시 산사태 등 피해 흔적은 없는 것으로 조사되었음현장조사 결과 인가 배후사면의 표층유실 및 침식에 따른 토사유출이 관찰되어 추후 강우강도 시 피해가 확대될 우려가 있는 지역으로 조사되었음,사유림
경상북도,안동시,녹전면,사천리,산98-2임,36,46,3.066,128,45,7.698,산사태가 발생하거나 퇴적물과 붕괴 유실물이 토석류로 발생할 경우 피해 가능성이 있는 지역임,사유림
경상북도,안동시,녹전면,녹래리,산107임,36,43,54,128,44,21,"조사시점부 상부 40m지점 진입로 좌측으로 표층유실, 침식, 퇴적물유동흔적이 관찰됨. 전도된 수목이 다수 존재하고 퇴적물 분포비율이 높음.",사유림
경상북도,안동시,녹전면,녹래리,900구,36,44,33.799,128,44,40.6,산사태가 발생하거나 퇴적물과 붕괴 유실물이 토석류로 발생할 경우 피해 가능성이 있는 지역임,사유림
경상북도,안동시,녹전면,죽송리,산128임,36,43,57.2,128,45,41.9,현장조사 결과 인가배후 사면 일부 절개면이 인가와 연접하여 있으며 배후 사면에 노출된 암반에서 생성된 전석이 존재하여 전석의 낙석 우려가 존재함,사유림
경상북도,안동시,녹전면,서삼리,산176임,36,41,36.4,128,45,15.8,본 대상지는 농장배후 사면에 위치한 소규모 계류로 과거 토석류 유출로 인해 하류오리농장에 피해발생한 지역임 누구침식이 형성되어 매년 강우강도 시 하류로 토석류 유출이 발생됨에 따라 횡구조물을 설치하여 토석유출 방지하도록 함,사유림
