연번,읍면구분,시설구분,시설명,상세시설명,지정일자,상세주소,위도,경도,수용가능면적(제곱미터),수용가능인원(명),데이터기준일
1,봉화읍,경로당,삼계1리생기마경로당,본관,2013-01-01,경상북도 봉화군 봉화읍 신흥길 13,36.90606927,128.728407,99,38,2025-09-02
2,봉화읍,공공시설,봉화국민체육센터,실내체육관,2024-05-13,경상북도 봉화군 봉화읍 1264-0,36.89615628,128.7287727,323,125,2025-09-02
3,봉화읍,공공시설,봉화군민회관,실내체육관,2024-05-13,경상북도 봉화군 봉화읍 내성로4길 6-44,36.88866479,128.7428208,491,188,2025-09-02
4,봉화읍,기타시설,봉화노인복지센터,본관,2017-08-01,경상북도 봉화군 봉화읍 솔안2길 23,36.89420842,128.7267207,1002,385,2025-09-02
5,봉화읍,마을회관,거촌1리 마을회관,본관,2013-01-01,경상북도 봉화군 봉화읍 거수1길 18,36.8906608,128.7675885,99,38,2025-09-02
6,봉화읍,마을회관,거촌2리 마을회관,본관,2013-01-01,경상북도 봉화군 봉화읍 황전길 9,36.87364758,128.7428,99,38,2025-09-02
7,봉화읍,마을회관,내성1리 마을회관,본관,2013-01-01,경상북도 봉화군 봉화읍 내성로4길 20,36.88937546,128.7413965,99,38,2025-09-02
8,봉화읍,마을회관,내성2리 마을회관,본관,2017-01-01,경상북도 봉화군 봉화읍 내성천1길 86,36.89082489,128.7394131,113,43,2025-09-02
9,봉화읍,마을회관,내성3리 마을회관,본관,2013-01-01,경상북도 봉화군 봉화읍 내성로 40-17,36.88625694,128.7416629,99,38,2025-09-02
10,봉화읍,마을회관,내성4리 마을회관,본관,2013-01-01,경상북도 봉화군 봉화읍 꽃동네길 28,36.89003487,128.7348609,99,38,2025-09-02
11,봉화읍,마을회관,도촌1리 마을회관,본관,2013-01-01,경상북도 봉화군 봉화읍 사제길 53,36.88735469,128.6726469,99,38,2025-09-02
12,봉화읍,마을회관,도촌2리 마을회관,본관,2013-01-01,경상북도 봉화군 봉화읍 율리길 71,36.88601819,128.6857597,113,43,2025-09-02
13,봉화읍,마을회관,문단1리 마을회관,본관,2013-01-01,경상북도 봉화군 봉화읍 수안길 4,36.8549805,128.6650142,99,38,2025-09-02
14,봉화읍,마을회관,문단2리 마을회관,본관,2013-01-01,경상북도 봉화군 봉화읍 봉화로 439-1,36.86299164,128.6819082,99,38,2025-09-02
15,봉화읍,마을회관,삼계1리 마을회관,본관,2013-01-01,경상북도 봉화군 봉화읍 문수로 10-25,36.89869002,128.7381097,99,38,2025-09-02
16,봉화읍,마을회관,석평1리 마을회관,본관,2013-01-01,경상북도 봉화군 봉화읍 이산로 1086-7,36.85756198,128.7321464,99,38,2025-09-02
17,봉화읍,마을회관,석평2리 마을회관,본관,2013-01-01,경상북도 봉화군 봉화읍 유록안길 17,36.87655005,128.7303848,99,38,2025-09-02
18,봉화읍,마을회관,석평3리 마을회관,본관,2013-01-01,경상북도 봉화군 봉화읍 한골길 2,36.88289682,128.7149951,99,38,2025-09-02
19,봉화읍,마을회관,유곡1리 마을회관,본관,2013-01-01,경상북도 봉화군 봉화읍 충재길 6-1,36.90317341,128.7458727,99,38,2025-09-02
20,봉화읍,마을회관,유곡2리 마을회관,본관,2013-01-01,경상북도 봉화군 봉화읍 토일길 96,36.90904353,128.7576352,99,38,2025-09-02
21,봉화읍,마을회관,유곡3리 마을회관,본관,2013-01-01,경상북도 봉화군 봉화읍 송생이길 39-3,36.91188919,128.774611,99,38,2025-09-02
22,봉화읍,마을회관,적덕1리 마을회관,본관,2019-06-21,경상북도 봉화군 봉화읍 두릉골길 3,36.87544912,128.6998054,216.39,83,2025-09-02
23,봉화읍,마을회관,적덕2리 마을회관,본관,2013-01-01,경상북도 봉화군 봉화읍 적덕길 164,36.89545009,128.6948574,99,38,2025-09-02
24,봉화읍,마을회관,해저1리 마을회관,본관,2013-01-01,경상북도 봉화군 봉화읍 바래미길 35,36.89465636,128.7133854,99,38,2025-09-02
25,봉화읍,마을회관,해저3리 마을회관,본관,2013-01-01,경상북도 봉화군 봉화읍 안더구길 134,36.9108977,128.7163969,99,38,2025-09-02
26,봉화읍,마을회관,화천리 마을회관,본관,2013-01-01,경상북도 봉화군 봉화읍 번지실길 8,36.90645813,128.6674902,99,38,2025-09-02
27,봉화읍,민간숙박시설,궁전모텔,본관,2024-05-28,경상북도 봉화군 봉화읍 예봉로 2043,36.88309837,128.7386218,448,72,2025-09-02
28,봉화읍,민간숙박시설,봉화모텔,본관,2024-05-28,경상북도 봉화군 봉화읍 내성천2길 67,36.89144351,128.7377635,396,58,2025-09-02
29,봉화읍,학교,내성초등학교,본관,2018-07-20,경상북도 봉화군 봉화읍 교촌1길 37,36.88609299,128.7359573,394,151,2025-09-02
30,봉화읍,학교,봉화중고등학교,본관,2017-08-01,경상북도 봉화군 봉화읍 내성로 138,36.89524348,128.7397245,2543,978,2025-09-02
31,봉화읍,학교,봉화초등학교 교사2동,교사2동,2017-01-01,경상북도 봉화군 봉화읍 내성로7길 3,36.89228925,128.7407121,133,51,2025-09-02
32,물야면,마을회관,오전1리마을회관,본관,2024-09-05,경상북도 봉화군 물야면 죽터길 8,36.99888328,128.7153643,117,45,2025-09-02
33,물야면,학교,물야초등학교,체육관,2017-08-01,경상북도 봉화군 물야면 오록길 25,36.97958182,128.7364414,303,116,2025-09-02
34,봉성면,기타시설,봉성문화복지센터,문화복지시설,2020-11-02,경상북도 봉화군 봉성면 미륵골길 17,36.88337526,128.8177979,171,65,2025-09-02
35,봉성면,기타시설,봉화약초시험장 가 동,A동,2017-08-01,경상북도 봉화군 봉성면 부랭이길 81,36.90057892,128.8082431,405,155,2025-09-02
36,봉성면,마을회관,거촌3리 마을회관,본관,2017-01-01,경상북도 봉화군 봉성면 거촌로 349-1,36.88981467,128.7696268,99,38,2025-09-02
37,봉성면,민간숙박시설,다덕파크,본관,2024-05-28,경상북도 봉화군 봉성면 다덕로 844,36.91246534,128.8235378,404,66,2025-09-02
38,봉성면,학교,동양초등학교,꽃피움관,2017-01-01,경상북도 봉화군 봉성면 다덕로 523-14,36.91289359,128.7910399,275,240,2025-09-02
39,법전면,마을회관,눌산1리 마을회관,본관,2013-01-01,경상북도 봉화군 법전면 눌산길 87,36.89314917,128.9534443,25,10,2025-09-02
40,법전면,마을회관,눌산2리 마을회관,본관,2013-01-01,경상북도 봉화군 법전면 눌산길 513-1,36.91079202,128.9739793,31,12,2025-09-02
41,법전면,마을회관,법전2리 마을회관,본관,2013-01-01,경상북도 봉화군 법전면 모랫골길 210-3,36.92426763,128.8633837,92,35,2025-09-02
42,법전면,마을회관,소지리 마을회관,본관,2013-01-01,경상북도 봉화군 법전면 소주골길 10,36.92389695,128.8902255,30,11,2025-09-02
43,법전면,마을회관,소천1리마을회관,본관,2023-11-01,경상북도 봉화군 법전면 오미길 10-9,36.92056067,128.9322317,34,13,2025-09-02
44,법전면,마을회관,소천2리 마을회관,본관,2013-01-01,경상북도 봉화군 법전면 어은골길 29,36.89690166,128.9187039,28,11,2025-09-02
45,법전면,마을회관,어지1리 마을회관,본관,2013-01-01,경상북도 봉화군 법전면 녹동3길 4,36.91690444,128.9603327,41,16,2025-09-02
46,법전면,마을회관,어지2리 마을회관,본관,2013-01-01,경상북도 봉화군 법전면 소천로 349-1,36.91855785,128.9491264,35,13,2025-09-02
47,법전면,마을회관,척곡1리 마을회관,본관,2013-01-01,경상북도 봉화군 법전면 건문골길 128-11,36.89429051,128.886064,35,13,2025-09-02
48,법전면,마을회관,척곡2리 마을회관,본관,2013-01-01,경상북도 봉화군 법전면 중간들길 13,36.90777056,128.889442,40,15,2025-09-02
49,법전면,마을회관,풍정1리 마을회관,본관,2013-01-01,경상북도 봉화군 법전면 옥마로 380-3,36.90764316,128.8445101,62,24,2025-09-02
50,법전면,마을회관,풍정2리 마을회관,본관,2013-01-01,경상북도 봉화군 법전면 구꾸리길 174,36.89452967,128.8660191,31,12,2025-09-02
51,법전면,민간숙박시설,윌 모텔,본관,2024-05-28,경상북도 봉화군 법전면 옥마로 468,36.91361268,128.8500354,242,28,2025-09-02
52,춘양면,기타시설,춘양면생활체육회관,본관,2015-01-01,경상북도 봉화군 춘양면 운곡1길 27,36.93713677,128.9191693,196,74,2025-09-02
53,춘양면,마을회관,서벽1리 마을회관,본관,2015-01-01,경상북도 봉화군 춘양면 골마길 3,37.00819548,128.8328336,99,38,2025-09-02
54,춘양면,마을회관,석현2리 마을회관,본관,2013-01-01,경상북도 봉화군 춘양면 공세동길 26-1,36.9758858,128.8975299,54,21,2025-09-02
55,춘양면,마을회관,소로1리 마을회관,본관,2015-01-01,경상북도 봉화군 춘양면 소천로 39-13,36.92313258,128.9222156,99,38,2025-09-02
56,춘양면,마을회관,애당1리 마을회관,본관,2015-01-01,경상북도 봉화군 춘양면 석문동길 6,36.9857579,128.8731977,117,45,2025-09-02
57,춘양면,마을회관,의양3리 마을회관,본관,2013-01-01,경상북도 봉화군 춘양면 현마1길 15,36.93988521,128.9130223,99,38,2025-09-02
58,춘양면,민간숙박시설,동아모텔,본관,2024-05-28,경상북도 봉화군 춘양면 의양로5길 11,36.93498001,128.9140436,247,38,2025-09-02
59,춘양면,민간숙박시설,아트모텔,본관,2024-05-28,경상북도 봉화군 춘양면 한티로 232,36.92811267,128.9105165,204,36,2025-09-02
60,춘양면,민간숙박시설,이프모텔,본관,2024-05-28,경상북도 봉화군 춘양면 의양로1길 54,36.9351451,128.9138398,126,26,2025-09-02
61,춘양면,학교,춘양초등학교,강당,2017-08-01,경상북도 봉화군 춘양면 의양로 24-1,36.939503,128.9150569,221,84,2025-09-02
62,춘양면,학교,한국산림과학고 기숙사,기숙사,2017-08-01,경상북도 봉화군 춘양면 서원촌길 8-14,36.94733103,128.9137927,267,101,2025-09-02
63,소천면,마을회관,고선1리 마을회관,본관,2017-01-01,경상북도 봉화군 소천면 홍점길 19,36.97615677,129.0025315,99,38,2025-09-02
64,소천면,마을회관,남회룡리 마을회관,본관,2013-01-01,경상북도 봉화군 소천면 남회룡로 1005-20,36.89413421,129.1483481,99,38,2025-09-02
65,소천면,마을회관,두음리 마을회관,본관,2013-01-01,경상북도 봉화군 소천면 군매리길 34,36.90373075,129.0124878,99,38,2025-09-02
66,소천면,마을회관,분천2리 마을회관,본관,2013-01-01,경상북도 봉화군 소천면 분천2길 4-4,36.93187731,129.0583831,99,38,2025-09-02
67,소천면,마을회관,임기2리 복지회관,본관,2013-01-01,경상북도 봉화군 소천면 숲터길 34,36.90215156,128.9971808,99,38,2025-09-02
68,소천면,민간숙박시설,무진파크,본관,2024-05-28,경상북도 봉화군 소천면 청옥로 220,36.95248969,128.9958,1731,116,2025-09-02
69,소천면,민간숙박시설,사소하게,본관,2024-05-28,경상북도 봉화군 소천면 청옥로 149-35,36.94808478,129.0013495,340,8,2025-09-02
70,소천면,학교,소천초 두음분교장,본관,2017-08-01,경상북도 봉화군 소천면 두음길 567,36.88601919,129.0554978,585,225,2025-09-02
71,소천면,학교,소천초등학교,본관,2013-01-01,경상북도 봉화군 소천면 소천로 1284,36.93799268,129.0022637,907,348,2025-09-02
72,재산면,마을회관,갈산1리 마을회관,본관,2013-01-01,경상북도 봉화군 재산면 재산로 799,36.8396862,128.9724302,99,38,2025-09-02
73,재산면,마을회관,남면리 마을회관,본관,2013-01-01,경상북도 봉화군 재산면 재산로 137-3,36.78643826,128.9596526,99,38,2025-09-02
74,재산면,마을회관,동면1리 마을회관,본관,2013-01-01,경상북도 봉화군 재산면 동면로 411,36.79940046,128.9947161,99,38,2025-09-02
75,재산면,마을회관,상리 마을회관,본관,2013-01-01,경상북도 봉화군 재산면 여퇴길 16,36.83291064,128.9469901,99,38,2025-09-02
76,재산면,마을회관,현동3리 마을회관,본관,2013-01-01,경상북도 봉화군 재산면 재산로 348,36.80386868,128.961363,99,38,2025-09-02
77,재산면,민간숙박시설,뚜드리 힐링하우스,본관,2017-08-01,경상북도 봉화군 재산면 동면로 410,36.79918223,128.9941417,514,50,2025-09-02
78,명호면,공공시설,명호면사무소,본관,2023-10-20,경상북도 봉화군 명호면 갈천길 31,36.86209224,128.8873458,100,38,2025-09-02
79,명호면,마을회관,고계1리 마을회관,본관,2015-01-01,경상북도 봉화군 명호면 명재로 87-4,36.84068559,128.8930165,108,41,2025-09-02
80,명호면,마을회관,관창1리 마을회관,본관,2015-01-01,경상북도 봉화군 명호면 갈골길 38,36.81670126,128.8825388,101,38,2025-09-02
81,명호면,마을회관,풍호1리 마을회관,본관,2015-01-01,경상북도 봉화군 명호면 비나리길 134,36.83960347,128.8820033,92,35,2025-09-02
82,명호면,민간숙박시설,청량산모텔,본관,2024-05-28,경상북도 봉화군 명호면 광석길 27,36.78757716,128.893168,307,50,2025-09-02
83,명호면,학교,청량중학교,강당,2018-07-01,경상북도 봉화군 명호면 양지마을길 14,36.860229,128.898299,234,90,2025-09-02
84,상운면,공공시설,한누리 전원생활센터,본관,2017-08-01,경상북도 봉화군 상운면 하눌로 4,36.86059604,128.7678834,826,317,2025-09-02
85,상운면,마을회관,신라리 마을회관,본관,2017-01-01,경상북도 봉화군 상운면 신라길 593,36.81793206,128.8218754,93,35,2025-09-02
86,상운면,마을회관,하눌2리 마을회관,본관,2015-01-01,경상북도 봉화군 상운면 계밑길 5-5,36.87476962,128.7801885,99,38,2025-09-02
87,석포면,기타시설,봉화열목어마을,본관 2층,2018-07-01,경상북도 봉화군 석포면 청옥로 1893,37.059604,129.004104,456,176,2025-09-02
88,석포면,기타시설,석포행복나눔센터,본관,2017-08-01,경상북도 봉화군 석포면 석포로1길 50-22,37.04733575,129.0650794,291,112,2025-09-02
89,석포면,마을회관,승부리 마을회관,본관,2013-01-01,경상북도 봉화군 석포면 승부길 1030,37.00778344,129.0767415,25,10,2025-09-02
