번호,문자 제목,재난유형,지역,문자전송요청일시,요청부서,문자전송승인일시,승인부서,문자전송완료일시,전송소요시간,문자내용,데이터기준일
1,[기상특보] 호우주의보 발표(출퇴근시간대 통합발령용),기상특보 > 호우 > 주의보 > 발표,"경북(김천시 감호동,김천시 용두동,김천시 모암동,김천시 성내동,김천시 평화동,김천시 남산동,김천시 황금동,김천시 신음동,김천시 교동,김천시 삼락동,김천시 문당동,김천시 다수동,김천시 백옥동,김천시 부곡동,김천시 지좌동,김천시 덕곡동,김천시 대광동,김천시 응명동,김천시 양천동,김천시 율곡동,김천시 아포읍,김천시 농소면,김천시 남면,김천시 개령면,김천시 감문면,김천시 어모면,김천시 봉산면,김천시 대항면,김천시 감천면,김천시 조마면,김천시 구성면,김천시 지례면,김천시 부항면,김천시 대덕면,김천시 증산면)",2026-07-07 08:35,행정안전부,2026-07-07 08:36,행정안전부,2026-07-07 08:36,00:00:03,"오늘 08:35 경북(김천북부,김천남부) 호우주의보 발령. 하천 주변 산책로, 계곡, 급경사지, 농수로 등 위험지역 출입 금지, 하천 범람에 유의. [행정안전부]",2026-07-08
2,김천시 지진 발생 안내,"자연재난 > 지진 > 국내지진 > 내륙 : M2.0이상~3.0미만, 해역: M2.0이상~3.5미만)",경북(김천시),2026-07-06 21:39,경상북도 김천시,2026-07-06 21:40,경상북도 김천시,2026-07-06 21:40,00:00:02,금일 20시 57분경 김천시 북동쪽 13km 지역에서 규모 2.1 지진이 발생하였습니다.안전에 유의하시기 바랍니다. [김천시],2026-07-08
3,자연재난 폭염,자연재난 > 폭염,경북(김천시),2026-07-06 16:37,경상북도 김천시,2026-07-06 16:41,경상북도 김천시,2026-07-06 16:41,00:00:03,"오늘 16:00 김천시 폭염주의보 발효. 야외 활동 자제, 충분히 물을 마시고 그늘에서 휴식을 취하는 등 건강관리에 유의바랍니다. [김천시]",2026-07-08
4,사회재난 사업장 재난(안내정보),사회재난 > 화재 > 사업장 재난(안내정보) > 안내정보,경북(김천시),2026-06-14 20:02,경상북도 김천시,2026-06-14 20:03,경상북도 김천시,2026-06-14 20:03,00:00:02,금일 19:56 김천시 농소면 월곡리 1418 (산불 외) 기타 화재 진화 완료되었습니다[김천시],2026-07-08
5,사회재난 산불(산불발생),사회재난 > 산불 > 발생,경북(김천시),2026-06-14 19:46,경상북도 김천시,2026-06-14 19:47,경상북도 김천시,2026-06-14 19:47,00:00:03,오늘 19:17 김천시 농소면 월곡리 1418 인근 산불 발생. 입산 금지. 인근 주민과 등산객은 안전사고에 주의하세요. [김천시],2026-07-08
6,낙석 안내,자연재난 > 산사태 > 주의단계,경북(김천시),2026-05-28 19:06,경상북도 김천시,2026-05-28 19:07,경상북도 김천시,2026-05-28 19:07,00:00:03,"금일 국도 59호선(지좌동, 감천면 경계 부근) 낙석 발생으로 1차선 통제 중입니다. 인근 차량은 서행 및 안전운전 바랍니다. [김천시]",2026-07-08
7,사회재난 산불(위험예보),사회재난 > 산불 > 위험 예보,경북(김천시),2026-05-10 16:42,경상북도 김천시,2026-05-10 16:43,경상북도 김천시,2026-05-10 16:43,00:00:02,"○우리시 대기건조에 따른 산불발생 위험이 높습니다. ○쓰레기 소각금지, 담뱃불 투기 금지 등 산불이 발생하지 않도록 주의하여 주시기 바랍니다.[김천시]",2026-07-08
8,사회재난 산불(위험예보),사회재난 > 산불 > 위험 예보,경북(김천시),2026-05-10 09:34,경상북도 김천시,2026-05-10 09:35,경상북도 김천시,2026-05-10 09:35,00:00:03,"우리시 대기 건조에 따른 산불발생 위험이 높습니다. 영농부산물 소각금지, 담뱃불 투기 금지 등 산불이 발생하지 않도록 주의하여 주시기 바랍니다.[김천시]",2026-07-08
9,사회재난 산불(경계심각),사회재난 > 산불 > 경계 심각,경북(김천시),2026-05-09 16:05,경상북도 김천시,2026-05-09 16:06,경상북도 김천시,2026-05-09 16:06,00:00:03,"○ 우리시 강풍 및 대기건조에 따른 산불발생 위험이 높습니다.○ 쓰레기, 영농부산물 소각금지 등 산불이 발생하지 않도록 주의하여 주시기 바랍니다. [김천시]",2026-07-08
10,사회재난 산불(경계심각),사회재난 > 산불 > 경계 심각,경북(김천시),2026-05-09 11:37,경상북도 김천시,2026-05-09 11:38,경상북도 김천시,2026-05-09 11:38,00:00:02,"○ 우리시 대기건조에 따른 산불발생 위험이 높습니다.○ 쓰레기, 영농부산물 소각금지 등 산불이 발생하지 않도록 주의하여 주시기 바랍니다. [김천시]",2026-07-08
11,사회재난 산불(위험예보),사회재난 > 산불 > 위험 예보,경북(김천시),2026-05-08 13:04,경상북도 김천시,2026-05-08 13:05,경상북도 김천시,2026-05-08 13:05,00:00:02,"○우리시 강풍 및 대기건조에 따른 산불발생 위험이 높습니다. ○쓰레기, 영농부산물 소각금지 등 산불이 발생하지 않도록 주의하여 주시기 바랍니다.[김천시]",2026-07-08
12,사회재난 도로통제,사회재난 > 기타 > 도로통제,"대구(전체),경북(김천시,구미시,칠곡군)",2026-05-07 07:40,한국도로공사,2026-05-07 07:46,행정안전부,2026-05-07 07:46,00:00:02,"금일 07시 트레일러 관련 사고 발생으로 경부고속도로 서울방향 149.1km 칠곡물류부근 1,2차로 통제되어 극심한 정체중이오니 국도우회바랍니다. [한국도로공사]",2026-07-08
13,사회재난 산불 안내정보,사회재난 > 산불 > 안내정보,경북(김천시),2026-05-02 16:15,경상북도 김천시,2026-05-02 16:17,경상북도 김천시,2026-05-02 16:17,00:00:02,"건조한 날씨에 산불이 발생하지 않도록 생활속 실천!! 담뱃불 투기 금지, 불법소각 금지, 입산시 화기류 소지금지 등으로 산불을 예방합시다. [김천시]",2026-07-08
14,건조주의보 발령에 의한 산불예방 안내,사회재난 > 산불 > 안내정보,"경북(김천시,안동시,구미시,영주시,상주시,문경시,의성군,칠곡군,예천군)",2026-05-02 09:17,경상북도,2026-05-02 14:02,경상북도,2026-05-02 14:03,00:00:03,"건조주의보 발령으로 인한 산불 발생 위험이 높습니다. 입산 시 화기 사용 금지, 불법 소각 금지 등 산불이 발생하지 않도록 주의하여 주시기 바랍니다. [경상북도]",2026-07-08
15,사회재난 산불 안내정보,사회재난 > 산불 > 안내정보,경북(김천시),2026-05-02 12:44,경상북도 김천시,2026-05-02 12:48,경상북도 김천시,2026-05-02 12:48,00:00:02,"건조한 날씨로 산불이 발생할 위험이 높습니다. 담뱃불 투기, 불법소각, 입산시 화기소지 금지 등 불씨관리에 각별히 주의바랍니다,.[김천시]",2026-07-08
16,건조주의보 발령에 따른 산불예방 안내_11시,사회재난 > 산불 > 안내정보,"경북(김천시,안동시,구미시,영주시,상주시,문경시,의성군,칠곡군,예천군)",2026-05-02 09:15,경상북도,2026-05-02 11:08,경상북도,2026-05-02 11:08,00:00:03,"작은 불씨도 산불로 번질 수 있습니다. 입산시 화기소지 금지, 영농부산물·쓰레기 소각금지, 화목보일러 불씨 소화 확인 등 각별히 주의 바랍니다. [경상북도]",2026-07-08
17,건조주의보에 따른 산불예방 안내(경북도_14시),사회재난 > 산불 > 안내정보,"경북(김천시,안동시,구미시,영주시,상주시,문경시,의성군,칠곡군,예천군)",2026-05-01 09:11,경상북도,2026-05-01 14:04,경상북도,2026-05-01 14:04,00:00:04,건조한 날씨로 산불 및 화재위험 급증 ▲산림인접지 소각 시 200만원 이하 과태료 부과 ▲불법소각행위 금지 ▲입산 시 화기물 소지 금지[경상북도],2026-07-08
18,건조주의보에 따른 산불예방 안내(경북도_11시),사회재난 > 산불 > 안내정보,"경북(김천시,안동시,구미시,영주시,상주시,문경시,의성군,칠곡군,예천군)",2026-05-01 09:09,경상북도,2026-05-01 11:00,경상북도,2026-05-01 11:00,00:00:02,"지금은 산불 위험이 매우 높은 시기입니다. 논·밭 쓰레기 소각 금지, 입산 시 화기 소지 금지 등 산불 예방에 협조 바랍니다.[경상북도]",2026-07-08
19,산불예방 주의사항 안내,사회재난 > 산불 > 안내정보,"서울(전체),대구(중구,동구,서구,남구,북구,수성구,달서구,달성군),대전(전체),세종(전체),충북(전체),충남(공주시,금산군),경북(김천시,안동시,구미시,영주시,상주시,문경시,의성군,칠곡군,예천군),전북(무주군)",2026-05-01 09:52,산림청,2026-05-01 10:00,산림청,2026-05-01 10:00,00:00:03,"○ 건조한 날씨로 산불이 발생할 위험이 높습니다.○ 담뱃불 투기와 불법소각을 금지하고, 입산 시 화기 소지 금지 등 불씨 관리에 각별히 주의 바랍니다.[산림청]",2026-07-08
20,사회재난 산불 안내정보,사회재난 > 산불 > 안내정보,"경북(김천시,안동시,구미시,영주시,상주시,문경시,의성군,칠곡군,예천군)",2026-04-30 13:10,경상북도,2026-04-30 14:00,경상북도,2026-04-30 14:00,00:00:03,"건조주의보 발효 중입니다. 대형 산불 예방을 위해 불법 소각 금지, 입산 시 화기 소지 금지, 야외 활동 시 화재 예방에 적극 동참해 주시기 바랍니다.[경상북도]",2026-07-08
21,사회재난 산불 안내정보,사회재난 > 산불 > 안내정보,"경북(김천시,안동시,구미시,영주시,상주시,문경시,의성군,칠곡군,예천군)",2026-04-30 10:23,경상북도,2026-04-30 11:00,경상북도,2026-04-30 11:00,00:00:03,"건조한 날씨로 산불 발생 위험이 높습니다. 야외 소각 행위 금지, 담배꽁초 투기 금지, 산림 인접 지역 화기 사용 자제 등 각별히 주의 바랍니다.[경상북도]",2026-07-08
22,사회재난 산불(위험예보),사회재난 > 산불 > 위험 예보,경북(김천시),2026-04-29 14:38,경상북도 김천시,2026-04-29 14:40,경상북도 김천시,2026-04-29 14:40,00:00:02,"대기 건조에 따른 산불발생 위험이 높습니다. 불법소각 금지, 담뱃불 투기 금지 등 산불이 발생하지 않도록 주의하여 주시기 바랍니다.[김천시]",2026-07-08
23,사회재난 산불 안내정보,사회재난 > 산불 > 안내정보,"경북(김천시,안동시,구미시,영주시,상주시,문경시,의성군,칠곡군,예천군)",2026-04-29 14:00,경상북도,2026-04-29 14:00,경상북도,2026-04-29 14:00,00:00:03,"대기가 건조해 작은 불씨도 산불로 번질 수 있습니다. 입산 시 화기 소지 금지, 소각 금지 등 산불 예방에 협조 바랍니다.[경상북도]",2026-07-08
24,사회재난 산불 안내정보,사회재난 > 산불 > 안내정보,"경북(김천시,안동시,구미시,영주시,상주시,문경시,의성군,칠곡군,예천군)",2026-04-29 10:11,경상북도,2026-04-29 11:00,경상북도,2026-04-29 11:00,00:00:03,"건조한 날씨로 산불 위험이 높습니다. 담배꽁초 투기 금지, 쓰레기 소각 금지, 입산 시 화기 사용 금지 등 산불 예방에 동참해 주십시오.[경상북도]",2026-07-08
25,사회재난 산불(위험예보),사회재난 > 산불 > 위험 예보,경북(김천시),2026-04-29 10:55,경상북도 김천시,2026-04-29 10:56,경상북도 김천시,2026-04-29 10:56,00:00:03,"○우리시 건조주의보에 따른 산불발생 위험이 매우 높습니다. ○쓰레기 소각금지, 담뱃불 투기 금지 등 산불이 발생하지 않도록 주의하여 주시기 바랍니다.[김천시]",2026-07-08
26,사회재난 산불(위험예보),사회재난 > 산불 > 위험 예보,경북(김천시),2026-04-28 14:12,경상북도 김천시,2026-04-28 14:14,경상북도 김천시,2026-04-28 14:14,00:00:03,"○우리시 대기건조 및 강풍에 따른 산불발생 위험이 높습니다. ○쓰레기 소각금지, 담뱃불 투기 금지 등 산불이 발생하지 않도록 주의하여 주시기 바랍니다.[김천시]",2026-07-08
27,사회재난 산불 안내정보,사회재난 > 산불 > 안내정보,"경북(김천시,안동시,구미시,영주시,상주시,문경시,의성군,청송군,영양군,칠곡군,예천군,봉화군)",2026-04-28 11:37,경상북도,2026-04-28 14:00,경상북도,2026-04-28 14:00,00:00:02,"오늘은 산불 위험지수가 높습니다. 담배꽁초를 함부로 버리지 말고, 생활쓰레기·영농부산물 소각도 하지 말아 주십시오.[경상북도]",2026-07-08
28,사회재난 산불 안내정보,사회재난 > 산불 > 안내정보,"경북(김천시,안동시,구미시,영주시,상주시,문경시,의성군,청송군,영양군,칠곡군,예천군,봉화군)",2026-04-28 10:22,경상북도,2026-04-28 11:00,경상북도,2026-04-28 11:00,00:00:03,"건조한 날씨로 산불 위험이 높습니다. 담배꽁초 투기 금지, 쓰레기 소각 금지, 입산 시 화기 사용 금지 등 산불 예방에 동참해 주십시오.[경상북도]",2026-07-08
29,사회재난 산불(위험예보),사회재난 > 산불 > 위험 예보,경북(김천시),2026-04-28 08:44,경상북도 김천시,2026-04-28 08:46,경상북도 김천시,2026-04-28 08:46,00:00:03,"우리시 건조주의보에 따른 산불발생 위험이 매우 높습니다. 영농부산물 소각금지, 담뱃불 투기 금지 등 산불이 발생하지 않도록 주의하여 주시기 바랍니다.[김천시]",2026-07-08
30,건조주의보에 따른 산불예방 안내(경북도_14시),사회재난 > 산불 > 안내정보,"경북(김천시,안동시,구미시,영주시,상주시,문경시,의성군,청송군,영양군,영덕군,칠곡군,예천군,봉화군,울진군)",2026-04-27 09:18,경상북도,2026-04-27 14:00,경상북도,2026-04-27 14:00,00:00:03,"건조한 날씨로 산불 및 화재위험 급증 ▲산림연접지 논·밭두렁, 영농부산물 등 소각금지 ▲담뱃불 투기 금지 ▲입산시 화기(담뱃불)소지 금지에 유의바랍니다[경상북도]",2026-07-08
31,사회재난 산불(위험예보),사회재난 > 산불 > 위험 예보,경북(김천시),2026-04-27 13:45,경상북도 김천시,2026-04-27 13:47,경상북도 김천시,2026-04-27 13:47,00:00:03,"우리시 대기 건조에 따른 산불발생 위험이 높습니다. 영농부산물 소각금지, 화목보일러 재 처리 주의 등 산불이 발생하지 않도록 주의하여 주시기 바랍니다.[김천시]",2026-07-08
32,건조주의보에 따른 산불예방 안내(경북도_11시),사회재난 > 산불 > 안내정보,"경북(김천시,안동시,구미시,영주시,상주시,문경시,의성군,청송군,영양군,영덕군,칠곡군,예천군,봉화군,울진군)",2026-04-27 09:17,경상북도,2026-04-27 11:00,경상북도,2026-04-27 11:00,00:00:07,"지금은 산불 위험이 매우 높은 시기입니다. 논·밭 쓰레기 소각 금지, 입산 시 화기 소지 금지 등 산불 예방에 협조 바랍니다.[경상북도]",2026-07-08
33,사회재난 산불(위험예보),사회재난 > 산불 > 위험 예보,경북(김천시),2026-04-27 09:44,경상북도 김천시,2026-04-27 09:47,경상북도 김천시,2026-04-27 09:47,00:00:03,"○우리시 건조주의보에 따른 산불발생 위험이 매우 높습니다. ○쓰레기 소각금지, 담뱃불 투기 금지 등 산불이 발생하지 않도록 주의하여 주시기 바랍니다.[김천시]",2026-07-08
34,사회재난 산불(위험예보),사회재난 > 산불 > 위험 예보,경북(김천시),2026-04-26 14:55,경상북도 김천시,2026-04-26 14:57,경상북도 김천시,2026-04-26 14:57,00:00:02,"○우리시 건조주의보에 따른 산불발생 위험이 매우 높습니다. ○쓰레기 소각금지, 담뱃불 투기 금지 등 산불이 발생하지 않도록 주의하여 주시기 바랍니다.[김천시]",2026-07-08
35,사회재난 산불 안내정보,사회재난 > 산불 > 안내정보,"경북(김천시,안동시,구미시,영주시,상주시,문경시,의성군,청송군,영양군,영덕군,칠곡군,예천군,봉화군,울진군)",2026-04-26 14:19,경상북도,2026-04-26 14:19,경상북도,2026-04-26 14:19,00:00:03,"대기가 건조해 작은 불씨도 산불로 번질 수 있습니다. 입산 시 화기 소지 금지, 소각 금지 등 산불 예방에 협조 바랍니다.[경상북도]",2026-07-08
36,사회재난 산불 안내정보,사회재난 > 산불 > 안내정보,경북(김천시),2026-04-26 11:24,경상북도 김천시,2026-04-26 11:26,경상북도 김천시,2026-04-26 11:26,00:00:02,"○우리시 대기건조에 따른 산불발생 위험이 높습니다. ○쓰레기, 영농부산물 소각금지 등 산불이 발생하지 않도록 주의하여 주시기 바랍니다.[김천시]",2026-07-08
37,사회재난 산불 안내정보,사회재난 > 산불 > 안내정보,"경북(김천시,안동시,구미시,영주시,상주시,문경시,의성군,청송군,영양군,영덕군,칠곡군,예천군,봉화군,울진군)",2026-04-26 09:50,경상북도,2026-04-26 11:00,경상북도,2026-04-26 11:00,00:00:03,건조주의보 발령으로 대기가 건조하여 대형 산불이 발생할 가능성이 높습니다. 야외소각 행위 금지와 불씨 관리에 각별히 주의하여 주시기 바랍니다.[경상북도],2026-07-08
38,건조주의보 발령에 따른 산불예방 안내_14시,사회재난 > 산불 > 안내정보,"경북(김천시,안동시,구미시,영주시,상주시,문경시,의성군,청송군,영양군,영덕군,칠곡군,예천군,봉화군,울진군)",2026-04-25 10:19,경상북도,2026-04-25 14:00,경상북도,2026-04-25 14:00,00:00:03,건조주의보 발령으로 대기가 건조하여 대형 산불이 발생할 가능성이 높습니다. 야외소각 행위 금지와 불씨 관리에 각별히 주의하여 주시기 바랍니다.[경상북도],2026-07-08
39,건조주의보 발령에 의한 산불예방 안내,사회재난 > 산불 > 안내정보,"경북(김천시,안동시,구미시,영주시,상주시,문경시,의성군,청송군,영양군,영덕군,칠곡군,예천군,봉화군,울진군)",2026-04-25 10:16,경상북도,2026-04-25 11:00,경상북도,2026-04-25 11:00,00:00:03,"건조한 날씨로 산불 및 화재위험 급증 ▲산림연접지 논·밭두렁, 영농부산물 등 소각금지 ▲담뱃불 투기 금지 ▲입산시 화기(담뱃불)소지 금지에 유의바랍니다[경상북도]",2026-07-08
40,사회재난 산불(위험예보),사회재난 > 산불 > 위험 예보,경북(김천시),2026-04-24 14:16,경상북도 김천시,2026-04-24 14:18,경상북도 김천시,2026-04-24 14:18,00:00:02,"○우리시 대기건조에 따른 산불발생 위험이 높습니다. ○쓰레기, 영농부산물 소각금지 등 산불이 발생하지 않도록 주의하여 주시기 바랍니다.[김천시]",2026-07-08
41,사회재난 산불 안내정보,사회재난 > 산불 > 안내정보,"경북(김천시,안동시,구미시,영주시,상주시,문경시,영양군,영덕군,칠곡군,예천군,봉화군,울진군)",2026-04-24 13:37,경상북도,2026-04-24 14:00,경상북도,2026-04-24 14:00,00:00:03,"건조한 날씨가 지속되며 산불 위험이 커지고 있습니다. 야외 소각 금지, 화기 취급 주의 등 산불 예방에 협조 바랍니다.[경상북도]",2026-07-08
42,사회재난 산불 안내정보,사회재난 > 산불 > 안내정보,"경북(김천시,안동시,구미시,영주시,상주시,문경시,영양군,영덕군,칠곡군,예천군,봉화군,울진군)",2026-04-24 09:14,경상북도,2026-04-24 11:00,경상북도,2026-04-24 11:00,00:00:03,"대기가 건조해 작은 불씨도 산불로 번질 수 있습니다. 입산 시 화기 소지 금지, 소각 금지 등 산불 예방에 협조 바랍니다.[경상북도]",2026-07-08
43,사회재난 산불(위험예보),사회재난 > 산불 > 위험 예보,경북(김천시),2026-04-24 10:38,경상북도 김천시,2026-04-24 10:39,경상북도 김천시,2026-04-24 10:39,00:00:02,"○우리시 건조주의보에 따른 산불발생 위험이 매우 높습니다. ○쓰레기 소각금지, 담뱃불 투기 금지 등 산불이 발생하지 않도록 주의하여 주시기 바랍니다.[김천시]",2026-07-08
44,사회재난 산불(위험예보),사회재난 > 산불 > 위험 예보,경북(김천시),2026-04-23 16:04,경상북도 김천시,2026-04-23 16:05,경상북도 김천시,2026-04-23 16:05,00:00:02,"대기 건조에 따른 산불발생 위험이 높습니다. 불법소각 금지, 담뱃불 투기 금지 등 산불이 발생하지 않도록 주의하여 주시기 바랍니다.[김천시]",2026-07-08
45,사회재난 산불(위험예보),사회재난 > 산불 > 위험 예보,경북(김천시),2026-04-21 13:26,경상북도 김천시,2026-04-21 13:27,경상북도 김천시,2026-04-21 13:27,00:00:02,"○우리시 대기건조 및 강풍에 따른 산불발생 위험이 높습니다. ○쓰레기, 영농부산물 소각금지 등 산불이 발생하지 않도록 주의하여 주시기 바랍니다.[김천시]",2026-07-08
46,건조주의보에 따른 산불예방 안내(경북도),사회재난 > 산불 > 위험 예보,"경북(김천시,안동시,구미시,영주시,상주시,문경시,칠곡군)",2026-03-30 09:25,경상북도,2026-03-30 11:00,경상북도,2026-03-30 11:00,00:00:05,건조주의보 발령으로 대기가 건조하여 산불이 발생할 가능성이 높습니다. 산불이 발생하지 않도록 야외소각 행위 금지와 불씨 관리에 각별히 주의하기 바랍니다[경상북도],2026-07-08
47,사회재난 산불(위험예보),사회재난 > 산불 > 위험 예보,경북(김천시),2026-03-30 10:17,경상북도 김천시,2026-03-30 10:18,경상북도 김천시,2026-03-30 10:18,00:00:02,"○우리시 대기건조에 따른 산불발생 위험이 높습니다. ○쓰레기, 영농부산물 소각금지 등 산불이 발생하지 않도록 주의하여 주시기 바랍니다.[김천시]",2026-07-08
48,사회재난 산불(위험예보),사회재난 > 산불 > 위험 예보,경북(김천시),2026-03-29 14:14,경상북도 김천시,2026-03-29 14:16,경상북도 김천시,2026-03-29 14:16,00:00:02,"산림인접지역에 소각행위 적발 시 최대 200만원의 과태료가 부과되오니 불법소각금지, 담배꽁초 투기금지, 입산 시 화기사용금지 등 각별히 주의바랍니다. [김천시]",2026-07-08
49,건조주의보 발령으로 인한 산불예방 안내,사회재난 > 산불 > 안내정보,"경북(김천시,안동시,구미시,영주시,상주시,문경시,칠곡군)",2026-03-29 13:58,경상북도,2026-03-29 14:00,경상북도,2026-03-29 14:00,00:00:03,"작은 불씨도 산불로 번질 수 있습니다. 입산시 화기소지 금지, 영농부산물·쓰레기 소각금지, 화목보일러 불씨 소화 확인 등 각별히 주의 바랍니다. [경상북도]",2026-07-08
50,사회재난 산불 안내정보,사회재난 > 산불 > 안내정보,경북(김천시),2026-03-29 11:48,경상북도 김천시,2026-03-29 11:49,경상북도 김천시,2026-03-29 11:49,00:00:03,"우리시 건조주의보 발령으로 인한 산불발생 위험이 높아지고 있으니, 불법소각금지, 담배꽁초투기금지, 입산시 화기 사용금지 등 각별히 주의바랍니다.[김천시]",2026-07-08
51,건조주의보 발령에 의한 산불예방 안내,사회재난 > 산불 > 안내정보,"경북(김천시,안동시,구미시,영주시,상주시,문경시,칠곡군)",2026-03-29 09:23,경상북도,2026-03-29 11:06,경상북도,2026-03-29 11:06,00:00:02,"건조주의보 발령으로 인한 산불 발생 위험이 높습니다. 입산 시 화기 사용 금지, 불법 소각 금지 등 산불이 발생하지 않도록 주의하여 주시기 바랍니다. [경상북도]",2026-07-08
52,사회재난 산불 안내정보,사회재난 > 산불 > 안내정보,"경북(김천시,안동시,구미시,영주시,상주시,문경시,칠곡군)",2026-03-28 13:56,경상북도,2026-03-28 14:00,경상북도,2026-03-28 14:00,00:00:03,"건조한 날씨에 작은 불씨도 큰 산불로 이어질 수 있습니다. 입산 시 화기 사용 금지, 소각행위 금지 등 산불 예방에 동참해 주시기 바랍니다.[경상북도]",2026-07-08
53,사회재난 산불 안내정보,사회재난 > 산불 > 안내정보,"경북(김천시,안동시,구미시,영주시,상주시,문경시,칠곡군)",2026-03-28 11:01,경상북도,2026-03-28 11:02,경상북도,2026-03-28 11:02,00:00:03,"지금은 산불 위험이 매우 높은 시기입니다. 논밭·쓰레기 소각 금지, 입산 시 화기 소지 금지 등 산불 예방에 협조 바랍니다.[경상북도]",2026-07-08
54,사회재난 산불 안내정보,사회재난 > 산불 > 안내정보,경북(김천시),2026-03-28 10:00,경상북도 김천시,2026-03-28 10:02,경상북도 김천시,2026-03-28 10:02,00:00:03,"○우리시 대기건조에 따른 산불발생 위험이 높습니다. ○쓰레기, 영농부산물 소각금지 등 산불이 발생하지 않도록 주의하여 주시기 바랍니다.[김천시]",2026-07-08
55,사회재난 산불 안내정보,사회재난 > 산불 > 안내정보,"경북(김천시,안동시,구미시,영주시,상주시,문경시,칠곡군)",2026-03-27 13:42,경상북도,2026-03-27 14:09,경상북도,2026-03-27 14:09,00:00:03,"건조한 날씨로 산불 및 화재위험 급증 ▲산림연접지 논·밭두렁, 영농부산물 등 소각금지 ▲담뱃불 투기 금지 ▲입산시 화기(담뱃불)소지 금지에 유의바랍니다[경상북도]",2026-07-08
56,사회재난 산불(위험예보),사회재난 > 산불 > 위험 예보,경북(김천시),2026-03-27 13:20,경상북도 김천시,2026-03-27 13:21,경상북도 김천시,2026-03-27 13:21,00:00:02,"○우리시 건조주의보 발효에 따른 산불발생 위험이 높습니다. ○쓰레기, 영농부산물 소각금지 등 산불이 발생하지 않도록 주의하여 주시기 바랍니다.[김천시]",2026-07-08
57,사회재난 산불 안내정보,사회재난 > 산불 > 안내정보,"경북(김천시,안동시,구미시,영주시,상주시,문경시,칠곡군)",2026-03-27 09:58,경상북도,2026-03-27 11:00,경상북도,2026-03-27 11:00,00:00:02,건조주의보 발령으로 대기가 건조하여 대형 산불이 발생할 가능성이 높습니다. 야외소각 행위 금지와 불씨 관리에 각별히 주의하여 주시기 바랍니다.[경상북도],2026-07-08
58,사회재난 산불(위험예보),사회재난 > 산불 > 위험 예보,경북(김천시),2026-03-27 09:59,경상북도 김천시,2026-03-27 10:01,경상북도 김천시,2026-03-27 10:01,00:00:03,"대기 건조에 따른 산불발생 위험이 매우 높습니다. 불법소각 금지, 담뱃불 투기 금지 등 산불이 발생하지 않도록 주의하여 주시기 바랍니다.[김천시]",2026-07-08
59,사회재난 산불(위험예보),사회재난 > 산불 > 위험 예보,경북(김천시),2026-03-26 14:00,경상북도 김천시,2026-03-26 14:01,경상북도 김천시,2026-03-26 14:01,00:00:03,"○우리시 건조주의보 발효에 따른 산불발생 위험이 매우 높습니다. ○쓰레기, 영농부산물 소각금지 등 산불이 발생하지 않도록 주의하여 주시기 바랍니다.[김천시]",2026-07-08
60,건조주의보 발령에 의한 산불예방 안내,사회재난 > 산불 > 안내정보,"경북(김천시,안동시,구미시,영주시,상주시,문경시,칠곡군)",2026-03-26 12:51,경상북도,2026-03-26 14:00,경상북도,2026-03-26 14:00,00:00:12,"작은 불씨도 산불로 번질 수 있습니다. 입산시 화기소지 금지, 영농부산물·쓰레기 소각금지, 화목보일러 불씨 소화 확인 등 각별히 주의 바랍니다. [경상북도]",2026-07-08
61,사회재난 산불(위험예보),사회재난 > 산불 > 위험 예보,경북(김천시),2026-03-26 11:04,경상북도 김천시,2026-03-26 11:04,경상북도 김천시,2026-03-26 11:05,00:00:03,"대기 건조에 따른 산불발생 위험이 매우 높습니다. 불법소각 금지, 담뱃불 투기 금지 등 산불이 발생하지 않도록 주의하여 주시기 바랍니다.[김천시]",2026-07-08
62,건조주의보에 따른 산불예방 안내,사회재난 > 산불 > 위험 예보,"경북(김천시,안동시,구미시,영주시,상주시,문경시,칠곡군)",2026-03-26 09:40,경상북도,2026-03-26 11:00,경상북도,2026-03-26 11:00,00:00:03,"건조한 날씨로 산불 및 화재위험 급증 ▲산림연접지 논·밭두렁, 영농부산물 등 소각금지 ▲담뱃불 투기 금지 ▲입산시 화기(담뱃불)소지 금지에 유의바랍니다[경상북도]",2026-07-08
63,사회재난 산불 안내정보,사회재난 > 산불 > 안내정보,"경북(김천시,안동시,구미시,영주시,상주시,문경시,칠곡군)",2026-03-25 13:38,경상북도,2026-03-25 14:00,경상북도,2026-03-25 14:00,00:00:03,"건조한 날씨로 산불 위험이 높습니다. 입산 시 화기 사용 금지, 영농부산물·쓰레기 소각 금지 등 산불 예방에 협조 바랍니다.[경상북도]",2026-07-08
64,사회재난 산불(위험예보),사회재난 > 산불 > 위험 예보,경북(김천시),2026-03-25 13:27,경상북도 김천시,2026-03-25 13:29,경상북도 김천시,2026-03-25 13:29,00:00:02,"○우리시 건조주의보에 따른 산불발생 위험이 매우 높습니다. ○쓰레기 소각금지, 담뱃불 투기 금지 등 산불이 발생하지 않도록 주의하여 주시기 바랍니다.[김천시]",2026-07-08
65,사회재난 산불 안내정보,사회재난 > 산불 > 안내정보,"경북(김천시,안동시,구미시,영주시,상주시,문경시,칠곡군)",2026-03-25 10:58,경상북도,2026-03-25 11:00,경상북도,2026-03-25 11:00,00:00:03,"건조특보 발효로 산불 발생 위험이 높습니다. 입산 시 화기 소지 금지, 불법 소각 금지 등 산불 예방에 협조 바랍니다.[경상북도]",2026-07-08
66,사회재난 산불(위험예보),사회재난 > 산불 > 위험 예보,경북(김천시),2026-03-25 10:15,경상북도 김천시,2026-03-25 10:16,경상북도 김천시,2026-03-25 10:16,00:00:03,"대기 건조에 따른 산불발생 위험이 높습니다. 담뱃불 투기 금지, 화목보일러 사용 시 불씨 관리 주의 등 산불이 발생하지 않도록 주의하여 주시기 바랍니다.[김천시]",2026-07-08
67,사회재난 산불 안내정보,사회재난 > 산불 > 안내정보,"경북(포항시 남구,포항시 북구,김천시,안동시,구미시,영주시,상주시,문경시,칠곡군)",2026-03-24 13:59,경상북도,2026-03-24 14:00,경상북도,2026-03-24 14:00,00:00:03,"건조한 날씨로 산불 위험이 높습니다. 입산 시 화기 사용 금지, 불법 소각 금지 등 산불 예방에 각별히 주의 바랍니다.[경상북도]",2026-07-08
68,사회재난 산불(위험예보),사회재난 > 산불 > 위험 예보,경북(김천시),2026-03-24 13:16,경상북도 김천시,2026-03-24 13:18,경상북도 김천시,2026-03-24 13:18,00:00:02,"○우리시 건조주의보에 따른 산불발생 위험이 매우 높습니다. ○쓰레기 소각금지, 담뱃불 투기 금지 등 산불이 발생하지 않도록 주의하여 주시기 바랍니다.[김천시]",2026-07-08
69,사회재난 산불 안내정보,사회재난 > 산불 > 안내정보,"경북(포항시 남구,포항시 북구,김천시,안동시,구미시,영주시,상주시,문경시,칠곡군)",2026-03-24 10:30,경상북도,2026-03-24 11:00,경상북도,2026-03-24 11:00,00:00:03,건조주의보 발령으로 대기가 건조하여 대형 산불이 발생할 가능성이 높습니다. 야외소각 행위 금지와 불씨 관리에 각별히 주의하여 주시기 바랍니다.[경상북도],2026-07-08
70,사회재난 산불(위험예보),사회재난 > 산불 > 위험 예보,경북(김천시),2026-03-23 15:13,경상북도 김천시,2026-03-23 15:15,경상북도 김천시,2026-03-23 15:15,00:00:03,"우리시 건조주의보에 따른 산불발생 위험이 매우 높습니다. 쓰레기 소각금지, 담뱃불 투기 금지 등 산불이 발생하지 않도록 주의하여 주시기 바랍니다. [김천시]",2026-07-08
71,건조주의보로 인한 산불예방 안내,사회재난 > 산불 > 안내정보,"경북(포항시 남구,포항시 북구,김천시,안동시,구미시,상주시,문경시)",2026-03-23 12:54,경상북도,2026-03-23 14:00,경상북도,2026-03-23 14:00,00:00:12,건조주의보 발령으로 대기가 건조하여 대형 산불이 발생할 가능성이 높습니다. 야외소각 행위 금지와 불씨 관리에 각별히 주의하여 주시기 바랍니다.[경상북도],2026-07-08
72,건조주의보로 인한 산불예방 안내,사회재난 > 산불 > 안내정보,"경북(포항시 남구,포항시 북구,김천시,안동시,구미시,상주시,문경시)",2026-03-23 09:40,경상북도,2026-03-23 11:01,경상북도,2026-03-23 11:01,00:00:03,"건조한 날씨로 산불 및 화재위험 급증▲산림연접지 논·밭두렁, 영농부산물 등 소각금지▲화목재(불씨) 처리주의▲입산시 화기(담뱃불)소지 금지에 유의바랍니다[경상북도]",2026-07-08
73,산불 발생 안내 (증산),사회재난 > 산불 > 발생,경북(김천시),2026-03-22 11:54,경상북도 김천시,2026-03-22 11:55,경상북도 김천시,2026-03-22 11:55,00:00:03,3.22.(일) 11:25경 김천시 증산면 유성리 인근 산불 발생. 입산 금지. 인근 주민과 등산객은 안전사고에 주의하세요. [김천시],2026-07-08
74,사회재난 산불(위험예보),사회재난 > 산불 > 위험 예보,경북(김천시),2026-03-11 11:32,경상북도 김천시,2026-03-11 11:33,경상북도 김천시,2026-03-11 11:33,00:00:02,"대기 건조에 따른 산불발생 위험이 높습니다. 불법소각 금지, 담뱃불 투기 금지 등 산불이 발생하지 않도록 주의하여 주시기 바랍니다.[김천시]",2026-07-08
75,대설 안내,자연재난 > 대설,경북(김천시),2026-02-24 20:05,경상북도 김천시,2026-02-25 07:08,경상북도 김천시,2026-02-25 07:08,00:00:02,"전날 내린 눈, 비와 추위로 도로 및 보행로 결빙이 예상되오니, ▲차량 서행 및 안전거리 확보 ▲보행 시 미끄럼 주의 등 안전에 유의하시기 바랍니다. [김천시]",2026-07-08
76,대설 안내,자연재난 > 대설 > 안내정보,경북(김천시),2026-02-24 20:03,경상북도 김천시,2026-02-24 20:03,경상북도 김천시,2026-02-24 20:03,00:00:03,"금일 내린 눈 또는 비(어는비)로 결빙이 예상되오니, ▲차량 서행운전 ▲농축산 및 취약시설물 보강 ▲보행 시 낙상 주의 등 안전에 유의바랍니다. [김천시]",2026-07-08
77,자연재난 대설,자연재난 > 대설 > 안내정보,경북(김천시),2026-02-24 17:27,경상북도 김천시,2026-02-24 17:27,경상북도 김천시,2026-02-24 17:27,00:00:03,김천시청 - 대설로 증산·대덕·부항·지례·구성·대항·어모·남면 등 산간지역 시내버스 결행. 도로 결빙으로 결행구간 증가 가능. 안전에 유의 바랍니다. [김천시],2026-07-08
78,자연재난 대설,자연재난 > 대설 > 안내정보,경북(김천시),2026-02-24 14:35,경상북도 김천시,2026-02-24 14:35,경상북도 김천시,2026-02-24 14:35,00:00:03,"김천시 대설주의보 발령 중. 대덕, 증산, 부항면 등 일부구간 시내버스 결행 또는 우회운행 중. 도로결빙 위험으로 변동가능. [김천시]",2026-07-08
79,자연재난 대설 안내정보,자연재난 > 대설 > 안내정보,경북(김천시),2026-02-24 13:34,경상북도 김천시,2026-02-24 14:12,경상북도 김천시,2026-02-24 14:12,00:00:03,"현재 우리 지역에 대설주의보 발령. 21시까지 강설이 예상됨에 따라 비닐하우스, 축사 등 붕괴가 우려되오니 시설물 관리에 유의 하여 주시기 바랍니다.[김천시]",2026-07-08
80,사회재난 산불 안내정보,사회재난 > 산불 > 안내정보,경북(김천시),2026-02-23 13:36,경상북도 김천시,2026-02-23 13:38,경상북도 김천시,2026-02-23 13:38,00:00:03,"우리시 대기 건조에 따른 산불발생 위험이 높습니다. 영농부산물 소각금지, 화목보일러 재 처리 주의 등 산불이 발생하지 않도록 주의하여 주시기 바랍니다. [김천시]",2026-07-08
81,사회재난 산불(위험예보),사회재난 > 산불 > 위험 예보,경북(김천시),2026-02-23 08:54,경상북도 김천시,2026-02-23 08:56,경상북도 김천시,2026-02-23 08:56,00:00:03,"우리시 대기 건조에 따른 산불발생 위험이 높습니다. 영농부산물 소각금지, 화목보일러 재 처리 주의 등 산불이 발생하지 않도록 주의하여 주시기 바랍니다.[김천시]",2026-07-08
82,사회재난 미세먼지(경보),사회재난 > 미세먼지 > 경보,"경북(김천시,구미시,고령군,성주군,칠곡군)",2026-02-22 18:02,경상북도,2026-02-22 18:06,경상북도,2026-02-22 18:06,00:00:05,"오늘 18:00 서남권역 미세먼지 경보 발령. 외출 시 보건용 마스크를 쓰고, 대중교통을 이용해 주세요. 어린이·노약자는 야외 활동을 자제하세요. [경상북도]",2026-07-08
83,사회재난 산불 안내정보,사회재난 > 산불 > 안내정보,경북(김천시),2026-02-22 16:05,경상북도 김천시,2026-02-22 16:06,경상북도 김천시,2026-02-22 16:06,00:00:03,현재 우리시 강풍으로 산불 발생시 확산가능성이 아주 높습니다.△불법 소각 금지△화목보일러 재를 불씨가 남은 채로 투기 금지△산림연접지 화재 주의 [김천시],2026-07-08
86,사회재난 산불(위험예보),사회재난 > 산불 > 위험 예보,경북(김천시),2026-02-22 12:56,경상북도 김천시,2026-02-22 12:58,경상북도 김천시,2026-02-22 12:58,00:00:03,"○우리시 대기건조에 따른 산불발생 위험이 매우 높습니다. ○쓰레기 소각금지, 담뱃불 투기 금지 등 산불이 발생하지 않도록 주의하여 주시기 바랍니다.[김천시]",2026-07-08
87,사회재난 산불(위험예보),사회재난 > 산불 > 위험 예보,경북(김천시),2026-02-22 08:59,경상북도 김천시,2026-02-22 09:02,경상북도 김천시,2026-02-22 09:02,00:00:03,"우리시 대기 건조에 따른 산불발생 위험이 높습니다. 영농부산물 소각금지, 화목보일러 재 처리 주의 등 산불이 발생하지 않도록 주의하여 주시기 바랍니다.[김천시]",2026-07-08
88,산불 주의 안내정보,사회재난 > 산불 > 안내정보,경북(김천시),2026-02-21 13:10,경상북도 김천시,2026-02-21 13:12,경상북도 김천시,2026-02-21 13:12,00:00:02,"○ 대기건조에 따른 산불발생 위험이 높습니다.○ 영농부산물 및 쓰레기 소각 금지, 담뱃불 투기 금지 등 산불이 발생하지 않도록 주의 바랍니다. [김천시]",2026-07-08
89,산불예방 주의사항 안내,사회재난 > 산불 > 안내정보,"부산(전체),대구(중구,동구,서구,남구,북구,수성구,달서구,달성군),울산(전체),충북(영동군),전남(여수시,순천시,광양시,구례군,보성군),경북(포항시 남구,포항시 북구,김천시,안동시,구미시,영천시,상주시,문경시,경산시,영덕군,칠곡군,울진군),경남(창원시 의창구,창원시 성산구,창원시 마산합포구,창원시 마산회원구,창원시 진해구,진주시,사천시,김해시,의령군,고성군,남해군,하동군,산청군,함양군,거창군,합천군),강원(강릉시,동해시,속초시,삼척시,고성군,양양군)",2026-02-21 10:13,산림청,2026-02-21 10:45,산림청,2026-02-21 10:45,00:00:03,"○ 건조, 강풍으로 산불이 발생할 위험이 높습니다.○ 담뱃불 투기와 불법소각을 금지하고, 화목보일러 사용 시 불씨관리에 각별히 주의 바랍니다. [산림청]",2026-07-08
90,산불 주의 안내문자,사회재난 > 산불 > 안내정보,경북(김천시),2026-02-21 09:12,경상북도 김천시,2026-02-21 09:14,경상북도 김천시,2026-02-21 09:14,00:00:02,"○ 우리시 대기건조에 따른 산불발생 위험이 높습니다. ○ 영농부산물 소각 금지, 담뱃불투기 금지 등 산불이 발생하지 않도록 주의 바랍니다. [김천시]",2026-07-08
91,사회재난 산불(위험예보),사회재난 > 산불 > 위험 예보,경북(김천시),2026-02-20 12:54,경상북도 김천시,2026-02-20 12:59,경상북도 김천시,2026-02-20 13:00,00:00:03,"○우리시 대기건조에 따른 산불발생 위험이 높습니다. ○쓰레기 소각금지, 담뱃불 투기 금지 등 산불이 발생하지 않도록 주의하여 주시기 바랍니다.[김천시]",2026-07-08
92,사회재난 산불 안내정보,사회재난 > 산불 > 안내정보,경북(김천시),2026-02-20 09:21,경상북도 김천시,2026-02-20 09:22,경상북도 김천시,2026-02-20 09:22,00:00:02,"지속되는 건조한 날씨로 산불발생 위험이 매우 높습니다. 소각금지, 담뱃불투기 금지, 화목보일러 사용시 불씨관리 등 각별히 주의 바랍니다. [김천시]",2026-07-08
93,사회재난 산불(위험예보),사회재난 > 산불 > 위험 예보,경북(김천시),2026-02-19 13:31,경상북도 김천시,2026-02-19 13:32,경상북도 김천시,2026-02-19 13:33,00:00:03,"대기 건조에 따른 산불발생 위험이 높습니다. 담뱃불 투기 금지, 화목보일러 사용 시 불씨 관리 주의 등 산불이 발생하지 않도록 주의하여 주시기 바랍니다.[김천시]",2026-07-08
94,사회재난 산불 안내정보,사회재난 > 산불 > 안내정보,경북(김천시),2026-02-19 09:12,경상북도 김천시,2026-02-19 09:13,경상북도 김천시,2026-02-19 09:13,00:00:02,"건조한 날씨에 따른 산불발생 위험이 높습니다. 불법소각금지, 화목보일러 불씨 관리 등 산불이 발생하지 않도록 각별히 주의하시기 바랍니다.[김천시]",2026-07-08
95,가축질병 주의보, > ,경북(김천시),2026-02-18 16:46,경상북도 김천시,2026-02-18 16:47,경상북도 김천시,2026-02-18 16:47,00:00:03,"아프리카돼지열병(ASF) 확산 방지를 위해 명절기간 축산농장 방문 자제, 축산농가는 외부 차량출입통제 등 방역수칙을 철저히 준수해 주시기 바랍니다.[김천시]",2026-07-08
96,사회재난 산불(위험예보),사회재난 > 산불 > 위험 예보,경북(김천시),2026-02-18 13:54,경상북도 김천시,2026-02-18 13:55,경상북도 김천시,2026-02-18 13:55,00:00:02,"대기 건조에 따른 산불발생 위험이 높습니다. 불법소각 금지, 화목보일러 불씨 관리 주의 등 산불이 발생하지 않도록 주의하여 주시기 바랍니다.[김천시]",2026-07-08
97,사회재난 산불(위험예보),사회재난 > 산불 > 위험 예보,경북(김천시),2026-02-18 09:25,경상북도 김천시,2026-02-18 09:25,경상북도 김천시,2026-02-18 09:25,00:00:02,"대기 건조에 따른 산불발생 위험이 높습니다. 불법소각 금지, 화목보일러 불씨 관리 주의 등 산불이 발생하지 않도록 주의하여 주시기 바랍니다.[김천시]",2026-07-08
98,사회재난 산불(위험예보),사회재난 > 산불 > 위험 예보,경북(김천시),2026-02-17 13:09,경상북도 김천시,2026-02-17 13:11,경상북도 김천시,2026-02-17 13:11,00:00:03,"설연휴 기간 대기 건조에 따른 산불발생 위험이 높습니다. 불법소각 금지, 화목보일러 불씨 관리 주의 등 산불이 발생하지 않도록 주의하여 주시기 바랍니다.[김천시]",2026-07-08
99,가축질병 주의보, > ,경북(김천시),2026-02-17 09:02,경상북도 김천시,2026-02-17 09:04,경상북도 김천시,2026-02-17 09:04,00:00:02,"아프리카돼지열병(ASF) 확산 방지를 위해 명절기간 축산농장 방문 자제, 축산농가는 외부 차량출입통제 등 방역수칙을 철저히 준수해 주시기 바랍니다[김천시]",2026-07-08
100,사회재난 산불(위험예보),사회재난 > 산불 > 위험 예보,경북(김천시),2026-02-17 08:56,경상북도 김천시,2026-02-17 08:57,경상북도 김천시,2026-02-17 08:57,00:00:03,"설연휴 기간 산불예방을 위해 담배꽁초 투기, 논·밭두렁 및 묘지 주변 소각 금지, 화목보일러 불씨 관리에 각별히 주의 바랍니다.[김천시]",2026-07-08
101,사회재난 산불 안내정보,사회재난 > 산불 > 안내정보,경북(김천시),2026-02-16 13:36,경상북도 김천시,2026-02-16 13:37,경상북도 김천시,2026-02-16 13:37,00:00:03,"산불없는 설명절을 위해 영농부산물 및 묘지 주변 소각 일체금지,담배불 투기 금지, 화목보일러 불씨관리에 각별히 주의하시기 바랍니다ㅏ. [김천시]",2026-07-08
102,사회재난 산불 안내정보,사회재난 > 산불 > 안내정보,경북(김천시),2026-02-16 09:13,경상북도 김천시,2026-02-16 09:14,경상북도 김천시,2026-02-16 09:14,00:00:02,"설연휴 기간 산불예방을 위해 논밭두렁 및 묘지 주변 소각 금지, 담배꽁초 투기, 화목보일러 불씨관리에 각별히 주의 바랍니다[김천시]",2026-07-08
103,가축질병 주의보, > ,경북(김천시),2026-02-16 09:03,경상북도 김천시,2026-02-16 09:05,경상북도 김천시,2026-02-16 09:05,00:00:02,"아프리카돼지열병(ASF) 확산 방지를 위해 명절기간 축산농장 방문 자제, 축산농가는 외부 차량출입통제 등 방역수칙을 철저히 준수해 주시기 바랍니다.[김천시]",2026-07-08
104,산불 주의 안내,사회재난 > 산불 > 안내정보,경북(김천시),2026-02-15 13:10,경상북도 김천시,2026-02-15 13:11,경상북도 김천시,2026-02-15 13:11,00:00:02,"○ 설 연휴 기간 산불 예방을 위해 담배꽁초 투기, 논·밭두렁 및 묘지 주변 소각 금지, 화목보일러 불씨 관리에 각별히 주의 바랍니다. [김천시]",2026-07-08
105,산불 주의 안내 ,사회재난 > 산불 > 안내정보,경북(김천시),2026-02-15 09:23,경상북도 김천시,2026-02-15 09:25,경상북도 김천시,2026-02-15 09:25,00:00:03,"○ 설 연휴 기간 산불 예방을 위해 담배꽁초 투기, 논·밭두렁 및 묘지 주변 소각 금지, 화목보일러 불씨 관리에 각별히 주의 바랍니다. [김천시]",2026-07-08
106,가축질병 주의보, > ,경북(김천시),2026-02-15 09:16,경상북도 김천시,2026-02-15 09:19,경상북도 김천시,2026-02-15 09:19,00:00:02,"아프리카돼지열병(ASF) 확산 방지를 위해 명절기간 축산농장 방문 자제, 축산농가는 외부 차량출입통제 등 방역수칙을 철저히 준수해 주시기 바랍니다.[김천시]",2026-07-08
107,가축질병 주의보, > ,경북(김천시),2026-02-14 14:48,경상북도 김천시,2026-02-14 14:51,경상북도 김천시,2026-02-14 14:51,00:00:02,"아프리카돼지열병(ASF) 확산 방지를 위해 명절기간 축산농장 방문 자제, 축산농가는 외부 차량출입통제 등 방역수칙을 철저히 준수해 주시기 바랍니다.[김천시]",2026-07-08
108,사회재난 산불(위험예보),사회재난 > 산불 > 위험 예보,경북(김천시),2026-02-14 13:13,경상북도 김천시,2026-02-14 13:14,경상북도 김천시,2026-02-14 13:14,00:00:03,"설 연휴 기간 산불 예방을 위해 담배꽁초 투기, 논ㆍ밭두렁 및 묘지 주변 소각 금지, 화목보일러 불씨 관리에 각별히 주의 바랍니다. [김천시]",2026-07-08
109,사회재난 산불(위험예보),사회재난 > 산불 > 위험 예보,경북(김천시),2026-02-14 09:31,경상북도 김천시,2026-02-14 09:33,경상북도 김천시,2026-02-14 09:33,00:00:03,"우리시 대기 건조에 따른 산불발생 위험이 높습니다. 영농부산물 소각금지, 화목보일러 재 처리 주의 등 산불이 발생하지 않도록 주의하여 주시기 바랍니다.[김천시]",2026-07-08
110,사회재난 산불(위험예보),사회재난 > 산불 > 위험 예보,경북(김천시),2026-02-13 16:28,경상북도 김천시,2026-02-13 16:30,경상북도 김천시,2026-02-13 16:30,00:00:03,"우리시 대기 건조에 따른 산불발생 위험이 높습니다. 영농부산물 소각금지, 화목보일러 재 처리 주의 등 산불이 발생하지 않도록 주의하여 주시기 바랍니다.[김천시]",2026-07-08
111,사회재난 산불(위험예보),사회재난 > 산불 > 위험 예보,경북(김천시),2026-02-13 09:00,경상북도 김천시,2026-02-13 09:02,경상북도 김천시,2026-02-13 09:02,00:00:02,"대기 건조에 따른 산불발생 위험이 높습니다. 담뱃불 투기 금지, 화목보일러 사용 시 불씨 관리 주의 등 산불이 발생하지 않도록 주의하여 주시기 바랍니다.[김천시]",2026-07-08
112,사회재난 산불(위험예보),사회재난 > 산불 > 위험 예보,경북(김천시),2026-02-12 13:34,경상북도 김천시,2026-02-12 13:35,경상북도 김천시,2026-02-12 13:35,00:00:02,"○우리시 대기건조에 따른 산불발생 위험이 높습니다. ○쓰레기 소각금지, 담뱃불 투기 금지 등 산불이 발생하지 않도록 주의하여 주시기 바랍니다.[김천시]",2026-07-08
113,사회재난 산불(위험예보),사회재난 > 산불 > 위험 예보,경북(김천시),2026-02-12 09:16,경상북도 김천시,2026-02-12 09:18,경상북도 김천시,2026-02-12 09:18,00:00:02,"우리시 대기 건조에 따른 산불발생 위험이 높습니다. 영농부산물 소각금지, 화목보일러 재 처리 주의 등 산불이 발생하지 않도록 주의하여 주시기 바랍니다.[김천시]",2026-07-08
114,사회재난 산불(위험예보),사회재난 > 산불 > 위험 예보,경북(김천시),2026-02-11 14:01,경상북도 김천시,2026-02-11 14:03,경상북도 김천시,2026-02-11 14:03,00:00:02,"○우리시 건조주의보 발효에 따른 산불발생 위험이 높습니다. ○쓰레기 소각금지, 담뱃불 투기 금지 등 산불이 발생하지 않도록 주의하여 주시기 바랍니다.[김천시]",2026-07-08
115,사회재난 산불(위험예보),사회재난 > 산불 > 위험 예보,경북(김천시),2026-02-11 09:03,경상북도 김천시,2026-02-11 09:04,경상북도 김천시,2026-02-11 09:04,00:00:02,"○우리시 건조주의보 발효에 따른 산불발생 위험이 높습니다. ○쓰레기 소각금지, 담뱃불 투기 금지 등 산불이 발생하지 않도록 주의하여 주시기 바랍니다.[김천시]",2026-07-08
116,대설 안내,자연재난 > 대설,경북(김천시),2026-02-10 19:48,경상북도 김천시,2026-02-11 07:00,경상북도 김천시,2026-02-11 07:00,00:00:02,"새벽에 내린 눈, 비와 추위로 도로 및 보행로 결빙이 예상되오니, ▲차량 서행 및 안전거리 확보 ▲보행 시 미끄럼 주의 등 안전에 유의하시기 바랍니다. [김천시]",2026-07-08
117,대설 안내,자연재난 > 대설,경북(김천시),2026-02-10 19:44,경상북도 김천시,2026-02-10 19:45,경상북도 김천시,2026-02-10 19:45,00:00:03,내일 새벽부터 아침까지 비(어는비) 또는 눈 예상 ▲도로결빙 ▲차량 서행운전 ▲농축산 및 취약시설물 보강 ▲보행 시 낙상 주의 등 안전에 유의바랍니다. [김천시],2026-07-08
118,사회재난 산불(위험예보),사회재난 > 산불 > 위험 예보,경북(김천시),2026-02-10 13:33,경상북도 김천시,2026-02-10 13:35,경상북도 김천시,2026-02-10 13:35,00:00:02,"우리시 대기 건조에 따른 산불발생 위험이 높습니다. 영농부산물 소각금지, 화목보일러 재 처리 주의 등 산불이 발생하지 않도록 주의하여 주시기 바랍니다.[김천시]",2026-07-08
119,사회재난 산불 안내정보,사회재난 > 산불 > 안내정보,경북(김천시),2026-02-10 09:20,경상북도 김천시,2026-02-10 09:21,경상북도 김천시,2026-02-10 09:21,00:00:02,"○ 우리시 건조한 날씨로 산불발생 위험이 높습니다.○ 쓰레기 소각금지, 담뱃불 투기금지 등 산불이 발생하지 않도록 주의하여 주시기 바랍니다. [김천시]",2026-07-08
120,사회재난 산불 안내정보,사회재난 > 산불 > 안내정보,경북(김천시),2026-02-09 14:08,경상북도 김천시,2026-02-09 14:11,경상북도 김천시,2026-02-09 14:11,00:00:02,"우리시 건조한 날씨로 산불발생 위험이 매우 높습니다. 쓰레기 소각금지, 담뱃불 투기 금지 등 산불이 발생하지 않도록 주의하여 주시기 바랍니다.[김천시]",2026-07-08
122,사회재난 산불(위험예보),사회재난 > 산불 > 위험 예보,경북(김천시),2026-02-09 09:36,경상북도 김천시,2026-02-09 09:37,경상북도 김천시,2026-02-09 09:37,00:00:03,"○우리시 건조주의보 발효에 따른 산불발생 위험이 높습니다. ○쓰레기 소각금지, 담뱃불 투기 금지 등 산불이 발생하지 않도록 주의하여 주시기 바랍니다.[김천시]",2026-07-08
123,사회재난 산불 안내정보,사회재난 > 산불 > 안내정보,경북(김천시),2026-02-08 14:10,경상북도 김천시,2026-02-08 14:14,경상북도 김천시,2026-02-08 14:14,00:00:02,"우리시 대기 건조에 따른 산불발생 위험이 높습니다. 영농부산물 소각금지, 화목보일러 재 처리 주의 등 산불이 발생하지 않도록 주의하여 주시기 바랍니다.[김천시]",2026-07-08
124,사회재난 산불 안내정보,사회재난 > 산불 > 안내정보,경북(김천시),2026-02-08 08:59,경상북도 김천시,2026-02-08 09:01,경상북도 김천시,2026-02-08 09:01,00:00:03,"우리시 대기 건조에 따른 산불발생 위험이 높습니다. 영농부산물 소각금지, 화목보일러 재 처리 주의 등 산불이 발생하지 않도록 주의하여 주시기 바랍니다. [김천시]",2026-07-08
125,사회재난 산불(위험예보),사회재난 > 산불 > 위험 예보,경북(김천시),2026-02-07 13:45,경상북도 김천시,2026-02-07 13:46,경상북도 김천시,2026-02-07 13:46,00:00:02,"○우리시 건조주의보 발효에 따른 산불발생 위험이 높습니다. ○쓰레기, 영농부산물 소각금지 등 산불이 발생하지 않도록 주의하여 주시기 바랍니다.[김천시]",2026-07-08
126,사회재난 산불(위험예보),사회재난 > 산불 > 위험 예보,경북(김천시),2026-02-07 09:13,경상북도 김천시,2026-02-07 09:15,경상북도 김천시,2026-02-07 09:15,00:00:02,"대기 건조에 따른 산불발생 위험이 높습니다. 담뱃불 투기 금지, 화목보일러 사용 시 불씨 관리 주의 등 산불이 발생하지 않도록 주의하여 주시기 바랍니다.[김천시]",2026-07-08
127,사회재난 산불(위험예보),사회재난 > 산불 > 위험 예보,경북(김천시),2026-02-06 16:39,경상북도 김천시,2026-02-06 16:40,경상북도 김천시,2026-02-06 16:40,00:00:02,"우리시 대기 건조에 따른 산불발생 위험이 높습니다. 영농부산물 소각금지, 화목보일러 재 처리 주의 등 산불이 발생하지 않도록 주의하여 주시기 바랍니다.[김천시]",2026-07-08
128,사회재난 산불(위험예보),사회재난 > 산불 > 위험 예보,경북(김천시),2026-02-06 09:02,경상북도 김천시,2026-02-06 09:05,경상북도 김천시,2026-02-06 09:05,00:00:02,"대기 건조에 따른 산불발생 위험이 높습니다. 불법소각 금지, 화목보일러 사용 시 불씨 관리 주의 등 산불이 발생하지 않도록 주의하여 주시기 바랍니다.[김천시]",2026-07-08
129,대설 안내 (버스 결행),자연재난 > 대설,경북(김천시),2026-02-02 09:43,경상북도 김천시,2026-02-02 09:43,경상북도 김천시,2026-02-02 09:43,00:00:02,김천시 현재 대설 및 도로결빙으로 인해 읍·면 일부 벽지구간 시내버스 결행 중입니다. 도로 제설 사정에 따라 순차 운행 예정입니다. [김천시],2026-07-08
130,자연재난 대설,자연재난 > 대설 > 안내정보,경북(김천시),2026-02-02 07:09,경상북도 김천시,2026-02-02 07:09,경상북도 김천시,2026-02-02 07:09,00:00:02,"새벽에 내린 눈과 추위로 도로 및 보행로 결빙이 예상되오니, ▲차량 서행 및 안전거리 확보 ▲보행 시 미끄럼 주의 등 안전에 유의하시기 바랍니다. [김천시]",2026-07-08
131,대설 안내,자연재난 > 대설,경북(김천시),2026-02-01 17:16,경상북도 김천시,2026-02-01 17:16,경상북도 김천시,2026-02-01 17:17,00:00:03,"내일 새벽부터 아침까지 많은 눈 예상 ▲도로결빙 우려, ▲차량 서행운전 , ▲농축산 및 취약시설물 보강, ▲보행 시 낙상 주의 등 안전에 유의바랍니다. [김천시]",2026-07-08
132,사회재난 산불(위험예보),사회재난 > 산불 > 위험 예보,경북(김천시),2026-02-01 17:02,경상북도 김천시,2026-02-01 17:03,경상북도 김천시,2026-02-01 17:03,00:00:04,"○ 우리시 건조, 강풍으로 산불이 발생할 위험이 높습니다.○ 영농부산물 등 불법 소각금지, 화목보일러 사용시 불씨 관리에 각별히 주의 바랍니다. [김천시]",2026-07-08
133,사회재난 산불(위험예보),사회재난 > 산불 > 위험 예보,경북(김천시),2026-02-01 13:04,경상북도 김천시,2026-02-01 13:06,경상북도 김천시,2026-02-01 13:06,00:00:03,"○우리시 건조, 강풍으로 산불이 발생할 위험이 높습니다. ○영농부산물 등 불법 소각금지, 화목보일러 사용시 불씨 관리에 각별히 주의 바랍니다.[김천시]",2026-07-08
134,사회재난 산불 안내정보,사회재난 > 산불 > 안내정보,경북(김천시),2026-02-01 09:15,경상북도 김천시,2026-02-01 09:19,경상북도 김천시,2026-02-01 09:19,00:00:03,"○우리시 건조,강풍으로 산불이 발생할 위험이 높습니다. ○영농부산물 등 불법 소각금지, 화목보일러 사용시 불씨 관리에 각별히 주의하여 바랍니다.[김천시]",2026-07-08
135,사회재난 산불(위험예보),사회재난 > 산불 > 위험 예보,경북(김천시),2026-01-31 17:24,경상북도 김천시,2026-01-31 17:25,경상북도 김천시,2026-01-31 17:25,00:00:03,"우리시 건조경보 발효에 따른 산불발생 위험이 높습니다. 담뱃불 투기 금지, 화목보일러 재 처리 주의 등 산불이 발생하지 않도록 주의하여 주시기 바랍니다[김천시]",2026-07-08
136,사회재난 산불(위험예보),사회재난 > 산불 > 위험 예보,경북(김천시),2026-01-31 13:13,경상북도 김천시,2026-01-31 13:19,경상북도 김천시,2026-01-31 13:19,00:00:02,"우리시 건조경보 발효에 따른 산불발생 위험이 높습니다. 담뱃불 투기 금지, 화목보일러 재 처리 주의 등 산불이 발생하지 않도록 주의하여 주시기 바랍니다[김천시]",2026-07-08
137,사회재난 산불(위험예보),사회재난 > 산불 > 위험 예보,경북(김천시),2026-01-31 09:10,경상북도 김천시,2026-01-31 09:12,경상북도 김천시,2026-01-31 09:12,00:00:03,"우리시 건조주의보 발효에 따른 산불발생 위험이 높습니다. 담뱃불 투기 금지, 화목보일러 재 처리 주의 등 산불이 발생하지 않도록 주의하여 주시기 바랍니다[김천시]",2026-07-08
138,사회재난 산불(위험예보),사회재난 > 산불 > 위험 예보,경북(김천시),2026-01-30 13:23,경상북도 김천시,2026-01-30 13:24,경상북도 김천시,2026-01-30 13:24,00:00:03,"우리시 대기 건조에 따른 산불발생 위험이 높습니다. 영농부산물 소각금지, 화목보일러 재 처리 주의 등 산불이 발생하지 않도록 주의하여 주시기 바랍니다.[김천시]",2026-07-08
139,[기상특보] 건조경보 변경에 의한 발표 (주간),기상특보 > 건조 > 경보 > 변경에 의한 발표,"경북(김천시,안동시,영천시),강원(강릉시,동해시,태백시,속초시,삼척시,홍천군,평창군,정선군,양구군,인제군,고성군,양양군)",2026-01-30 09:56,행정안전부,2026-01-30 10:00,행정안전부,2026-01-30 10:00,00:00:02,오늘 10:00 건조경보. 입산 시 흡연·취사·화기 소지 및 소각 금지. 가연성 물질 취급 시 화재에 유의. [행정안전부],2026-07-08
140,사회재난 산불(위험예보),사회재난 > 산불 > 위험 예보,경북(김천시),2026-01-30 08:57,경상북도 김천시,2026-01-30 09:01,경상북도 김천시,2026-01-30 09:01,00:00:02,"우리시 건조주의보 발효에 따른 산불발생 위험이 높습니다. 담뱃불 투기 금지, 화목보일러 재 처리 주의 등 산불이 발생하지 않도록 주의하여 주시기 바랍니다[김천시]",2026-07-08
141,사회재난 산불(위험예보),사회재난 > 산불 > 위험 예보,경북(김천시),2026-01-29 13:13,경상북도 김천시,2026-01-29 13:14,경상북도 김천시,2026-01-29 13:14,00:00:02,"우리시 대기 건조에 따른 산불발생 위험이 높습니다. 영농부산물 소각금지, 화목보일러 재 처리 주의 등 산불이 발생하지 않도록 주의하여 주시기 바랍니다.[김천시]",2026-07-08
142,사회재난 산불(위험예보),사회재난 > 산불 > 위험 예보,경북(김천시),2026-01-29 08:57,경상북도 김천시,2026-01-29 09:00,경상북도 김천시,2026-01-29 09:00,00:00:03,"우리시 대기 건조에 따른 산불발생 위험이 높습니다. 영농부산물 소각금지, 화목보일러 재 처리 주의 등 산불이 발생하지 않도록 주의하여 주시기 바랍니다.[김천시]",2026-07-08
143,사회재난 산불(위험예보),사회재난 > 산불 > 위험 예보,경북(김천시),2026-01-28 15:47,경상북도 김천시,2026-01-28 15:48,경상북도 김천시,2026-01-28 15:48,00:00:02,"우리시 대기 건조에 따른 산불발생 위험이 높습니다. 영농부산물 소각금지, 화목보일러 재 처리 주의 등 산불이 발생하지 않도록 주의하여 주시기 바랍니다.[김천시]",2026-07-08
144,사회재난 산불(위험예보),사회재난 > 산불 > 위험 예보,경북(김천시),2026-01-28 08:54,경상북도 김천시,2026-01-28 08:55,경상북도 김천시,2026-01-28 08:55,00:00:02,"우리시 대기 건조에 따른 산불발생 위험이 높습니다. 쓰레기, 영농부산물 소각금지 등 산불이 발생하지 않도록 주의하여 주시기 바랍니다.[김천시]",2026-07-08
145,사회재난 산불 안내정보,사회재난 > 산불 > 안내정보,경북(김천시),2026-01-27 15:11,경상북도 김천시,2026-01-27 15:11,경상북도 김천시,2026-01-27 15:11,00:00:03,"김천시 강풍 및 건조주의보에 따른 산불발생 위험이 높습니다. 쓰레기, 영농부산물 소각금지 등 산불이 발생하지 않도록 주의하여 주시기 바랍니다. [김천시]",2026-07-08
146,사회재난 산불(위험예보),사회재난 > 산불 > 위험 예보,경북(김천시),2026-01-27 09:29,경상북도 김천시,2026-01-27 09:32,경상북도 김천시,2026-01-27 09:32,00:00:03,"우리시 대기 건조에 따른 산불발생 위험이 높습니다. 쓰레기, 영농부산물 소각금지 등 산불이 발생하지 않도록 주의하여 주시기 바랍니다.[김천시]",2026-07-08
147,사회재난 산불(위험예보),사회재난 > 산불 > 위험 예보,경북(김천시),2026-01-26 13:28,경상북도 김천시,2026-01-26 13:31,경상북도 김천시,2026-01-26 13:31,00:00:02,"우리시 대기 건조에 따른 산불발생 위험이 높습니다. 쓰레기, 영농부산물 소각금지, 재 처리 주의 등 산불이 발생하지 않도록 주의하여 주시기 바랍니다.[김천시]",2026-07-08
148,사회재난 산불(위험예보),사회재난 > 산불 > 위험 예보,경북(김천시),2026-01-26 09:49,경상북도 김천시,2026-01-26 09:50,경상북도 김천시,2026-01-26 09:50,00:00:03,"우리시 강풍 및 대기 건조에 따른 산불발생 위험이 높습니다. 쓰레기, 영농부산물 소각금지 등 산불이 발생하지 않도록 주의하여 주시기 바랍니다.[김천시]",2026-07-08
149,사회재난 산불(위험예보),사회재난 > 산불 > 위험 예보,경북(김천시),2026-01-25 13:35,경상북도 김천시,2026-01-25 13:37,경상북도 김천시,2026-01-25 13:37,00:00:02,"우리시 강풍 및 건조에 따른 산불발생 위험이 높습니다. 쓰레기, 영농부산물 소각금지, 재처리 주의 등 산불이 발생하지 않도록 주의하여 주시기 바랍니다.[김천시]",2026-07-08
150,사회재난 산불(위험예보),사회재난 > 산불 > 위험 예보,경북(김천시),2026-01-25 09:03,경상북도 김천시,2026-01-25 09:07,경상북도 김천시,2026-01-25 09:07,00:00:06,"우리시 강풍 및 대기 건조에 따른 산불발생 위험이 높습니다. 쓰레기, 영농부산물 소각금지 등 산불이 발생하지 않도록 주의하여 주시기 바랍니다.[김천시]",2026-07-08
151,사회재난 산불 안내정보,사회재난 > 산불 > 안내정보,경북(김천시),2026-01-24 16:08,경상북도 김천시,2026-01-24 16:09,경상북도 김천시,2026-01-24 16:09,00:00:03,"우리시 강풍 및 대기 건조에 따른 산불발생 위험이 높습니다. 쓰레기, 영농부산물 소각금지 등 산불이 발생하지 않도록 주의하여 주시기 바랍니다.[김천시]",2026-07-08
152,사회재난 산불 안내정보,사회재난 > 산불 > 안내정보,"경북(포항시 남구,포항시 북구,경주시,김천시,안동시,구미시,영천시,상주시,문경시,경산시,청송군,영양군,영덕군,청도군,고령군,성주군,칠곡군,예천군,봉화군,울진군)",2026-01-24 12:20,경상북도,2026-01-24 12:21,경상북도,2026-01-24 12:21,00:00:03,대기가 건조해지고 강풍이 불어 주말 동안 대형 산불이 발생할 가능성이 높습니다. 야외소각 행위 금지와 불씨 관리에 각별히 주의하여 주시기 바랍니다. [경상북도],2026-07-08
153,자연재난 대설,자연재난 > 대설 > 안내정보,경북(김천시),2026-01-24 07:09,경상북도 김천시,2026-01-24 07:10,경상북도 김천시,2026-01-24 07:10,00:00:02,"밤사이 내린 눈과 추위로 도로 및 보행로 결빙이 예상되오니, ▲차량 서행 및 안전거리 확보 ▲보행 시 미끄럼 주의 등 안전에 유의하시기 바랍니다. [김천시]",2026-07-08
154,도로결빙,자연재난 > 한파 > 안내정보,경북(김천시),2026-01-23 16:03,경상북도 김천시,2026-01-23 16:04,경상북도 김천시,2026-01-23 16:04,00:00:02,추위가 지속되고 있습니다. ▲ 보행 낙상사고 주의 ▲ 빙판길 절대 감속운전 ▲ 안전거리 확보 등 교통안전과 보행자 안전에 각별히 유의하시기 바랍니다.[김천시],2026-07-08
155,자연재난 한파,자연재난 > 한파 > 안내정보,경북(김천시),2026-01-22 16:53,경상북도 김천시,2026-01-22 16:54,경상북도 김천시,2026-01-22 16:54,00:00:02,한파가 지속되고 있습니다. ▲수도동파예방▲방한용품착용▲농축산시설 보온유지▲밤사이 기온하강으로 출근길 도로 결빙이 예상되오니 절대 감속 운전하시기 바랍니다[김천시],2026-07-08
156,기온하강 및 도로결빙 주의사항 안내,자연재난 > 한파 > 안내정보,"경북(김천시,구미시,상주시,문경시,고령군,성주군,칠곡군,예천군)",2026-01-22 05:58,경상북도,2026-01-22 06:30,경상북도,2026-01-22 06:30,00:00:05,"밤사이 기온 하강으로 출근길 도로 결빙이 예상되오니 절대 감속 운전, 교량 위 서행, 안전거리 확보 등 도로 안전에 유의하시기 바랍니다.[경상북도]",2026-07-08
157,자연재난 한파,자연재난 > 한파 > 안내정보,경북(김천시),2026-01-21 15:56,경상북도 김천시,2026-01-21 15:57,경상북도 김천시,2026-01-21 15:57,00:00:02,한파가 지속되고 있습니다. ▲수도동파예방▲방한용품착용▲농축산시설 보온유지▲특히 전기장판을 라텍스와 함께 사용할 경우 화재 위험이 높습니다. [김천시],2026-07-08
158,자연재난 한파,자연재난 > 한파 > 안내정보,경북(김천시),2026-01-20 17:19,경상북도 김천시,2026-01-20 17:20,경상북도 김천시,2026-01-20 17:20,00:00:03,강추위가 지속되고 있습니다. ▲야외활동자제▲수도동파예방▲방한용품착용▲농축산시설 보온유지▲도로결빙 등 안전사고 발생에 유의바랍니다.[김천시],2026-07-08
159,자연재난 한파,자연재난 > 한파 > 안내정보,경북(김천시),2026-01-19 18:07,경상북도 김천시,2026-01-19 18:10,경상북도 김천시,2026-01-19 18:10,00:00:11,오늘 밤부터 강추위가 예상됩니다.▲야외활동자제▲수도동파예방▲방한용품착용▲농축산시설 보온유지▲도로결빙 등 안전사고 발생에 유의바랍니다.[김천시],2026-07-08
160,도로 결빙 안내,자연재난 > 한파 > 안내정보,경북(김천시),2026-01-14 18:49,경상북도 김천시,2026-01-15 07:00,경상북도 김천시,2026-01-15 07:00,00:00:03,기온 하강과 비에 따른 도로 결빙 우려 ▲ 보행 낙상사고 주의 ▲ 빙판길 절대 감속운전 ▲ 안전거리 확보 등 안전관리에 유의 바랍니다.[김천시],2026-07-08
161,도로 결빙 안내,자연재난 > 한파 > 안내정보,경북(김천시),2026-01-14 18:43,경상북도 김천시,2026-01-14 18:45,경상북도 김천시,2026-01-14 18:45,00:00:02,내일 아침 비가 예상되어 빙판길과 도로 살얼음이 우려됩니다. ▲차간 안전거리 확보 ▲감속 운행 ▲미끄러짐 사고 등 안전에 유의하시기 바랍니다.[김천시],2026-07-08
162,자연재난 기타 기타재난,자연재난 > 기타 > 기타재난,경북(김천시),2026-01-13 08:14,경상북도 김천시,2026-01-13 08:15,경상북도 김천시,2026-01-13 08:16,00:00:03,"간밤에 내린 눈, 비로 도로결빙이 우려되오니 차량 감속운행 및 보행시 미끄럼 사고 등 안전에 유의하시기 바랍니다.[김천시]",2026-07-08
163,대설 안내,자연재난 > 대설 > 안내정보,경북(김천시),2026-01-10 22:11,경상북도 김천시,2026-01-11 06:01,경상북도 김천시,2026-01-11 06:01,00:00:12,"밤 사이 눈, 비와 기온 하강에 따른 결빙 우려 ▲ 외출 자제 ▲보행 낙상사고 주의 ▲빙판길 절대 감속운전 및 안전거리 확보등 안전관리에 유의 바랍니다.[김천시]",2026-07-08
164,대설 안내,자연재난 > 대설 > 안내정보,경북(김천시),2026-01-10 22:10,경상북도 김천시,2026-01-10 22:12,경상북도 김천시,2026-01-10 22:12,00:00:02,"밤 사이 눈, 비와 기온 하강에 따른 결빙 우려 ▲ 외출 자제 ▲보행 낙상사고 주의 ▲빙판길 절대 감속운전 및 안전거리 확보등 안전관리에 유의 바랍니다.[김천시]",2026-07-08
165,대설 한파 강풍 안내,자연재난 > 대설 > 안내정보,경북(김천시),2026-01-10 18:17,경상북도 김천시,2026-01-10 18:19,경상북도 김천시,2026-01-10 18:19,00:00:06,"눈, 비와 영하권 강추위, 강풍이 예상되니 ▲낙상사고 주의 ▲옥외시설·비닐하우스 등 고정 ▲빙판길 감속운전 ▲산불예방 등 안전관리에 유의 바랍니다.[김천시]",2026-07-08
166,사회재난 산불 안내정보,사회재난 > 산불 > 안내정보,경북(김천시),2026-01-10 13:21,경상북도 김천시,2026-01-10 13:22,경상북도 김천시,2026-01-10 13:22,00:00:03,강풍주의보에 따른 산불 예방안내. ▲산림내 흡연행위 및 인화물질 소지금지 ▲산림연접지 영농부산물 등 소각행위 금지 ▲화목보일러 자체점검 및 취급주의 [김천시],2026-07-08
167,사회재난 산불 안내정보,사회재난 > 산불 > 안내정보,경북(김천시),2026-01-10 11:18,경상북도 김천시,2026-01-10 11:19,경상북도 김천시,2026-01-10 11:19,00:00:03,"우리시 강풍주의보 발효 및 대기 건조에 따른 산불발생 위험이 높습니다. 쓰레기, 영농부산물 소각금지 등 산불이 발생하지 않도록 주의하여 주시기 바랍니다 [김천시]",2026-07-08
168,자연재난 강풍 안내정보,자연재난 > 강풍 > 안내정보,경북(김천시),2026-01-10 10:05,경상북도 김천시,2026-01-10 10:06,경상북도 김천시,2026-01-10 10:06,00:00:02,김천시 강풍주의보 발효 중 ▲ 야외 작업 자제 ▲ 옥외시설물 고정 ▲ 보행 시 낙하물 주의 등 안전에 유의하시기 바랍니다. [김천시],2026-07-08
169,버스 운행 관련 안내,자연재난 > 한파,경북(김천시),2026-01-10 09:16,경상북도 김천시,2026-01-10 09:17,경상북도 김천시,2026-01-10 09:17,00:00:02,"직지사, 봉계, 시청, KTX방면 버스 운행 재개되었습니다. 그 외 버스 노선은 오전 중으로 순차 운행될 예정임을 알려드립니다. [김천시]",2026-07-08
170,버스 운행 중단 알림,자연재난 > 기타 > 기타재난,경북(김천시),2026-01-10 08:18,경상북도 김천시,2026-01-10 08:18,경상북도 김천시,2026-01-10 08:19,00:00:02,김천시 현재 도로 결빙으로 인해 버스 운행이 전면 중단 되었습니다. 도로 사정에 따라 순차 운행 예정이며 추후 공지 예정임을 알려드립니다. [김천시],2026-07-08
171,결빙 안내,자연재난 > 기타 > 기타재난,경북(김천시),2026-01-10 08:07,경상북도 김천시,2026-01-10 08:07,경상북도 김천시,2026-01-10 08:07,00:00:02,"김천시 새벽 비 이후 기온 하강으로 도로 결빙이 우려됩니다. ▲ 보행자 낙상 주의, ▲ 감속운행, ▲ 미끄럼 주의 등 안전에 유의하시기 바랍니다.[김천시]",2026-07-08
172,강풍 안내,자연재난 > 강풍 > 안내정보,경북(김천시),2026-01-09 17:32,경상북도 김천시,2026-01-09 17:32,경상북도 김천시,2026-01-09 17:32,00:00:02,"김천시 내일 오전부터 강풍 예상 ▲야외활동 자제 ▲입간판, 대형크레인 등 낙하위험물 사전 고정 ▲농축산 시설물 고정 등 안전에 유의하시기 바랍니다. [김천시청]",2026-07-08
173,한파 안내,자연재난 > 한파 > 사전대비 > 일반1,경북(김천시),2025-12-25 16:53,경상북도 김천시,2025-12-25 16:53,경상북도 김천시,2025-12-25 16:53,00:00:02,저녁부터 기온 급강하로 매우 춥겠으니 ▲야외활동 자제 ▲계량기 동파 예방 ▲농축산시설 보온 ▲도로 결빙구간 주의 등 안전에 유념하여 주시기 바랍니다. [김천시],2026-07-08
174,한파 안내,자연재난 > 한파 > 사전대비 > 일반1,경북(김천시),2025-12-25 11:12,경상북도 김천시,2025-12-25 11:13,경상북도 김천시,2025-12-25 11:13,00:00:03,저녁부터 기온 급강하로 매우 춥겠으니 ▲야외활동 자제 ▲계량기 동파 예방 ▲농축산시설 보온 ▲도로 결빙구간 주의 등 안전에 유념하여 주시기 바랍니다. [김천시],2026-07-08
175,김밥축제 인파 및 교통혼잡 발생,사회재난 > 기타 > 사회재난 안내정보,경북(김천시),2025-10-26 15:13,경상북도 김천시,2025-10-26 15:14,경상북도 김천시,2025-10-26 15:14,00:00:02,"-김밥축제 인파 및 교통혼잡 발생- 일반차량 행사장진입통제(덕천네거리 진입불가)- 셔틀버스 이용(스포츠타운, 녹색미래과학관, KTX역,시청,김천역) [김천시]",2026-07-08
176,지역축제 인파밀집,사회재난 > 기타 > 사회재난 안내정보,경북(김천시),2025-10-26 10:07,경상북도 김천시,2025-10-26 10:07,경상북도 김천시,2025-10-26 10:07,00:00:02,"김밥축제 인파 및 교통혼잡 에상- 일반차량 행사장 진입통제-셔틀버스 이용(스포츠타운, 녹색미래과학관, KTX역, 시청, 김천역)[김천시]",2026-07-08
177,지역축제 인파밀집,사회재난 > 기타 > 사회재난 안내정보,경북(김천시),2025-10-26 09:42,경상북도 김천시,2025-10-26 09:48,경상북도 김천시,2025-10-26 09:48,00:00:02,"- 김밥축제 인파 및 교통혼잡 예상 ▲일반차량 행사장     진입통제 ▲셔틀버스 이용(스포츠타운, 녹색미래과학관,      KTX역, 시청, [김천시]",2026-07-08
178,사회재난 기타 기타재난,사회재난 > 기타 > 기타재난,경북(김천시),2025-10-25 14:31,경상북도 김천시,2025-10-25 14:32,경상북도 김천시,2025-10-25 14:32,00:00:03,"김밥축제 인파 및 교통혼잡 발생 ▲일반차량 행사장진입통제(덕천네거리 진입불가) ▲셔틀버스 이용(스포츠타운, 녹색미래과학관, KTX역, 시청, 김천역)[김천시]",2026-07-08
179,사회재난 기타 기타재난,사회재난 > 기타 > 기타재난,경북(김천시),2025-10-25 09:01,경상북도 김천시,2025-10-25 09:19,경상북도 김천시,2025-10-25 09:19,00:00:03,"김밥축제 인파 및 교통혼잡 예상 ▲일반차량 행사장진입통제▲셔틀버스 이용(스포츠타운, 녹색미래과학관, KTX역, 시청, 김천역) [김천시]",2026-07-08
180,자연재난 폭염 안내정보,자연재난 > 폭염 > 안내정보,경북(김천시),2025-09-17 10:00,경상북도 김천시,2025-09-17 10:02,경상북도 김천시,2025-09-17 10:02,00:00:02,"김천시 폭염특보 발효중, 외출 및 야외작업(논밭,공사장,단순노무 등) 자제, 폭염안전수칙(물,그늘,휴식)준수하여 온열질환 예방 바랍니다. [김천시]",2026-07-08
181,폭염 안내,자연재난 > 폭염,경북(김천시),2025-09-16 14:17,경상북도 김천시,2025-09-16 14:18,경상북도 김천시,2025-09-16 14:18,00:00:02,"폭염 특보 발효 ▲ 물 자주 마시기 ▲ 그늘에서 휴식 ▲ 한낮 야외 작업 절대 자제 ▲ 외출 시 모자, 양산 착용 등 건강 관리에 유의하시기 바랍니다. [김천시]",2026-07-08
182,자연재난 폭염 안내정보,자연재난 > 폭염 > 안내정보,경북(김천시),2025-09-06 12:56,경상북도 김천시,2025-09-06 13:00,경상북도 김천시,2025-09-06 13:00,00:00:02,"폭염 지속 중 ▲ 물 자주 마시기 ▲ 그늘에서 휴식 ▲ 한낮 야외 작업 절대 자제 ▲ 외출 시 모자, 양산 착용 등 건강 관리에 유의하시기 바랍니다. [김천시]",2026-07-08
185,자연재난 폭염 안내정보,자연재난 > 폭염 > 안내정보,경북(김천시),2025-09-06 09:34,경상북도 김천시,2025-09-06 09:35,경상북도 김천시,2025-09-06 09:35,00:00:02,폭염 대비 안전관리 유의 ▲한낮 야외활동 자제 ▲충분한 수분 섭취 ▲야외활동 시 그늘에서 휴식을 취하는 등 건강관리에 유의하시기 바랍니다. [김천시],2026-07-08
186,폭염 안내,자연재난 > 폭염,경북(김천시),2025-09-05 14:04,경상북도 김천시,2025-09-05 14:04,경상북도 김천시,2025-09-05 14:04,00:00:02,"폭염 대비 안전관리 철저 △낮 시간 논·밭,야외작업 자제 △충분히 물을 마시고 그늘에서 휴식을 취하는 등 건강관리에 유의하시기 바랍니다. [김천시]",2026-07-08
187,폭염 안내,자연재난 > 폭염,경북(김천시),2025-09-05 10:20,경상북도 김천시,2025-09-05 10:20,경상북도 김천시,2025-09-05 10:20,00:00:02,"폭염 대비 안전관리 철저 △낮 시간 논·밭,야외작업 자제 △충분히 물을 마시고 그늘에서 휴식을 취하는 등 건강관리에 유의하시기 바랍니다. [김천시]",2026-07-08
188,폭염 안내,자연재난 > 폭염,경북(김천시),2025-09-04 13:52,경상북도 김천시,2025-09-04 13:52,경상북도 김천시,2025-09-04 13:52,00:00:02,"폭염 대비 안전관리 철저 △낮 시간 논·밭,야외작업 자제 △충분히 물을 마시고 그늘에서 휴식을 취하는 등 건강관리에 유의하시기 바랍니다. [김천시]",2026-07-08
189,자연재난 폭염 안내정보,자연재난 > 폭염 > 안내정보,경북(김천시),2025-09-04 10:28,경상북도 김천시,2025-09-04 10:29,경상북도 김천시,2025-09-04 10:29,00:00:02,"폭염 대비 안전관리 철저 △낮 시간 논·밭,야외작업 자제 △충분히 물을 마시고 그늘에서 휴식을 취하는 등 건강관리에 유의하시기 바랍니다. [김천시]",2026-07-08
190,폭염 안내,자연재난 > 폭염,경북(김천시),2025-09-03 14:12,경상북도 김천시,2025-09-03 14:13,경상북도 김천시,2025-09-03 14:13,00:00:02,"폭염 지속 중 ▲ 물 자주 마시기 ▲ 그늘에서 휴식 ▲ 한낮 야외 작업 절대 자제 ▲ 외출 시 모자, 양산 착용 등 건강 관리에 유의하시기 바랍니다. [김천시]",2026-07-08
191,폭염 안내,자연재난 > 폭염,경북(김천시),2025-09-03 10:02,경상북도 김천시,2025-09-03 10:03,경상북도 김천시,2025-09-03 10:03,00:00:03,"폭염 지속 중 ▲ 물 자주 마시기 ▲ 그늘에서 휴식 ▲ 한낮 야외 작업 절대 자제 ▲ 외출 시 모자, 양산 착용 등 건강 관리에 유의하시기 바랍니다. [김천시]",2026-07-08
192,폭염 안내,자연재난 > 폭염,경북(김천시),2025-09-01 13:55,경상북도 김천시,2025-09-01 13:56,경상북도 김천시,2025-09-01 13:56,00:00:03,"폭염 지속 중 ▲ 물 자주 마시기 ▲ 그늘에서 휴식 ▲ 한낮 야외 작업 절대 자제 ▲ 외출 시 모자, 양산 착용 등 건강 관리에 유의하시기 바랍니다. [김천시]",2026-07-08
193,폭염 안내,자연재난 > 폭염,경북(김천시),2025-09-01 10:21,경상북도 김천시,2025-09-01 10:21,경상북도 김천시,2025-09-01 10:21,00:00:03,"폭염 지속 중 ▲ 물 자주 마시기 ▲ 그늘에서 휴식 ▲ 한낮 야외 작업 절대 자제 ▲ 외출 시 모자, 양산 착용 등 건강 관리에 유의하시기 바랍니다. [김천시]",2026-07-08
194,호우 안내,자연재난 > 호우 > 사전대비1,경북(김천시),2025-08-31 13:32,경상북도 김천시,2025-08-31 13:33,경상북도 김천시,2025-08-31 13:33,00:00:03,"김천시 일부지역 천둥 번개를 동반한 게릴라성 호우 중. 지하차도, 급경사지, 하천변 등 위험지역 접근을 피하시기 바랍니다.[김천시]",2026-07-08
195,폭염 안내,자연재난 > 폭염,경북(김천시),2025-08-31 10:03,경상북도 김천시,2025-08-31 10:03,경상북도 김천시,2025-08-31 10:03,00:00:10,"폭염 지속 중 ▲ 물 자주 마시기 ▲ 그늘에서 휴식 ▲ 한낮 야외 작업 절대 자제 ▲ 외출 시 모자, 양산 착용 등 건강 관리에 유의하시기 바랍니다. [김천시]",2026-07-08
196,자연재난 폭염,자연재난 > 폭염,경북(김천시),2025-08-30 13:31,경상북도 김천시,2025-08-30 13:32,경상북도 김천시,2025-08-30 13:32,00:00:02,"폭염 지속 중 ▲ 물 자주 마시기 ▲ 그늘에서 휴식 ▲ 한낮 야외 작업 절대 자제 ▲ 외출 시 모자, 양산 착용 등 건강 관리에 유의하시기 바랍니다. [김천시]",2026-07-08
197,자연재난 폭염,자연재난 > 폭염,경북(김천시),2025-08-30 09:06,경상북도 김천시,2025-08-30 09:16,경상북도 김천시,2025-08-30 09:16,00:00:02,"폭염 지속 중 ▲ 물 자주 마시기 ▲ 그늘에서 휴식 ▲ 한낮 야외 작업 절대 자제 ▲ 외출 시 모자, 양산 착용 등 건강 관리에 유의하시기 바랍니다. [김천시]",2026-07-08
198,폭염 안내,자연재난 > 폭염,경북(김천시),2025-08-29 14:18,경상북도 김천시,2025-08-29 14:19,경상북도 김천시,2025-08-29 14:19,00:00:03,"폭염 지속 중 ▲ 물 자주 마시기 ▲ 그늘에서 휴식 ▲ 한낮 야외 작업 절대 자제 ▲ 외출 시 모자, 양산 착용 등 건강 관리에 유의하시기 바랍니다. [김천시]",2026-07-08
199,폭염 안내,자연재난 > 폭염,경북(김천시),2025-08-29 10:02,경상북도 김천시,2025-08-29 10:02,경상북도 김천시,2025-08-29 10:02,00:00:02,"폭염 지속 중 ▲ 물 자주 마시기 ▲ 그늘에서 휴식 ▲ 한낮 야외 작업 절대 자제 ▲ 외출 시 모자, 양산 착용 등 건강 관리에 유의하시기 바랍니다. [김천시]",2026-07-08
200,[기상특보] 폭염경보 변경에 의한 발표 (주간),기상특보 > 폭염 > 경보 > 변경에 의한 발표,"부산(중구,서구,동구,영도구,부산진구,동래구,남구,북구,해운대구,사하구,금정구,강서구,연제구,수영구,사상구,기장군),대구(전체),울산(중구,남구,동구,북구,울주군),충남(공주시,아산시),경북(포항시 남구,포항시 북구,경주시,김천시,안동시,구미시,영천시,경산시,의성군,성주군,칠곡군),경남(진주시,의령군,함안군,산청군)",2025-08-29 09:57,행정안전부,2025-08-29 09:58,행정안전부,2025-08-29 09:58,00:00:03,오늘 11:00 폭염경보. 야외 활동을 자제하세요. 충분히 물을 마시고 그늘에서 휴식을 취하는 등 건강관리에 유의하세요. [행정안전부],2026-07-08
201,자연재난 폭염 안내정보,자연재난 > 폭염 > 안내정보,경북(김천시),2025-08-28 14:44,경상북도 김천시,2025-08-28 14:45,경상북도 김천시,2025-08-28 14:45,00:00:03,"폭염 지속 중 ▲ 물 자주 마시기 ▲ 그늘에서 휴식 ▲ 한낮 야외 작업 절대 자제 ▲ 외출 시 모자, 양산 착용 등 건강 관리에 유의하시기 바랍니다. [김천시]",2026-07-08
202,자연재난 폭염 안내정보,자연재난 > 폭염 > 안내정보,경북(김천시),2025-08-28 10:25,경상북도 김천시,2025-08-28 10:26,경상북도 김천시,2025-08-28 10:26,00:00:02,"연일 무더위가 지속되고 있습니다. ▲야외작업(논밭작업, 공사현장 등) 자제▲충분한 수분섭취 및 휴식▲이웃간 안부확인 등 안전에 유의바랍니다. [김천시]",2026-07-08
203,자연재난 폭염,자연재난 > 폭염,경북(김천시),2025-08-27 13:59,경상북도 김천시,2025-08-27 14:00,경상북도 김천시,2025-08-27 14:00,00:00:03,무더운 날씨가 지속되고 있습니다. △12시~17시 논·밭 작업 및 외출 자제 △야외활동 시 그늘에서 휴식을 취하는 등 건강관리에 유의하시기 바랍니다. [김천시],2026-07-08
204,자연재난 폭염 안내정보,자연재난 > 폭염 > 안내정보,경북(김천시),2025-08-27 10:50,경상북도 김천시,2025-08-27 10:50,경상북도 김천시,2025-08-27 10:50,00:00:02,무더운 날씨가 지속되고 있습니다. △12시~17시 논·밭 작업 및 외출 자제 △야외활동 시 그늘에서 휴식을 취하는 등 건강관리에 유의하시기 바랍니다. [김천시],2026-07-08
205,폭염 안내,자연재난 > 폭염,경북(김천시),2025-08-26 14:09,경상북도 김천시,2025-08-26 14:10,경상북도 김천시,2025-08-26 14:10,00:00:02,"무더운 날이 지속되고 있습니다. △무더위 취약시간대 야외활동, 실외작업 자제 △폭염안전수칙(물,그늘,휴식) 준수 등 건강관리에 유의하시기 바랍니다. [김천시]",2026-07-08
206,자연재난 폭염,자연재난 > 폭염,경북(김천시),2025-08-26 09:58,경상북도 김천시,2025-08-26 09:59,경상북도 김천시,2025-08-26 09:59,00:00:03,"무더운 날이 지속되고 있습니다. △무더위 취약시간대 야외활동, 실외작업 자제 △폭염안전수칙(물,그늘,휴식) 준수 등 건강관리에 유의하시기 바랍니다. [김천시]",2026-07-08
207,폭염 안내,자연재난 > 폭염,경북(김천시),2025-08-25 14:10,경상북도 김천시,2025-08-25 14:10,경상북도 김천시,2025-08-25 14:10,00:00:03,"무더운 날이 지속되고 있습니다. △무더위 취약시간대 야외활동, 실외작업 자제 △폭염안전수칙(물,그늘,휴식) 준수 등 건강관리에 유의하시기 바랍니다. [김천시]",2026-07-08
208,사회재난 고속도로 사고 안내정보,사회재난 > 교통사고 > 고속철도 대형사고 > 안내정보,경북(김천시),2025-08-25 11:15,경상북도 김천시,2025-08-25 11:16,경상북도 김천시,2025-08-25 11:16,00:00:02,"오늘 11:00경 경부고속도로(부산방면) 김천 봉산졸음쉼터 200m 전 1차로 화물차 교통사고 발생. 전면주시 철저, 서행운전 하시기 바랍니다[김천시청]",2026-07-08
209,폭염 안내,자연재난 > 폭염,경북(김천시),2025-08-25 10:25,경상북도 김천시,2025-08-25 10:25,경상북도 김천시,2025-08-25 10:25,00:00:02,"무더운 날이 지속되고 있습니다. △무더위 취약시간대 야외활동, 실외작업 자제 △폭염안전수칙(물,그늘,휴식) 준수 등 건강관리에 유의하시기 바랍니다. [김천시]",2026-07-08
210,폭염 안내,자연재난 > 폭염,경북(김천시),2025-08-24 13:55,경상북도 김천시,2025-08-24 13:55,경상북도 김천시,2025-08-24 13:55,00:00:02,"무더운 날이 지속되고 있습니다. △무더위 취약시간대 야외활동, 실외작업 자제 △폭염안전수칙(물,그늘,휴식) 준수 등 건강관리에 유의하시기 바랍니다. [김천시]",2026-07-08
211,폭염 안내,자연재난 > 폭염,경북(김천시),2025-08-24 10:10,경상북도 김천시,2025-08-24 10:11,경상북도 김천시,2025-08-24 10:11,00:00:02,"무더운 날이 지속되고 있습니다. △무더위 취약시간대 야외활동, 실외작업 자제 △폭염안전수칙(물,그늘,휴식) 준수 등 건강관리에 유의하시기 바랍니다. [김천시]",2026-07-08
212,자연재난 폭염,자연재난 > 폭염,경북(김천시),2025-08-23 14:02,경상북도 김천시,2025-08-23 14:03,경상북도 김천시,2025-08-23 14:03,00:00:12,"무더운 날이 지속되고 있습니다. △무더위 취약시간대 야외활동, 실외작업 자제 △폭염안전수칙(물,그늘,휴식) 준수 등 건강관리에 유의하시기 바랍니다. [김천시]",2026-07-08
213,자연재난 폭염,자연재난 > 폭염,경북(김천시),2025-08-23 09:58,경상북도 김천시,2025-08-23 09:59,경상북도 김천시,2025-08-23 10:00,00:00:23,"무더운 날이 지속되고 있습니다. △무더위 취약시간대 야외활동, 실외작업 자제 △폭염안전수칙(물,그늘,휴식) 준수 등 건강관리에 유의하시기 바랍니다. [김천시]",2026-07-08
214,폭염 안내,자연재난 > 폭염,경북(김천시),2025-08-22 14:06,경상북도 김천시,2025-08-22 14:06,경상북도 김천시,2025-08-22 14:06,00:00:02,"무더운 날이 지속되고 있습니다. △무더위 취약시간대 야외활동, 실외작업 자제 △폭염안전수칙(물,그늘,휴식) 준수 등 건강관리에 유의하시기 바랍니다. [김천시]",2026-07-08
215,폭염 안내,자연재난 > 폭염,경북(김천시),2025-08-22 10:03,경상북도 김천시,2025-08-22 10:03,경상북도 김천시,2025-08-22 10:03,00:00:02,"무더운 날이 지속되고 있습니다. △무더위 취약시간대 야외활동, 실외작업 자제 △폭염안전수칙(물,그늘,휴식) 준수 등 건강관리에 유의하시기 바랍니다. [김천시]",2026-07-08
216,폭염 안내,자연재난 > 폭염,경북(김천시),2025-08-21 13:56,경상북도 김천시,2025-08-21 13:57,경상북도 김천시,2025-08-21 13:57,00:00:02,"무더운 날이 지속되고 있습니다. △무더위 취약시간대 야외활동, 실외작업 자제 △폭염안전수칙(물,그늘,휴식) 준수 등 건강관리에 유의하시기 바랍니다. [김천시]",2026-07-08
217,폭염 안내,자연재난 > 폭염,경북(김천시),2025-08-21 09:56,경상북도 김천시,2025-08-21 09:57,경상북도 김천시,2025-08-21 09:57,00:00:02,"무더운 날이 지속되고 있습니다. △무더위 취약시간대 야외활동, 실외작업 자제 △폭염안전수칙(물,그늘,휴식) 준수 등 건강관리에 유의하시기 바랍니다. [김천시]",2026-07-08
218,민방위 훈련 경보해제 ,사회재난 > 경계 공습 화생방 경보 > 경보해제 > 해제(탄도탄),"부산(전체),대구(전체),광주(동구,서구,남구),울산(중구,남구,동구,북구),전남(목포시,여수시,순천시,곡성군,고흥군,보성군,장흥군,강진군,해남군,영암군,무안군,장성군,완도군,진도군),경북(포항시 남구,포항시 북구,경주시,김천시,구미시,영주시,영천시,상주시,문경시,경산시,고령군,성주군,칠곡군,예천군,봉화군,울진군,울릉군),경남(창원시 의창구,창원시 성산구,창원시 마산합포구,창원시 마산회원구,창원시 진해구,통영시,사천시,김해시,거제시,양산시,함안군,창녕군,고성군,남해군),제주(전체),전북(전체)",2025-08-20 14:18,행정안전부,2025-08-20 14:20,행정안전부,2025-08-20 14:20,00:00:06,"14:20 훈련경보 해제, 국민 여러분께서는 일상으로 돌아가시기 바랍니다. [행정안전부]",2026-07-08
219,민방위 훈련 경계경보,사회재난 > 경계 공습 화생방 경보 > 경계경보 > 발령(탄도탄),"부산(전체),대구(전체),광주(동구,서구,남구),울산(중구,남구,동구,북구),전남(목포시,여수시,순천시,곡성군,고흥군,보성군,장흥군,강진군,해남군,영암군,무안군,장성군,완도군,진도군),경북(포항시 남구,포항시 북구,경주시,김천시,구미시,영주시,영천시,상주시,문경시,경산시,고령군,성주군,칠곡군,예천군,봉화군,울진군,울릉군),경남(창원시 의창구,창원시 성산구,창원시 마산합포구,창원시 마산회원구,창원시 진해구,통영시,사천시,김해시,거제시,양산시,함안군,창녕군,고성군,남해군),제주(전체),전북(전체)",2025-08-20 14:09,행정안전부,2025-08-20 14:15,행정안전부,2025-08-20 14:15,00:00:03,"14:15 훈련 경계경보 발령, 현 시간부로 국민 여러분께서는 이동이 가능함을 알려드립니다. [행정안전부]",2026-07-08
220,민방위 훈련 공습경보 ,사회재난 > 경계 공습 화생방 경보 > 공습경보 > 발령(탄도탄),"부산(전체),대구(전체),광주(동구,서구,남구),울산(중구,남구,동구,북구),전남(목포시,여수시,순천시,곡성군,고흥군,보성군,장흥군,강진군,해남군,영암군,무안군,장성군,완도군,진도군),경북(포항시 남구,포항시 북구,경주시,김천시,구미시,영주시,영천시,상주시,문경시,경산시,고령군,성주군,칠곡군,예천군,봉화군,울진군,울릉군),경남(창원시 의창구,창원시 성산구,창원시 마산합포구,창원시 마산회원구,창원시 진해구,통영시,사천시,김해시,거제시,양산시,함안군,창녕군,고성군,남해군),제주(전체),전북(전체)",2025-08-20 13:55,행정안전부,2025-08-20 14:00,행정안전부,2025-08-20 14:00,00:00:31,"14:00 훈련 공습경보 발령, 가까운 대피소나 지하공간으로 대피바랍니다. 차량운전자는 소방차, 앰뷸런스 길터주기에 동참하여 주시기 바랍니다.[행정안전부]",2026-07-08
221,자연재난 폭염 안내정보,자연재난 > 폭염 > 안내정보,경북(김천시),2025-08-20 13:38,경상북도 김천시,2025-08-20 13:39,경상북도 김천시,2025-08-20 13:39,00:00:02,"무더운 날이 지속되고 있습니다. △무더위 취약시간대 야외활동, 실외작업 자제 △폭염안전수칙(물,그늘,휴식) 준수 등 건강관리에 유의하시기 바랍니다. [김천시]",2026-07-08
222,자연재난 폭염 안내정보,자연재난 > 폭염 > 안내정보,경북(김천시),2025-08-20 10:07,경상북도 김천시,2025-08-20 10:08,경상북도 김천시,2025-08-20 10:08,00:00:02,"폭염 대비 안전관리 철저 △낮 시간 논·밭,야외작업 자제 △충분히 물을 마시고 그늘에서 휴식을 취하는 등 건강관리에 유의하시기 바랍니다. [김천시]",2026-07-08
223,민방위 훈련 사전안내,사회재난 > 경계 공습 화생방 경보 > 공습경보 > 발령(탄도탄),"부산(전체),대구(전체),광주(동구,서구,남구),울산(중구,남구,동구,북구),전남(목포시,여수시,순천시,곡성군,고흥군,보성군,장흥군,강진군,해남군,영암군,무안군,장성군,완도군,진도군),경북(포항시 남구,포항시 북구,경주시,김천시,구미시,영주시,영천시,상주시,문경시,경산시,고령군,성주군,칠곡군,예천군,봉화군,울진군,울릉군),경남(창원시 의창구,창원시 성산구,창원시 마산합포구,창원시 마산회원구,창원시 진해구,통영시,사천시,김해시,거제시,양산시,함안군,창녕군,고성군,남해군),제주(전체),전북(전체)",2025-08-20 09:53,행정안전부,2025-08-20 10:00,행정안전부,2025-08-20 10:00,00:00:21,"오늘 오후 2시 민방위훈련. 소방차, 앰뷸런스 길터주기 참여 바랍니다.(Civil Defense Exercise, August 20, 2pm) [행정안전부]",2026-07-08
224,자연재난 폭염 안내정보,자연재난 > 폭염 > 안내정보,경북(김천시),2025-08-19 14:02,경상북도 김천시,2025-08-19 14:02,경상북도 김천시,2025-08-19 14:02,00:00:03,"지속된 폭염으로 온열질환 위험이 높습니다. 낮 시간 외출 및 야외 작업을 자제하시고, 충분한 수분 섭취와 휴식으로 건강관리에 유의하시기 바랍니다. [김천시]",2026-07-08
225,민방위 훈련 사전안내,사회재난 > 경계 공습 화생방 경보 > 공습경보 > 발령(탄도탄),"부산(전체),대구(전체),광주(동구,서구,남구),울산(중구,남구,동구,북구),전남(목포시,여수시,순천시,곡성군,고흥군,보성군,장흥군,강진군,해남군,영암군,무안군,장성군,완도군,진도군),경북(포항시 남구,포항시 북구,경주시,김천시,구미시,영주시,영천시,상주시,문경시,경산시,고령군,성주군,칠곡군,예천군,봉화군,울진군,울릉군),경남(창원시 의창구,창원시 성산구,창원시 마산합포구,창원시 마산회원구,창원시 진해구,통영시,사천시,김해시,거제시,양산시,함안군,창녕군,고성군,남해군),제주(전체),전북(전체)",2025-08-19 13:33,행정안전부,2025-08-19 14:00,행정안전부,2025-08-19 14:00,00:00:12,"내일 오후 2시 민방위훈련. 소방차, 앰뷸런스 길 터주기 참여 바랍니다.(Civil Defense Exercise, August 20, 2pm) [행정안전부]",2026-07-08
226,폭염 안내,자연재난 > 폭염,경북(김천시),2025-08-19 10:07,경상북도 김천시,2025-08-19 10:07,경상북도 김천시,2025-08-19 10:07,00:00:02,"무더운 날이 지속되고 있습니다. △무더위 취약시간대 야외활동, 실외작업 자제 △폭염안전수칙(물,그늘,휴식) 준수 등 건강관리에 유의하시기 바랍니다. [김천시]",2026-07-08
227,폭염 안내,자연재난 > 폭염,경북(김천시),2025-08-18 14:08,경상북도 김천시,2025-08-18 14:08,경상북도 김천시,2025-08-18 14:08,00:00:02,"무더운 날이 지속되고 있습니다. △무더위 취약시간대 야외활동, 실외작업 자제 △폭염안전수칙(물,그늘,휴식) 준수 등 건강관리에 유의하시기 바랍니다. [김천시]",2026-07-08
228,폭염 안내,자연재난 > 폭염,경북(김천시),2025-08-18 11:36,경상북도 김천시,2025-08-18 11:36,경상북도 김천시,2025-08-18 11:36,00:00:03,"무더운 날이 지속되고 있습니다. △무더위 취약시간대 야외활동, 실외작업 자제 △폭염안전수칙(물,그늘,휴식) 준수 등 건강관리에 유의하시기 바랍니다. [김천시]",2026-07-08
229,자연재난 폭염,자연재난 > 폭염,경북(김천시),2025-08-17 13:34,경상북도 김천시,2025-08-17 13:36,경상북도 김천시,2025-08-17 13:36,00:00:02,"폭염으로 온열질환 위험 증가▲외출 시 양산, 모자 착용▲충분한 수분 섭취▲그늘에서 휴식▲야외활동 자제 등 개인 건강 관리에 유의하여 주시기 바랍니다. [김천시]",2026-07-08
230,자연재난 폭염,자연재난 > 폭염,경북(김천시),2025-08-17 09:07,경상북도 김천시,2025-08-17 09:30,경상북도 김천시,2025-08-17 09:30,00:00:02,"폭염으로 온열질환 위험 증가▲외출 시 양산, 모자 착용▲충분한 수분 섭취▲그늘에서 휴식▲야외활동 자제 등 개인 건강 관리에 유의하여 주시기 바랍니다. [김천시]",2026-07-08
231,자연재난 폭염,자연재난 > 폭염,경북(김천시),2025-08-16 14:06,경상북도 김천시,2025-08-16 14:06,경상북도 김천시,2025-08-16 14:06,00:00:02,"폭염으로 온열질환 위험 증가▲외출 시 양산, 모자 착용▲충분한 수분 섭취▲그늘에서 휴식▲야외활동 자제 등 개인 건강 관리에 유의하여 주시기 바랍니다. [김천시]",2026-07-08
232,자연재난 폭염,자연재난 > 폭염,경북(김천시),2025-08-16 10:12,경상북도 김천시,2025-08-16 10:13,경상북도 김천시,2025-08-16 10:13,00:00:02,"폭염으로 온열질환 위험 증가▲외출 시 양산, 모자 착용▲충분한 수분 섭취▲그늘에서 휴식▲야외활동 자제 등 개인 건강 관리에 유의하여 주시기 바랍니다. [김천시]",2026-07-08
233,자연재난 폭염 안내정보,자연재난 > 폭염 > 안내정보,경북(김천시),2025-08-15 13:51,경상북도 김천시,2025-08-15 13:59,경상북도 김천시,2025-08-15 13:59,00:00:06,"폭염으로 온열질환 위험 증가▲외출 시 양산, 모자 착용▲충분한 수분 섭취▲그늘에서 휴식▲야외활동 자제 등 개인 건강 관리에 유의하여 주시기 바랍니다. [김천시]",2026-07-08
234,자연재난 폭염 안내정보,자연재난 > 폭염 > 안내정보,경북(김천시),2025-08-15 09:55,경상북도 김천시,2025-08-15 10:00,경상북도 김천시,2025-08-15 10:01,00:00:45,"무더위가 지속되고 있습니다. 외출 및 야외작업(논밭,공사장,단순노무 등) 자제, 폭염안전수칙(물,그늘,휴식)준수 등으로 온열질환을 예방하시기 바랍니다. [김천시]",2026-07-08
235,[기상특보] 폭염경보 변경에 의한 발표 (주간),기상특보 > 폭염 > 경보 > 변경에 의한 발표,"경북(김천시,영천시,상주시,청도군,고령군),제주(서귀포시)",2025-08-15 09:57,행정안전부,2025-08-15 09:58,행정안전부,2025-08-15 09:58,00:00:02,오늘 11:00 폭염경보. 야외 활동을 자제하세요. 충분히 물을 마시고 그늘에서 휴식을 취하는 등 건강관리에 유의하세요. [행정안전부],2026-07-08
236,폭염 안내,자연재난 > 폭염,경북(김천시),2025-08-14 13:59,경상북도 김천시,2025-08-14 14:00,경상북도 김천시,2025-08-14 14:00,00:00:02,"무더운 날이 지속될 예정입니다. △무더위 취약시간대 야외활동, 실외작업 자제 △폭염안전수칙(물,그늘,휴식) 준수 등 건강관리에 유의하시기 바랍니다. [김천시]",2026-07-08
237,민방위문자 점검,사회재난 > 경계 공습 화생방 경보 > 공습경보 > 발령(탄도탄),"부산(전체),대구(전체),광주(동구,서구,남구),울산(중구,남구,동구,북구),전남(목포시,여수시,순천시,곡성군,고흥군,보성군,장흥군,강진군,해남군,영암군,무안군,장성군,완도군,진도군),경북(포항시 남구,포항시 북구,경주시,김천시,구미시,영주시,영천시,상주시,문경시,경산시,고령군,성주군,칠곡군,예천군,봉화군,울진군,울릉군),경남(창원시 의창구,창원시 성산구,창원시 마산합포구,창원시 마산회원구,창원시 진해구,통영시,사천시,김해시,거제시,양산시,함안군,창녕군,고성군,남해군),제주(전체),전북(전체)",2025-08-14 12:36,행정안전부,2025-08-14 13:23,행정안전부,2025-08-14 13:23,00:00:03,"금일 오후 2시 민방위훈련, 소방차, 앰뷸런스 길 터주기 참여 바랍니다.(Civil Defense Exercise, August 20, 2pm)[행정안전부]",2026-07-08
238,폭염 안내,자연재난 > 폭염,경북(김천시),2025-08-14 10:56,경상북도 김천시,2025-08-14 10:56,경상북도 김천시,2025-08-14 10:56,00:00:03,"무더운 날이 지속될 예정입니다. △무더위 취약시간대 야외활동, 실외작업 자제 △폭염안전수칙(물,그늘,휴식) 준수 등 건강관리에 유의하시기 바랍니다. [김천시]",2026-07-08
239,폭염 안내,자연재난 > 폭염,경북(김천시),2025-08-13 14:06,경상북도 김천시,2025-08-13 14:07,경상북도 김천시,2025-08-13 14:07,00:00:03,"무더운 날이 지속될 예정입니다. △무더위 취약시간대 야외활동, 실외작업 자제 △폭염안전수칙(물,그늘,휴식) 준수 등 건강관리에 유의하시기 바랍니다. [김천시]",2026-07-08
240,폭염 안내,자연재난 > 폭염,경북(김천시),2025-08-13 10:16,경상북도 김천시,2025-08-13 10:16,경상북도 김천시,2025-08-13 10:16,00:00:03,"김천시 폭염주의보 발효. △무더위 취약시간대 야외활동, 실외작업 자제 △폭염안전수칙(물,그늘,휴식) 준수 등 건강관리에 유의하시기 바랍니다. [김천시]",2026-07-08
241,자연재난 호우 안내정보,자연재난 > 호우 > 안내정보,"경북(포항시 남구,포항시 북구,경주시,김천시,구미시,영천시,경산시,청도군,고령군,성주군,칠곡군)",2025-08-09 20:07,경상북도,2025-08-09 20:09,경상북도,2025-08-09 20:09,00:00:03,늦은 밤부터 내일 아침까지 경북 남부에 많은 비가 예고되어 있습니다. 하천변 야영객 및 차박 행락객 등은 강우 전 안전한 곳으로 이동하시기 바랍니다.[경상북도],2026-07-08
242,폭염 안내,자연재난 > 폭염,경북(김천시),2025-08-08 13:55,경상북도 김천시,2025-08-08 13:56,경상북도 김천시,2025-08-08 13:56,00:00:02,"무더운 날씨가 지속되고 있습니다. △무더위 취약시간대 야외활동, 실외작업 자제 △폭염안전수칙(물,그늘,휴식) 준수 등 건강관리에 유의하시기 바랍니다. [김천시]",2026-07-08
243,폭염 안내,자연재난 > 폭염,경북(김천시),2025-08-07 14:47,경상북도 김천시,2025-08-07 14:48,경상북도 김천시,2025-08-07 14:48,00:00:03,"무더운 날씨가 지속되고 있습니다. △무더위 취약시간대 야외활동, 실외작업 자제 △폭염안전수칙(물,그늘,휴식) 준수 등 건강관리에 유의하시기 바랍니다. [김천시]",2026-07-08
244,폭염 안내,자연재난 > 폭염,경북(김천시),2025-08-07 10:06,경상북도 김천시,2025-08-07 10:06,경상북도 김천시,2025-08-07 10:07,00:00:02,"무더운 날씨가 지속되고 있습니다. △무더위 취약시간대 야외활동, 실외작업 자제 △폭염안전수칙(물,그늘,휴식) 준수 등 건강관리에 유의하시기 바랍니다. [김천시]",2026-07-08
245,폭염 안내,자연재난 > 폭염,경북(김천시),2025-08-06 14:25,경상북도 김천시,2025-08-06 14:25,경상북도 김천시,2025-08-06 14:25,00:00:02,"무더운 날씨가 지속되고 있습니다. △13시~17시 논·밭 작업 및 외출 자제 △야외활동 시 수분 섭취, 그늘에서 휴식 등 건강관리에 유의하세요.[김천시]",2026-07-08
246,폭염 안내,자연재난 > 폭염,경북(김천시),2025-08-06 09:55,경상북도 김천시,2025-08-06 09:55,경상북도 김천시,2025-08-06 09:55,00:00:03,"무더운 날씨가 지속되고 있습니다. △13시~17시 논·밭 작업 및 외출 자제 △야외활동 시 수분 섭취, 그늘에서 휴식 등 건강관리에 유의하세요.[김천시]",2026-07-08
247,폭염 안내,자연재난 > 폭염,경북(김천시),2025-08-05 14:25,경상북도 김천시,2025-08-05 14:25,경상북도 김천시,2025-08-05 14:25,00:00:03,호우 후 높은 습도로 무더운 날씨가 예보되고 있습니다. △13시~17시 논·밭 작업 및 외출 자제 △야외활동 시 그늘에서 휴식 등 건강관리에 유의하세요.[김천시],2026-07-08
248,[기상특보] 폭염경보 변경에 의한 발표 (주간),기상특보 > 폭염 > 경보 > 변경에 의한 발표,"부산(중구,서구,동구,영도구,부산진구,동래구,북구,사하구,금정구,강서구,연제구,사상구),대구(군위군),경북(경주시,김천시,구미시,영천시,경산시,의성군,영덕군,성주군,칠곡군,예천군),경남(진주시,김해시,양산시,의령군,함안군,창녕군,산청군,함양군,합천군),제주(전체)",2025-08-05 10:03,행정안전부,2025-08-05 10:03,행정안전부,2025-08-05 10:03,00:00:02,오늘 11:00 폭염경보. 야외 활동을 자제하세요. 충분히 물을 마시고 그늘에서 휴식을 취하는 등 건강관리에 유의하세요. [행정안전부],2026-07-08
249,폭염 안내,자연재난 > 폭염,경북(김천시),2025-08-05 10:02,경상북도 김천시,2025-08-05 10:02,경상북도 김천시,2025-08-05 10:03,00:00:03,호우 후 높은 습도로 무더운 날씨가 예보되고 있습니다. △13시~17시 논·밭 작업 및 외출 자제 △야외활동 시 그늘에서 휴식 등 건강관리에 유의하세요.[김천시],2026-07-08
250,폭염 안내,자연재난 > 폭염,경북(김천시),2025-08-04 14:32,경상북도 김천시,2025-08-04 14:32,경상북도 김천시,2025-08-04 14:33,00:00:02,호우 후 높은 습도로 무더운 날씨가 예보되고 있습니다. △13시~17시 논·밭 작업 및 외출 자제 △야외활동 시 그늘에서 휴식 등 건강관리에 유의하세요.[김천시],2026-07-08
251,자연재난 산사태(주의단계),자연재난 > 산사태 > 주의단계,경북(김천시),2025-08-04 00:56,경상북도 김천시,2025-08-04 00:58,경상북도 김천시,2025-08-04 00:58,00:00:03,"00:50 기준 관내 산사태주의보 발령, 산림 주변 위험지역 접근 금지 및 위험징후 시 안전한 곳으로 즉시 대피하시기 바랍니다. [김천시]",2026-07-08
252,호우 안내,자연재난 > 호우 > 사전대비1,경북(김천시),2025-08-04 00:00,경상북도 김천시,2025-08-04 00:01,경상북도 김천시,2025-08-04 00:01,00:00:02,"김천시 호우주의보 발효. 되도록 외출을 자제하시고 지하차도, 급경사지, 하천변 등 위험지역 접근을 피하시기 바랍니다.[김천시]",2026-07-08
253,자연재난 폭염 안내정보,자연재난 > 폭염 > 안내정보,경북(김천시),2025-08-03 13:47,경상북도 김천시,2025-08-03 14:00,경상북도 김천시,2025-08-03 14:00,00:00:05,"높은 습도와 무더위로 온열질환 우려▲취약시간대 논밭·영농작업, 실외작업, 외출·야외활동 자제▲폭염안전수칙(물,휴식,그늘) 준수 등 건강관리에 유의하세요.[김천시]",2026-07-08
254,자연재난 폭염 안내정보,자연재난 > 폭염 > 안내정보,경북(김천시),2025-08-03 09:59,경상북도 김천시,2025-08-03 10:00,경상북도 김천시,2025-08-03 10:00,00:00:33,고온 다습한 폭염에 주의하시어 ▲낮 시간대 야외 활동 자제 ▲충분한 수분 섭취 ▲그늘에서 휴식 등으로 온열질환을 예방하시기 바랍니다. [김천시],2026-07-08
255,자연재난 폭염,자연재난 > 폭염,경북(김천시),2025-08-02 14:00,경상북도 김천시,2025-08-02 14:01,경상북도 김천시,2025-08-02 14:01,00:00:37,폭염 대비 안전 관리 유의 △13시~17시 논·밭 작업 및 외출 자제 △야외활동 시 그늘에서 휴식을 취하는 등 건강관리에 유의하시기 바랍니다. [김천시],2026-07-08
256,자연재난 폭염,자연재난 > 폭염,경북(김천시),2025-08-02 10:00,경상북도 김천시,2025-08-02 10:01,경상북도 김천시,2025-08-02 10:02,00:00:14,폭염 대비 안전 관리 유의 △13시~17시 논·밭 작업 및 외출 자제 △야외활동 시 그늘에서 휴식을 취하는 등 건강관리에 유의하시기 바랍니다. [김천시],2026-07-08
257,자연재난 폭염 안내정보,자연재난 > 폭염 > 안내정보,경북(김천시),2025-08-01 13:37,경상북도 김천시,2025-08-01 13:40,경상북도 김천시,2025-08-01 13:40,00:00:03,폭염 대비 안전 관리 유의 △13시~17시 논·밭 작업 및 외출 자제 △야외활동 시 그늘에서 휴식을 취하는 등 건강관리에 유의하시기 바랍니다. [김천시],2026-07-08
258,자연재난 폭염 안내정보,자연재난 > 폭염 > 안내정보,경북(김천시),2025-08-01 10:03,경상북도 김천시,2025-08-01 10:04,경상북도 김천시,2025-08-01 10:04,00:00:12,폭염으로 온열질환 발생 위험이 높으니 ▲낮 시간대 야외활동 자제 ▲야외 작업장 온열질환 예방조치 ▲폭염 안전수칙(물·그늘·휴식)을 준수하시기 바랍니다. [김천시],2026-07-08
259,자연재난 폭염 안내정보,자연재난 > 폭염 > 안내정보,경북(김천시),2025-07-31 13:54,경상북도 김천시,2025-07-31 13:59,경상북도 김천시,2025-07-31 14:00,00:00:27,폭염으로 온열질환 발생 위험이 높으니 ▲낮 시간대 야외활동 자제 ▲야외 작업장 온열질환 예방조치 ▲폭염 안전수칙(물·그늘·휴식)을 준수하시기 바랍니다. [김천시],2026-07-08
260,폭염 안내,자연재난 > 폭염,경북(김천시),2025-07-31 10:24,경상북도 김천시,2025-07-31 10:24,경상북도 김천시,2025-07-31 10:24,00:00:02,폭염으로 온열질환 발생 위험이 높으니 ▲낮 시간대 야외활동 자제 ▲야외 작업장 온열질환 예방조치 ▲폭염 안전수칙(물·그늘·휴식)을 준수하시기 바랍니다. [김천시],2026-07-08
261,폭염 안내,자연재난 > 폭염,경북(김천시),2025-07-30 14:18,경상북도 김천시,2025-07-30 14:18,경상북도 김천시,2025-07-30 14:18,00:00:02,폭염으로 온열질환 발생 위험이 높으니 ▲낮 시간대 야외활동 자제 ▲야외 작업장 온열질환 예방조치 ▲폭염 안전수칙(물·그늘·휴식)을 준수하시기 바랍니다. [김천시],2026-07-08
262,폭염 안내,자연재난 > 폭염,경북(김천시),2025-07-30 10:02,경상북도 김천시,2025-07-30 10:03,경상북도 김천시,2025-07-30 10:03,00:00:03,폭염으로 온열질환 발생 위험이 높으니 ▲낮 시간대 야외활동 자제 ▲야외 작업장 온열질환 예방조치 ▲폭염 안전수칙(물·그늘·휴식)을 준수하시기 바랍니다. [김천시],2026-07-08
263,폭염 안내,자연재난 > 폭염,경북(김천시),2025-07-29 14:16,경상북도 김천시,2025-07-29 14:17,경상북도 김천시,2025-07-29 14:17,00:00:03,폭염으로 온열질환 발생 위험이 높으니 ▲낮 시간대 야외활동 자제 ▲야외 작업장 온열질환 예방조치 ▲폭염 안전수칙(물·그늘·휴식)을 준수하시기 바랍니다. [김천시],2026-07-08
264,폭염 안내,자연재난 > 폭염,경북(김천시),2025-07-29 11:40,경상북도 김천시,2025-07-29 11:40,경상북도 김천시,2025-07-29 11:41,00:00:02,폭염으로 온열질환 발생 위험이 높으니 ▲낮 시간대 야외활동 자제 ▲야외 작업장 온열질환 예방조치 ▲폭염 안전수칙(물·그늘·휴식)을 준수하시기 바랍니다. [김천시],2026-07-08
265,자연재난 폭염 안내정보,자연재난 > 폭염 > 안내정보,경북(김천시),2025-07-28 14:11,경상북도 김천시,2025-07-28 14:12,경상북도 김천시,2025-07-28 14:12,00:00:02,폭염으로 온열질환 발생 위험이 높으니 ▲낮 시간대 야외활동 자제 ▲야외 작업장 온열질환 예방조치 ▲폭염 안전수칙(물·그늘·휴식)을 준수하시기 바랍니다. [김천시],2026-07-08
266,폭염 안내,자연재난 > 폭염,경북(김천시),2025-07-28 10:24,경상북도 김천시,2025-07-28 10:25,경상북도 김천시,2025-07-28 10:25,00:00:02,폭염으로 온열질환 발생 위험이 높으니 ▲낮 시간대 야외활동 자제 ▲야외 작업장 온열질환 예방조치 ▲폭염 안전수칙(물·그늘·휴식)을 준수하시기 바랍니다. [김천시],2026-07-08
267,폭염 안내,자연재난 > 폭염,경북(김천시),2025-07-27 13:58,경상북도 김천시,2025-07-27 13:58,경상북도 김천시,2025-07-27 13:58,00:00:03,폭염으로 온열질환 발생 위험이 높으니 ▲낮 시간대 야외활동 자제 ▲야외 작업장 온열질환 예방조치 ▲폭염 안전수칙(물·그늘·휴식)을 준수하시기 바랍니다. [김천시],2026-07-08
268,폭염 안내,자연재난 > 폭염,경북(김천시),2025-07-27 10:01,경상북도 김천시,2025-07-27 10:02,경상북도 김천시,2025-07-27 10:02,00:00:03,폭염으로 온열질환 발생 위험이 높으니 ▲낮 시간대 야외활동 자제 ▲야외 작업장 온열질환 예방조치 ▲폭염 안전수칙(물·그늘·휴식)을 준수하시기 바랍니다. [김천시],2026-07-08
269,자연재난 폭염,자연재난 > 폭염,경북(김천시),2025-07-26 13:30,경상북도 김천시,2025-07-26 13:31,경상북도 김천시,2025-07-26 13:31,00:00:02,폭염으로 온열질환 발생 위험이 높으니 ▲낮 시간대 야외활동 자제 ▲야외 작업장 온열질환 예방조치 ▲폭염 안전수칙(물·그늘·휴식)을 준수하시기 바랍니다. [김천시],2026-07-08
270,자연재난 폭염,자연재난 > 폭염,경북(김천시),2025-07-26 09:04,경상북도 김천시,2025-07-26 09:24,경상북도 김천시,2025-07-26 09:24,00:00:02,폭염으로 온열질환 발생 위험이 높으니 ▲낮 시간대 야외활동 자제 ▲야외 작업장 온열질환 예방조치 ▲폭염 안전수칙(물·그늘·휴식)을 준수하시기 바랍니다. [김천시],2026-07-08
271,폭염 안내,자연재난 > 폭염,경북(김천시),2025-07-25 14:05,경상북도 김천시,2025-07-25 14:06,경상북도 김천시,2025-07-25 14:06,00:00:03,폭염으로 온열질환 발생 위험이 높으니 ▲낮 시간대 야외활동 자제 ▲야외 작업장 온열질환 예방조치 ▲폭염 안전수칙(물·그늘·휴식)을 준수하시기 바랍니다. [김천시],2026-07-08
272,폭염 안내,자연재난 > 폭염,경북(김천시),2025-07-25 10:44,경상북도 김천시,2025-07-25 10:44,경상북도 김천시,2025-07-25 10:45,00:00:07,폭염으로 온열질환 발생 위험이 높으니 ▲낮 시간대 야외활동 자제 ▲야외 작업장 온열질환 예방조치 ▲폭염 안전수칙(물·그늘·휴식)을 준수하시기 바랍니다. [김천시],2026-07-08
273,폭염 안내,자연재난 > 폭염,경북(김천시),2025-07-24 14:07,경상북도 김천시,2025-07-24 14:08,경상북도 김천시,2025-07-24 14:08,00:00:02,폭염으로 온열질환 발생 위험이 높으니 ▲낮 시간대 야외활동 자제 ▲야외 작업장 온열질환 예방조치 ▲폭염 안전수칙(물·그늘·휴식)을 준수하시기 바랍니다. [김천시],2026-07-08
274,폭염 안내,자연재난 > 폭염,경북(김천시),2025-07-24 09:56,경상북도 김천시,2025-07-24 09:56,경상북도 김천시,2025-07-24 09:56,00:00:02,폭염으로 온열질환 발생 위험이 높으니 ▲낮 시간대 야외활동 자제 ▲야외 작업장 온열질환 예방조치 ▲폭염 안전수칙(물·그늘·휴식)을 준수하시기 바랍니다. [김천시],2026-07-08
275,자연재난 폭염,자연재난 > 폭염,경북(김천시),2025-07-23 14:31,경상북도 김천시,2025-07-23 14:32,경상북도 김천시,2025-07-23 14:32,00:00:02,낮 최고기온 35도 △낮 시간 영농작업 등 실외 활동 자제 △야외활동 시 그늘에서 휴식을 취하는 등 건강관리에 유의하시기 바랍니다. [김천시],2026-07-08
277,자연재난 폭염 안내정보,자연재난 > 폭염 > 안내정보,경북(김천시),2025-07-23 10:26,경상북도 김천시,2025-07-23 10:30,경상북도 김천시,2025-07-23 10:30,00:00:03,폭염으로 온열질환 발생 위험이 높으니 ▲낮 시간대 야외활동 자제 ▲야외 작업장 온열질환 예방조치 ▲폭염 안전수칙(물·그늘·휴식)을 준수하시기 바랍니다. [김천시],2026-07-08
278,폭염 안내,자연재난 > 폭염,경북(김천시),2025-07-22 13:57,경상북도 김천시,2025-07-22 13:57,경상북도 김천시,2025-07-22 13:57,00:00:02,무더운 날씨가 지속되고 있습니다. △13시~17시 논·밭 작업 및 외출 자제 △야외활동 시 그늘에서 휴식을 취하는 등 건강관리에 유의하시기 바랍니다. [김천시],2026-07-08
279,[기상특보] 폭염경보 변경에 의한 발표 (주간),기상특보 > 폭염 > 경보 > 변경에 의한 발표,"대구(전체),광주(전체),대전(전체),경기(여주시),충남(천안시 동남구,천안시 서북구,공주시,보령시,아산시,논산시,당진시,부여군),전남(나주시,담양군,곡성군,고흥군,화순군,해남군,영암군,무안군,함평군,영광군,장성군,신안군),경북(포항시 남구,포항시 북구,김천시,경산시,칠곡군),경남(김해시,창녕군),강원(동해시,삼척시,정선군),전북(전주시 완산구,전주시 덕진구,익산시,정읍시,김제시,완주군,고창군)",2025-07-22 09:58,행정안전부,2025-07-22 10:03,행정안전부,2025-07-22 10:03,00:00:03,오늘 10:00 폭염경보. 야외 활동을 자제하세요. 충분히 물을 마시고 그늘에서 휴식을 취하는 등 건강관리에 유의하세요. [행정안전부],2026-07-08
280,폭염 안내,자연재난 > 폭염,경북(김천시),2025-07-22 10:02,경상북도 김천시,2025-07-22 10:02,경상북도 김천시,2025-07-22 10:02,00:00:02,장마 후 높은 습도로 무더운 날씨가 예보되고 있습니다. △13시~17시 논·밭 작업 및 외출 자제 △야외활동 시 그늘에서 휴식 등 건강관리에 유의하세요.[김천시],2026-07-08
281,호우 안내,자연재난 > 호우 > 사전대비1,경북(김천시),2025-07-21 16:59,경상북도 김천시,2025-07-21 16:59,경상북도 김천시,2025-07-21 16:59,00:00:02,"김천시 일부지역 국지성 소나기에 따른 집중강수. ▲하천주변, 계곡, 급경사지 등 위험지역 접근금지 ▲안전한 곳으로 즉시 대피 등 안전에 유의바랍니다.[김천시]",2026-07-08
282,폭염 안내,자연재난 > 폭염,경북(김천시),2025-07-21 14:13,경상북도 김천시,2025-07-21 14:14,경상북도 김천시,2025-07-21 14:14,00:00:03,장마 후 높은 습도로 무더운 날씨가 예보되고 있습니다. △13시~17시 논·밭 작업 및 외출 자제 △야외활동 시 그늘에서 휴식 등 건강관리에 유의하세요.[김천시],2026-07-08
283,자연재난 호우 안내정보,자연재난 > 호우 > 안내정보,경북(김천시),2025-07-18 18:21,경상북도 김천시,2025-07-18 18:22,경상북도 김천시,2025-07-18 18:22,00:00:02,"우리 지역 오늘 밤부터 내일 새벽까지 많은 비가 예상되오니 야외활동 자제, 위험지역 접근 금지 등 안전에 유의하시기 바랍니다. [김천시]",2026-07-08
284,[기상특보] 호우주의보 발표(출퇴근시간대 통합발령용),기상특보 > 호우 > 주의보 > 발표,경북(김천시),2025-07-18 18:16,행정안전부,2025-07-18 18:17,행정안전부,2025-07-18 18:17,00:00:03,"오늘 18:10 경북(김천) 호우주의보 발령. 하천 주변 산책로, 계곡, 급경사지, 농수로 등 위험지역 출입 금지, 하천 범람에 유의. [행정안전부]",2026-07-08
285,자연재난 호우 안내정보,자연재난 > 호우 > 안내정보,경북(김천시),2025-07-17 13:06,경상북도 김천시,2025-07-17 13:07,경상북도 김천시,2025-07-17 13:08,00:00:11,"호우주의보 발효. 하천 주변, 계곡, 급경사지, 농수로 등 위험지역 출입 금지, 차량 감속 운행 등 안전에 유의바랍니다. [김천시]",2026-07-08
286,자연재난 호우(사전대비1),자연재난 > 호우 > 사전대비1,경북(김천시),2025-07-13 18:07,경상북도 김천시,2025-07-13 18:07,경상북도 김천시,2025-07-13 18:08,00:00:03,호우주의보 발효중. ▲ 야외활동 자제 ▲ 저지대 침수 주의 등 안전에 유의하시기 바랍니다.[김천시],2026-07-08
287,호우 안내,자연재난 > 호우 > 사전대비1,경북(김천시),2025-07-13 15:59,경상북도 김천시,2025-07-13 15:59,경상북도 김천시,2025-07-13 15:59,00:00:03,"김천시 오늘 밤부터 호우예비특보로 많은 비가 올 것으로 예상됩니다. 산간계곡, 하천변, 물놀이장 등 야영객들은 안전한 장소로 대피하여 주시기 바랍니다.[김천시]",2026-07-08
288,폭염 안내,자연재난 > 폭염,경북(김천시),2025-07-13 10:02,경상북도 김천시,2025-07-13 10:03,경상북도 김천시,2025-07-13 10:03,00:00:07,무더운 날씨가 지속되고 있습니다. △14시~17시 논·밭 작업 및 외출 자제 △야외활동 시 그늘에서 휴식을 취하는 등 건강관리에 유의하시기 바랍니다. [김천시],2026-07-08
289,자연재난 폭염,자연재난 > 폭염,경북(김천시),2025-07-12 13:11,경상북도 김천시,2025-07-12 13:12,경상북도 김천시,2025-07-12 13:12,00:00:03,무더운 날씨가 지속되고 있습니다. △14시~17시 논·밭 작업 및 외출 자제 △야외활동 시 그늘에서 휴식을 취하는 등 건강관리에 유의하시기 바랍니다. [김천시],2026-07-08
290,자연재난 폭염,자연재난 > 폭염,경북(김천시),2025-07-12 09:01,경상북도 김천시,2025-07-12 09:03,경상북도 김천시,2025-07-12 09:03,00:00:03,무더운 날씨가 지속되고 있습니다. △논·밭 작업 및 외출 자제 △야외활동 시 그늘에서 휴식을 취하는 등 건강관리에 유의하시기 바랍니다. [김천시],2026-07-08
291,폭염 안내,자연재난 > 폭염,경북(김천시),2025-07-11 14:11,경상북도 김천시,2025-07-11 14:11,경상북도 김천시,2025-07-11 14:11,00:00:03,무더운 날씨가 지속되고 있습니다. △14시~17시 논·밭 작업 및 외출 자제 △야외활동 시 그늘에서 휴식을 취하는 등 건강관리에 유의하시기 바랍니다. [김천시],2026-07-08
292,자연재난 폭염,자연재난 > 폭염,"경북(김천시,안동시,구미시,영주시,영천시,상주시,문경시,경산시,의성군,청도군,고령군,성주군,칠곡군,예천군,봉화군)",2025-07-11 10:15,경상북도,2025-07-11 10:20,경상북도,2025-07-11 10:21,00:00:03,"무더위 연일 지속 중입니다. 논밭 및 야외 작업, 활동 자제, 충분히 물을 마시고 시원한 그늘에서 휴식을 취하는 등 건강관리에 유의하시기 바랍니다. [경상북도]",2026-07-08
293,폭염 안내,자연재난 > 폭염,경북(김천시),2025-07-11 10:00,경상북도 김천시,2025-07-11 10:01,경상북도 김천시,2025-07-11 10:01,00:00:05,무더운 날씨가 지속되고 있습니다. △14시~17시 논·밭 작업 및 외출 자제 △야외활동 시 그늘에서 휴식을 취하는 등 건강관리에 유의하시기 바랍니다. [김천시],2026-07-08
