연번,시군,읍면동,시설종류,시설용도(공공용 시설건물 주용도),민방위대피시설명칭,주소(도로명 주소),주소(지번 주소),대피가능면적(제곱미터),대피 가능인원(명)
1,포항시,연일읍,공공용,주거시설,대림한숲 3차,"포항시 남구 연일읍 유강길10번길 33-4, 37",연일읍 594-3번지,1738,1738
2,포항시,연일읍,공공용,주거시설,대림한숲1차 1P,"포항시 남구 연일읍 유강길9번길 61, 62",연일읍 581-1번지,1653,1653
3,포항시,연일읍,공공용,주거시설,대림한숲1차 3P,"포항시 남구 연일읍 유강길9번길 61, 62",연일읍 581-1번지,13800,13800
4,포항시,연일읍,공공용,주거시설,대림한숲1차 5P,"포항시 남구 연일읍 유강길9번길 61, 62",연일읍 581-1번지,13800,13800
5,포항시,연일읍,공공용,주거시설,대림한숲1차 7P,"포항시 남구 연일읍 유강길9번길 61, 62",연일읍 581-1번지,13800,13800
6,포항시,연일읍,공공용,주거시설,대림한숲1차 9P,"포항시 남구 연일읍 유강길9번길 61, 62",연일읍 581-1번지,13800,13800
7,포항시,장량동,공공용,주거시설,현진에버빌 2단지,"북구 성실로 50(장성동, 현진에버빌2단지아파트)",장성동 1608번지,21560,21560
8,포항시,환여동,공공용,주거시설,해맞이그린빌2단지P1,포항시 북구 환여동 환호로24,환호동 409-1번지,3597,3597
9,포항시,환여동,공공용,주거시설,해맞이그린빌2단지P3,포항시 북구 환여동 환호로24,환호동 296-1,2039,2039
10,포항시,구룡포,공공용,주거시설,해뜨는 마을,포항시 남구 구룡포읍 병포길 124-6,구룡포읍 병포리 122번지,6064,6064
11,포항시,구룡포,공공용,상업시설,여의주타워,포항시 남구 구룡포읍 호미로 225,구룡포읍 962-1번지,2258,2258
12,포항시,연일읍,공공용,주거시설,형산강변타운,포항시 남구 연일읍 연일로 130,연일읍 399번지,1735,1735
13,포항시,연일읍,공공용,상업시설,대협타워,포항시 남구 연일읍 연일로199번길 24,연일읍 8-3번지,216,216
14,포항시,연일읍,공공용,주거시설,대림한숲타운2차(202),포항시 남구 연일읍 유강길9번길 57,연일읍 581번지,7960,7960
15,포항시,연일읍,공공용,주거시설,유강늘푸른마을,포항시 남구 연일읍 유강길9번길 56,연일읍 581-4번지,921,921
16,포항시,연일읍,공공용,주거시설,유강우방(101),포항시 남구 연일읍 유강길 32,연일읍 593-1,2301,2301
17,포항시,연일읍,공공용,주거시설,유강우방타운(102),포항시 남구 연일읍 유강길 32,연일읍 593-1,1093,1093
18,포항시,오천읍,공공용,주거시설,주은리버타운,포항시 남구 오천읍 해병로 283,오천읍 455번지,4231,4231
19,포항시,오천읍,공공용,주거시설,천마타운1차,포항시 남구 오천읍 정몽주로 333,오천읍 1188-242번지,4790,4790
20,포항시,오천읍,공공용,주거시설,용산타운,포항시 남구 오천읍 정몽주로 164,오천읍 313-5번지,1326,1326
21,포항시,효곡동,공공용,주거시설,승리아파트,"포항시 남구 효곡동 지곡로 20, 1동",지곡동 253-6번지,372,372
22,포항시,효곡동,공공용,주거시설,승리아파트,"포항시 남구 효곡동 지곡로 20, 3동",지곡동 253-6번지,372,372
23,포항시,효곡동,공공용,주거시설,낙원아파트,"포항시 남구 효곡동 지곡로 102, 7동",지곡동 110-9번지,492,492
24,포항시,효곡동,공공용,주거시설,낙원아파트,"포항시 남구 효곡동 지곡로 102, 8동",지곡동 110-9번지,492,492
25,포항시,효곡동,공공용,주거시설,낙원아파트,"포항시 남구 효곡동구 지곡로 102, 9동",지곡동 110-9번지,492,492
26,포항시,효곡동,공공용,주거시설,그린빌라,"포항시 남구 효곡동 지곡로 319, 307동",지곡동 640-1번지,552,552
27,포항시,효곡동,공공용,주거시설,그린빌라,"포항시 남구 효곡동 지곡로 319, 316동",지곡동 640-1번지,552,552
28,포항시,효곡동,공공용,주거시설,그린빌라,"포항시 남구 효곡동 지곡로 319, 318동",지곡동 640-1번지,552,552
29,포항시,효곡동,공공용,주거시설,그린빌라,"포항시 남구 효곡동 지곡로 303, 320동",지곡동 640-1번지,552,552
30,포항시,효곡동,공공용,주거시설,그린빌라,"포항시 남구 효곡동 지곡로 303, 332동 ",지곡동 640-1번지,552,552
31,포항시,효곡동,공공용,주거시설,효자웰빙타운에스케이뷰 1차,포항시 남구 효곡동 새천년대로 306,효자동 566번지,12000,12000
32,포항시,효곡동,공공용,주거시설,교수아파트,포항시 남구 효곡동 지곡로 155,지곡동 377-2번지,4021,4021
33,포항시,상대동,공공용,상업시설,벨류플러스 지하,포항시 남구 상대동 중흥로 77(상도동),상도동 582번지,29402,29402
34,포항시,상대동,공공용,문화·집회시설,문화예술회관 지하,포항시 남구 상대동 희망대로 850(대도동),대도동 303-1번지,2484,2484
35,포항시,상대동,공공용,상업시설,KT전화국 지하,포항시 남구 상대동 포스코대로 346(대도동),대도동 135-19번지,2293,2293
36,포항시,용흥동,공공용,주거시설,현대타워2차아파트,포항시 북구 용흥동 새마을로 26,용흥동 66-1번지,7390,7390
37,포항시,용흥동,공공용,주거시설,성봉 우미타운,포항시 북구 용흥동 용흥로 322,용흥동 419번지,5023,5023
38,포항시,용흥동,공공용,주거시설,제일프리미엄,포항시 북구 용흥동 용흥로 292번길 11,용흥동 424-7번지,816,816
39,포항시,용흥동,공공용,주거시설,쌍용아파트,포항시 북구 용흥동 용흥로 354,용흥동 17번지,5153,5153
40,포항시,해도동,공공용,기타시설,학산타워, 포항시 남구 해도동 중앙로 154,해도동 33-12번지,4588,4588
41,포항시,해도동,공공용,의료시설,등정형외과, 포항시 남구 해도동 중앙로 102,해도동 46-2번지,350,350
42,포항시,장량동,공공용,주거시설,장성청구하이츠 아파트,"북구 삼흥로 100-22(장성동, 장성청구하이츠)",장성동 134-1번지,1456,1456
43,포항시,장량동,공공용,주거시설,럭키장성아파트(2단지),"북구 삼흥로 50-13(장성동, 럭키장성아파트)",장성동 1351번지,2700,2700
44,포항시,장량동,공공용,주거시설,창포청구아파트(제2주차장),"북구 새천년대로1123번길 14(장성동, 창포청구타운)",장성동 1343번지,2085,2085
45,포항시,장량동,공공용,주거시설,창포청구아파트(제4주차장),"북구 새천년대로1123번길 14(장성동, 창포청구타운)",장성동 1343번지,2085,2085
46,포항시,장량동,공공용,주거시설,창포보성아파트 지하주차장 1층,"북구 새천년대로1123번길 28(장성동, 창포보성아파트)",장성동 1342번지,2400,2400
47,포항시,장량동,공공용,주거시설,산호그린7차아파트 지하주차장,"북구 삼흥로88번길 11(장성동, 산호그린7차아파트)",장성동 1364-1번지,3950,3950
48,포항시,장량동,공공용,주거시설,장성현대아파트 전체 동의 지하주차장,"북구 장량로113번길 30(장성동, 장성현대아파트)",장성동 1408-1번지,4300,4300
49,포항시,중앙동,공공용,주거시설,우방비치제1지하주차장,포항시 북구 중앙동 삼호로 175(항구동 13),항구동 13번지,3058,3058
50,포항시,중앙동,공공용,주거시설,우방비치제3지하주차장,포항시 북구 중앙동 삼호로 175(항구동 13),항구동 13번지,7036,7036
51,포항시,장량동,공공용,주거시설,양덕풍림아이원,"북구 양덕로 60(양덕동, 풍림아이원아파트)",양덕동 1731번지,48590,48590
52,포항시,장량동,공공용,주거시설,장량휴먼시아(101-102),"북구 장량중앙로 17(양덕동, 장량휴먼시아)",장성동 336-1번지,1636,1636
53,포항시,장량동,공공용,주거시설,"장량휴먼시아(103-104,109)","북구 장량중앙로 17(양덕동, 장량휴먼시아)",장성동 336-1번지,3040,3040
54,포항시,장량동,공공용,주거시설,"장량휴먼시아(105,106,107,108)","북구 장량중앙로 17(양덕동, 장량휴먼시아)",장성동 336-1번지,2104,2104
55,포항시,장량동,공공용,주거시설,양덕삼성쉐르빌(101-108),"북구 양덕로50번길 33(양덕동, 삼성쉐르빌아파트)",양덕동 1732번지,32143,32143
56,포항시,장량동,공공용,주거시설,양덕2차e-편한세상(201-203),"북구 천마로90번길 11(양덕동, 2차이편한세상아파트)",양덕동 1448번지,26948,26948
57,포항시,대이동,공공용,주거시설,대잠센트럴하이츠,남구 희망대로 520,대잠동 1009번지,11358,11358
58,포항시,대이동,공공용,주거시설,이동그린빌명품,남구 대이로 138,대잠동 664-5번지,5616,5616
59,포항시,대이동,공공용,관공서,포항시청,남구 시청로 1,대잠동 1001번지,3520,3520
60,포항시,중앙동,공공용,기타시설,서산터널,포항시 북구 중앙동 서동로 40(신흥동산8-4),신흥동 8-4번지,185,185
61,포항시,오천읍,공공용,주거시설,우방신세계2차,포항시 남구 오천읍 해병로 127,오천읍 463번지,3011,3011
62,포항시,중앙동,공공용,주거시설,롯데백화점,포항시 북구 중앙동 학산로 62(학산동),학산동 127-9번지,5404,5404
63,포항시,죽도동,공공용,상업시설,KEB하나은행,포항시  북구 죽도동 112-14,포항시  북구 죽도동 112-14번지,1110,1110
64,포항시,죽도동,공공용,상업시설,삼성생명,포항시 북구 죽도동 627-13,포항시 북구 죽도동 627-13번지,8177,8177
65,포항시,죽도동,공공용,상업시설,교보생명,포항시 북구 죽도동 715-7,포항시 북구 죽도동 715-7번지,2341,2341
66,포항시,환여동,공공용,상업시설,청소년수련관, 포항시 북구 환여동 환호로533,환호동 185번지,165,165
67,포항시,청림동,공공용,상업시설,㈜티씨씨 한진,포항시 남구 청림동 동해안로 6045,청림동 934-1번지,1289,1289
68,포항시,청림동,공공용,주거시설,진달래2차나동,포항시 남구 청림동 정몽주로879번길 28,청림동 1174-2번지,803,803
69,포항시,청림동,공공용,주거시설,동해진달래 나동,포항시 남구 청림동 정몽주로861번길 19,청림동 1180번지,669,669
70,포항시,청림동,공공용,주거시설,동해진달래 다동,포항시 남구 청림동 정몽주로861번길 19,청림동 1180번지,669,669
71,포항시,청림동,공공용,주거시설,한빛타운 A동,포항시 남구 청림동 동해안로5876번길 6,일월동 207-1번지,358,358
72,포항시,두호동,공공용,주거시설,우방신천지타운,포항시 북구 두호동 새천년대로 1020번길 12,두호동 753번지,31846,31846
73,포항시,두호동,공공용,주거시설,우방하이츠,포항시 북구 두호동 학전로 10,두호동 919번지,2918,2918
74,포항시,두호동,공공용,주거시설,동아금강맨션,포항시 북구 두호동 용두산길 74,두호동 1070번지,2997,2997
75,포항시,두호동,공공용,주거시설,산호녹원맨션,포항시 북구 두호동 삼흥로 100번길 43,두호동 1074번지,2454,2454
76,포항시,두호동,공공용,주거시설,천호타운,포항시 북구 두호동 삼흥로 100번길 24,두호동 1069번지,1562,1562
77,포항시,송도동,공공용,주거시설,태왕아너스A,포항시 남구 송도동 서동로 162,송도동 254-70번지,18265,18265
78,포항시,제철동,공공용,주거시설,우방신세계타운 1차,포항시남구 제철동 해병로 125,인덕동 7번지,3140,3140
79,포항시,흥해읍,공공용,주거시설,대흥온천맨션,포항시 북구 흥해읍 신흥로 861번길 8,흥해읍 312번지,926,926
80,포항시,흥해읍,공공용,주거시설,한동맨션,포항시 북구 흥해읍 신흥로 870,흥해읍 198번지,1158,1158
81,포항시,흥해읍,공공용,주거시설,금성타워맨션,포항시 북구 흥해읍 남미질로 47,흥해읍 356번지,1323,1323
82,포항시,흥해읍,공공용,주거시설,대유타운,포항시 북구 흥해읍 달전로 291,흥해읍 424번지,8572,8572
83,포항시,흥해읍,공공용,주거시설,삼도드림파크-114동,포항시 북구 흥해읍 달전로 365(삼도드림파크),흥해읍 929번지,3672,3672
84,포항시,흥해읍,공공용,주거시설,삼도뷰엘빌-111동,포항시 북구 흥해읍 도음로 877번길 15,흥해읍 454번지,9102,9102
85,포항시,양학동,공공용,주거시설,삼성푸른아파트,포항시 북구 양학동 양학로 59,득량동 155번지,3041,3041
86,포항시,양학동,공공용,주거시설,경성양학마을,포항시 북구 양학동 양학로 149,득량동 216번지,972,972
87,포항시,양학동,공공용,주거시설,이동삼성아파트(109동),포항시 북구 양학동 이동로 48-11,득량동 303번지,3430,3430
88,포항시,양학동,공공용,주거시설,이동삼성아파트(102동),포항시 북구 양학동 이동로 48-11,득량동 303번지,4786,4786
89,포항시,양학동,공공용,주거시설,학잠 보성아파트(105동),포항시 북구 양학동 양학로 70-30,학잠동 114-1번지,5018,5018
90,포항시,양학동,공공용,주거시설,학잠 동아아파트(106동),포항시 북구 양학동 양학로 70-30,학잠동 203번지,4405,4405
91,포항시,양학동,공공용,주거시설,대림힐타운(101동),포항시 북구 양학동 양학로34번길 14,학잠동 21-1번지,1946,1946
92,포항시,양학동,공공용,주거시설,대림힐타운(103동),포항시 북구 양학동 양학로34번길 14,학잠동 21-1번지,117,117
93,포항시,양학동,공공용,주거시설,대림힐타운(105동),포항시 북구 양학동 양학로34번길 14,학잠동 21-1번지,220,220
94,포항시,양학동,공공용,주거시설,대림힐타운(107동),포항시 북구 양학동 양학로34번길 14,학잠동 21-1번지,682,682
95,포항시,양학동,공공용,주거시설,대림힐타운(109동),포항시 북구 양학동 양학로34번길 14,학잠동 21-8번지,984,984
96,포항시,양학동,공공용,주거시설,신흥아델리움,포항시 북구 양학동 양학로 119,득량동 303-8번지,731,731
97,포항시,우창동,공공용,주거시설,금호어울림아파트,포항시 북구 우창동 우창동로 157,창포동 산92번지 3호,14300,14300
98,포항시,우창동,공공용,주거시설,대동우방타운(1),포항시 북구 우창동 중앙로 419번길 21,우현동 94-8번지,3481,3481
99,포항시,장량동,공공용,주거시설,장성대림골든빌(제2주차장),"북구 침촌로 20(장성동, 장성대림골든빌아파트)",장성동 1578-1번지,1990,1990
100,포항시,장량동,공공용,주거시설,장성대림골든빌(제4주차장),"북구 침촌로 20(장성동, 장성대림골든빌아파트)",장성동 1578-1번지,4378,4378
101,포항시,장량동,공공용,주거시설,장성롯데낙천대(제1주차장),"북구 법원로40번길 38(장성동, 롯데낙천대아파트)",장성동 1455-1번지,5000,5000
102,포항시,장량동,공공용,주거시설,장성롯데낙천대(제3주차장),"북구 법원로40번길 38(장성동, 롯데낙천대아파트)",장성동 1455-1번지,6600,6600
103,포항시,두호동,공공용,주거시설,창포아이파크1차,포항시 북구 두호동 대곡로 7,두호동 1103-3번지,9017,9017
104,포항시,중앙동,공공용,주거시설,청운우방지하주차장,포항시 북구 중앙동 학전로 37(학산동),두호동 6-2번지,5901,5901
105,포항시,연일읍,공공용,주거시설,삼도한솔1차,"포항시 남구 연일읍 연일로 142, 144",연일읍 333-3번지,976,976
106,포항시,연일읍,공공용,주거시설,삼도한솔2차,"포항시 남구 연일읍 연일로 150, 154",연일읍 390-3번지,465,465
107,포항시,연일읍,공공용,주거시설,삼도한솔3차,포항시 남구 연일읍 철강로 71,연일읍 141-1번지,1709,1709
108,포항시,오천읍,공공용,주거시설,부영1차, 포항시 남구 오천읍 남원로 83,오천읍 893-15번지,11065,11065
109,포항시,오천읍,공공용,주거시설,부영2차, 포항시 남구 오천읍 남원로 85,오천읍 892번지,20914,20914
110,포항시,오천읍,공공용,주거시설,부영3차, 포항시 남구 오천읍 남원로 86-19,오천읍 1000번지,26879,26879
111,포항시,오천읍,공공용,주거시설,부영5차,포항시 남구 오천읍 중원로 71-30,오천읍 원리 997번지,28239,28239
112,포항시,우창동,공공용,주거시설,신동아베르디1차,포항시 북구 우창동 우창로 20,우현동 540번지,14300,14300
113,포항시,우창동,공공용,주거시설,신동아파밀리에3차,포항시 북구 우창동 우창동로 40,우현동 539-1번지,14300,14300
114,포항시,흥해읍,공공용,주거시설,삼도미래1차,포항시 북구 흥해읍 도음로 877번길 9,흥해읍 학천리 456번지,2837,2837
115,포항시,흥해읍,공공용,주거시설,삼도미래2차,포항시 북구 흥해읍 도음로 902,흥해읍 학천리 806-5번지,1786,1786
116,경주시,선도동,공공용,주거시설,대우1차아파트 지하주차장 1층,경상북도 경주시 충효녹지길 142-9,경주시 충효동 2927번지,4085.95,4085
117,경주시,선도동,공공용,주거시설,대우2차아파트 지하주차장 1층,경상북도 경주시 충효5길 13,경주시 충효동 2942번지,3923.97,3923
118,경주시,감포읍,공공용,관공서,감포읍 행정복지센터 지하실 1층,감포읍 감포로8길 14-8,감포읍 감포리 56번지 2호,476.03,476
119,경주시,감포읍,공공용,주거시설,남호비치아파트 지하주차장 1층,감포읍 동해안로 2233,감포읍 감포리 605번지,991.74,991
120,경주시,안강읍,공공용,주거시설,안강우방타운 지하주차장 1층,경상북도 경주시 안강읍 구부랑길 73,경상북도 경주시 안강읍 산대리 2380,4628,4628
121,경주시,안강읍,공공용,주거시설,안강삼도타운 지하주차장 1층,경상북도 경주시 안강읍 구부랑4길 24-1,경상북도 경주시 안강읍 산대리 2393-2,959,959
122,경주시,건천읍,공공용,주거시설,건천전원타운 지하주차장 1층,경주시 건천읍 작원3길 81-7,경주시 건천읍 천포리 366-1,851.88,851
123,경주시,건천읍,공공용,주거시설,건천휴먼시아 지하주차장 1층,경주시 건천읍 대곡용명길 27,경주시 건천읍 건천리 627,2147,2147
124,경주시,외동읍,공공용,주거시설,부성아파트 지하주차장 1층,경주시 외동읍 산업로 1762,경주시 외동읍 모화리 산 115번지 2호,583,583
125,경주시,외동읍,공공용,주거시설,성도대자연타운 지하주차장 1층,경주시 외동읍 산업로 1768-16,경주시 외동읍 모화리 210번지,2485,2485
126,경주시,외동읍,공공용,주거시설,벽산천마타운 지하주차장 1층,경주시 외동읍 송계길 4-3,경주시 외동읍 구어리 200번지,2015,2015
127,경주시,외동읍,공공용,주거시설,외동엘에치아파트 지하주차장 1층,경주시 외동읍 본동길 14,경주시 외동읍 입실리 1393번지,4770,4770
128,경주시,현곡면,공공용,관공서,현곡면 행정복지센터 지하 1층,현곡면 금장2길 12,현곡면 금장리 458-1,381,381
129,경주시,현곡면,공공용,주거시설,삼성강변아파트 지하주차장 1층,현곡면 금장5길 20-19,현곡면 금장리 399-2,2859,2859
130,경주시,현곡면,공공용,주거시설,신한아파트 지하주차장 1층,현곡면 금장5길 34,현곡면 금장리 369,4479,4479
131,경주시,현곡면,공공용,주거시설,세정스위츠리버 지하주차장 1층,현곡면 안현로 43-9,현곡면 금장리 439,4017,4017
132,경주시,현곡면,공공용,주거시설,새한 센시빌 지하주차장 1층,현곡면 안현로 68-7,현곡면 금장리 347-4,7000,7000
133,경주시,황오동,공공용,관공서,경주소방서 지하 1층,경주시 알천남로 276,경주시 황오동 389-11,532,532
134,경주시,황오동,공공용,숙박시설,141미니호텔 지하주차장 1층,경주시 원효로 141,경주시 황오동 296,363,363
135,경주시,황오동,공공용,관공서,황오동  행정복지센터 지하 1층,경주시 북성로 130,경주시 성동동 301-3,195,195
136,경주시,황오동,공공용,방송통신시설,KT경주지점 지하 1층,경주시 화랑로 125,경주시 성동동 386-6,2783,2783
137,경주시,성건동,공공용,상업시설,중앙시장 지하주차장 1층,경상북도 경주시 금성로 295(성건동),경상북도 경주시 성건동 339번지 2호,3235.55,3235
138,경주시,성건동,공공용,관공서,성건동주민자치센터 지하 1층,경상북도 경주시 북문로 15(성건동),경상북도 경주시 성건동 484번지 13호,550,550
139,경주시,월성동,공공용,주거시설,경주코아루그랑블아파트 지하주차장 1층,경북 경주시 능원길 22(도지동),경북 경주시 도지동 1018번지,24852,24852
140,경주시,선도동,공공용,주거시설,충효에덴타운 지하주차장 1층,경상북도 경주시 충효5길 30,경주시 충효동 371번지 2호,661.16,661
141,경주시,선도동,공공용,주거시설,충효대신그린타운 지하주차장 1층,경상북도 경주시 충효녹지길 138-8,경주시 충효동 2935번지,2353.72,2353
142,경주시,선도동,공공용,주거시설,충효현대아파트 지하주차장 1층,경상북도 경주시 충효3길 28-4,경주시 충효동 270번지 1호,661.16,661
143,경주시,선도동,공공용,주거시설,삼정아파트 지하주차장 1층,경상북도 경주시 충효1길 22-5,경주시 충효동 44번지 3호,1189.86,1189
144,경주시,선도동,공공용,주거시설,신원아침도시 지하주차장 1층,경상북도 경주시 충효1길 8,경주시 충효동 100번지 14호,4723.83,4723
145,경주시,황성동,공공용,주거시설,삼보타운 106동 지하주차장 1층,경주시 용담로54번길 30-3,경주시 황성동 309-1,2006,2006
146,경주시,황성동,공공용,주거시설,신흥1차로얄 101동 지하주차장 1층,경주시 용담로92번길 53-8,경주시 황성동 513-3,3641,3641
147,경주시,황성동,공공용,주거시설,신흥2차로얄 102동 지하주차장 1층,경주시 용담로116번길 63,경주시 황성동 545,677,677
148,경주시,황성동,공공용,주거시설,삼보타운 107동 지하주차장 1층,경주시 용담로54번길 30-15,경주시 황성동 308-2,1389,1389
149,경주시,황성동,공공용,주거시설,한신아파트 지하주차장 1층,경주시 황성로69번길 40,경주시 황성동 557,958,958
150,경주시,황성동,공공용,주거시설,청우타운 401동 지하주차장 1층,경주시 황성로69번길 18,경주시 황성동 552-2,1143,1143
151,경주시,황성동,공공용,주거시설,청우타운 303동 지하주차장 1층,경주시 황성로69번길 15,경주시 황성동 551-7,496,496
152,경주시,황성동,공공용,주거시설,청우타운 301동 지하주차장 1층,경주시 황성로69번길 10,경주시 황성동 241-4,1304,1304
153,경주시,황성동,공공용,주거시설,e편한세상아파트 지하주차장 1층,경주시 강변로 540,경주시 황성동 1170,31950,31950
154,경주시,용강동,공공용,주거시설,청구아파트 지하주차장 1층,승삼1길 9(용강동),경주시 용강동 1289,396.69,396
155,경주시,용강동,공공용,주거시설,대신1차아파트 지하주차장 1층,소금강로29번길 29-0(용강동),경주시 용강동 1349,1715.7,1715
156,경주시,용강동,공공용,주거시설,대신2차아파트 지하주차장 1층,소금강로29번길 28(용강동),경주시 용강동 1348,2174,2174
157,경주시,용강동,공공용,주거시설,대신3차아파트 지하주차장 1층,토용길6번길 10(용강동),경주시 용강동 1328-6,1752.07,1752
158,경주시,용강동,공공용,주거시설,경주용황스위첸 지하주차장 1층,용황로10길 42(용강동),경주시 용강동 596,7584.72,7584
159,경주시,용강동,공공용,주거시설,용강삼환나우빌 지하주차장 1층,다불로 49(용강동),경주시 용강동 1384,20385.47,20385
160,경주시,용강동,공공용,주거시설,현진에버빌2차 지하주차장 1층,광중길 73-6 (용강동),경주시 용강동 1380,11380,11380
161,경주시,동천동,공공용,주거시설,동천우방타운 지하주차장 1층,경상북도 경주시 백률로 57번길 22,경상북도 경주시 동천동 681번지 1호,12201.65,12201
162,경주시,동천동,공공용,주거시설,우주로얄맨션 지하주차장 1층,경상북도 경주시 대안길 35번길 12-1,경상북도 경주시 동천동 702번지 12호,3717.57,3717
163,경주시,동천동,공공용,주거시설,동천푸르지오아파트 지하주차장 1층,경상북도 경주시 백률로 7,경상북도 경주시 동천동 989번지,25600,25600
164,경주시,동천동,공공용,관공서,경주시청 지하실 1층,경상북도 경주시 양정로 260,경상북도 경주시 동천동 800번지,433.06,433
165,경주시,불국동,공공용,관공서,불국동 행정복지센터 지하 1층,경주시 산업로 3008,경주시 시래동 367-3,202.5,202
166,경주시,보덕동,공공용,교육연구시설,KT 경주 수련관 지하주차장 1층,경주시 엑스포로 30(신평동),경주시 신평동 150-5,426,426
167,경주시,보덕동,공공용,숙박시설,더케이 경주호텔 지하주차장 1층,경주시 엑스포로 45(신평동),경주시 신평동 150-2,4796,4796
168,경주시,황성동,공공용,주거시설,황성현대5차아파트 지하주차장 1층,경주시 황성로 62,경주시 황성동 277-6,9174,9174
169,김천시,아포읍,공공용,주거시설,아포덕일한마음아파트 지하주차장 1층,김천시 아포읍 한지2길 64-9,김천시 아포읍 1119,12272.57,12272
170,김천시,자산동,공공용,주거시설,한일아파트 지하주차장 1층,김천시 모암길 117(모암동),김천시 모암동 114-3,1381,1381
171,김천시,자산동,공공용,주거시설,항도빌라 지하주차장 1층,김천시 충효길 88(성내동),김천시 성내동 62,2909.86,2909
172,김천시,자산동,공공용,주거시설,한일상가아파트 지하주차장 1층,김천시 모암사랑1길 29(모암동),김천시 모암동 181-4,944.38,944
173,김천시,자산동,공공용,관공서,김천우체국 지하 1층,김천시 중앙시장3길 22(모암동),김천시 모암동 154-2,480,480
174,김천시,자산동,공공용,의료시설,김천의료원 지하 1층,김천시 모암길 24(모암동),김천시 모암동 85-1,743,743
175,김천시,평화남산동,공공용,주거시설,한일장미아파트 지하 1층,김천시 평화장미3길 25(평화동),김천시 평화동 72-10,1629.76,1629
176,김천시,평화남산동,공공용,상업시설,하나로마트 지하주차장 2층,김천시 자산로 147(평화동),김천시 평화동 28-8,1123.97,1123
177,김천시,평화남산동,공공용,상업시설,평화프라자 지하주차장 1층,김천시 김천로 86(평화동),김천시 평화동 245-69,330.58,330
178,김천시,평화남산동,공공용,주거시설,신천지타운 지하주차장 1층,김천시 평화5길 7(평화동),김천시 평화동 245-91,1115.26,1115
179,김천시,평화남산동,공공용,관공서,중앙보건지소 지하 1층,김천시 중앙공원길 21(남산동),김천시 남산동 28-18,100,100
180,김천시,평화남산동,공공용,관공서,김천시립도서관 지하 1층,김천시 평화순환길 111(평화동),김천시 평화동 374-1,600,600
181,김천시,평화남산동,공공용,금융시설,농협중앙회지부 지하 1층,김천시 김천로 154(남산동),김천시 남산동 50-2,317.36,317
182,김천시,평화남산동,공공용,종교시설,서부성결교회 지하 1층,김천시 문화3길 8(평화동),김천시 평화동 220-1,185.12,185
183,김천시,양금동,공공용,주거시설,동보수정아파트 지하주차장 1층,김천시 양금로 194(황금동),김천시 황금동 129-3,3143.8,3143
184,김천시,양금동,공공용,종교시설,김천황금성당 지하 1층,김천시 학사대길 64(황금동),김천시 황금동 76-18,793,793
185,김천시,대신동,공공용,주거시설,우방1차아파트 지하주차장 1층,김천시 시청6길 35(신음동),김천시 신음동 1272,842.9,842
186,김천시,대신동,공공용,주거시설,삼보타운 지하주차장 1층,김천시 시청6길 42(신음동),김천시 신음동 1275,1289.2,1289
187,김천시,대신동,공공용,주거시설,신음금류아파트 지하주차장 1층,김천시 시청2길 30(신음동),김천시 신음동 847-2,5371.9,5371
188,김천시,대신동,공공용,주거시설,덕일아파트 지하주차장 1층,김천시 시청6길 21(신음동),김천시 신음동 1273,3153.7,3153
189,김천시,대신동,공공용,주거시설,건화호반맨션 지하주차장 1층 ,김천시 연화지2길 25(교동),김천시 교동 899,1758.6,1758
190,김천시,대신동,공공용,주거시설,우방2차아파트 지하주차장 1층,김천시 신음2길 18(신음동),김천시 신음동 470-6,3157,3157
191,김천시,대신동,공공용,주거시설,현대1차아파트 지하주차장 1층,김천시 시청로 46(신음동),김천시 신음동 394-3,7226.4,7226
192,김천시,대신동,공공용,상업시설,탑웨딩 지하 1층,김천시 시청로 194(신음동),김천시 신음동 577-2,661.1,661
193,김천시,대신동,공공용,주거시설,현대2차아파트 지하주차장 1층,김천시 시청로 42(신음동),김천시 신음동 394-9,2644.6,2644
194,김천시,대신동,공공용,주거시설,코아루1차아파트 지하주차장 1층,김천시 삼락택지길 132(교동),김천시 교동 950,1515,1515
195,김천시,대신동,공공용,주거시설,코아루2차아파트 지하주차장 1층,김천시 삼락택지길 137(삼락동),김천시 삼락동 1299,6681.35,6681
196,김천시,대신동,공공용,주거시설,대신휴먼시아 지하주차장 1층,김천시 시청로 93(신음동),김천시 신음동 1313,4485,4485
197,김천시,대신동,공공용,관공서,법원김천지원 지하 1층,김천시 물망골길 39(삼락동),김천시 삼락동 1225,178.5,178
198,김천시,대신동,공공용,의료시설,제일병원 지하 1층,김천시 신음1길 12(신음동),김천시 신음동 462-14,330.5,330
199,김천시,대곡동,공공용,주거시설,부곡금류아파트 지하주차장 1층,김천시 가메실2길 51(부곡동),김천시 부곡동 584-1,476,476
200,김천시,대곡동,공공용,주거시설,부곡3주공아파트 지하 1층,김천시 문지왈길 68(부곡동),김천시 부곡동 1328,2443,2443
201,김천시,대곡동,공공용,주거시설,한보아파트 지하주차장 1층,김천시 백옥길 5(백옥동),김천시 백옥동 66,3064.4,3064
202,김천시,대곡동,공공용,주거시설,한일부곡타운 지하주차장 1층,김천시 고래실3길 45-8(부곡동),김천시 부곡동 960-8,3629.7,3629
203,김천시,대곡동,공공용,주거시설,부곡화성타운 지하주차장 1층,김천시 부곡길 162(부곡동),김천시 부곡동 1529,13801.6,13801
204,김천시,대곡동,공공용,주거시설,부곡우방타운 지하주차장 1층,김천시 부곡길 206(부곡동),김천시 부곡동 1530,12112.3,12112
205,김천시,대곡동,공공용,주거시설,아주아트빌 지하주차장 1층,김천시 문지왈3길 14(부곡동),김천시 부곡동 765,4086,4086
206,김천시,지좌동,공공용,주거시설,덕곡한마음타운 지하주차장 1층,김천시 한마음길 8(덕곡동),김천시 덕곡동 1196-1,5289.2,5289
207,김천시,지좌동,공공용,주거시설,덕곡주공아파트 지하주차장 1층,김천시 무실7길 38(덕곡동),김천시 덕곡동 767,1894,1894
208,김천시,지좌동,공공용,주거시설,남혁신 코아루 푸르나임 지하주차장 1층,김천시 무실7길 45(덕곡동),김천시 덕곡동 1467,4465,4465
209,김천시,율곡동,공공용,주거시설,KCC스위첸아파트 지하주차장 1층,김천시 혁신5로 11(율곡동),김천시 율곡동 408,23396.25,23396
210,김천시,율곡동,공공용,주거시설,영무예다음1차아파트 지하주차장 1층,김천시 혁신8로 66(율곡동),김천시 율곡동 415,21197,21197
211,안동시,송하동,공공용,주거시설,"안동송현이안 지하주차장 1층, 2층",안동시 송현길 23,안동시 송현동1135,26868,26868
212,안동시,옥동,공공용,주거시설,옥동3주공(1주차장 지하1층),안동시 은행나무로 106-6,안동시 옥동 974,1361,1361
213,안동시,옥동,공공용,주거시설,옥동3주공(2주차장 지하1층), 안동시 은행나무로 106-6,안동시 옥동 974,1361,1361
214,안동시,태화동,공공용,주거시설,브라운스톤1단지 지하주차장 1층,안동시 말구리길50,안동시 태화동 890,1975,1975
215,안동시,옥동,공공용,주거시설,휴먼시사8단지 전동 지하1층,안동시 옥서1길90,안동시 옥동 920-1,8418,8418
216,안동시,태화동,공공용,주거시설,브라운스톤2단지 지하주차장 1층,안동시 말구리2길55,안동시 태화동 878,1918,1918
217,안동시,중구동,공공용,관공서,안동소방서 지하1층,안동시 육사로301,안동시 운흥동 32-9,409,409
218,안동시,서구동,공공용,상업시설,㈜KT안동지사 지하주차장  1층,안동시 안기천로 86 (당북동),안동시 당북동 48-7,1008,1008
219,안동시,중구동,공공용,교육연구시설,안동시립도서관 지하1층,안동시 태사길78,안동시 옥정동 446-2,234,234
220,안동시,송천동,공공용,학교시설,안동대학교본관 지하1층   ,안동시 경동로 1375(송천동),안동시 송천동 388,195,195
221,안동시,강남동,공공용,학교시설,성희여자고등학교 본관 지하1층,안동시 강남로246,안동시 정하동 102-1,231,231
222,안동시,서구동,공공용,관공서,안동우체국 지하1층 식당,안동시 경동로 560 (당북동),안동시 당북동 333-5,489,489
223,안동시,중구동,공공용,의료시설,안동보건소 지하주차장 1층,안동시 서동문로165,안동시 북문동 58,958,958
224,안동시,중구동,공공용,의료시설,안동의료원 지하1층 장례식장,안동시 태사2길55,안동시 북문동 470,958,958
225,안동시,서구동,공공용,금융시설,안동농업협동조합 지하1층 식당,안동시 제비원로 141 (당북동),안동시 당북동 30-9,320,320
226,안동시,평화동,공공용,주거시설,상일아파트 101동 지하1층,안동시 새골2길 19-4,안동시 운안동 342-1,661,661
227,안동시,태화동,공공용,방송통신시설,KBS방송국 지하1층,안동시 감나무3길27,안동시 운안동 666,661,661
228,안동시,태화동,공공용,주거시설,태화현대아파트 지하1층,안동시 광명로227,안동시 태화동 634-209,1705,1705
229,안동시,용상동,공공용,의료시설,용상안동병원지하1층(식당),안동시 전거리길 57(용상동),안동시 용상동 1592-31,1636,1636
230,안동시,서구동,공공용,교육연구시설,경상북도립안동도서관 지하1층,안동시 안기천로 48 (당북동),안동시 당북동 333-157,700,700
231,안동시,명륜동,공공용,관공서,시청 본관 지하1층,안동시 퇴계로115,안동시 명륜동 344,717,717
232,안동시,서구동,공공용,주거시설,상일파크맨션 102동 3~6라인 지하 1층,안동시 법상길 41-7 (법상동),안동시 법상동 42,1077,1077
233,안동시,강남동,공공용,주거시설,화성드림파크 지하주차장 1층,안동시 강남1길108,안동시 정하동 300-1,6430,6430
234,안동시,용상동,공공용,상업시설,우정프라자 지하1층 주차장,안동시 경동로 844(용상동),안동시 용상동 1439-2,856,856
235,안동시,서구동,공공용,금융시설,농협중앙회광석동지점 지하주차장 지하1층,안동시 서동문로 112 (광석동),안동시 광석동 210-9,383,383
236,안동시,용상동,공공용,주거시설,용상현대아파트 11동 지하주차장 1층,안동시 길주길 101-12(용상동),안동시 용상동 600,8446,8446
237,안동시,평화동,공공용,주거시설,평화현대아파트 전동 지하1층,안동시 감나무5길 15,안동시 평화동 164-48,2214,2214
238,안동시,평화동,공공용,주거시설,평화대성맨션 전동 지하1층,안동시 단원로71-1,안동시 운안동 354,482,482
239,안동시,송현동,공공용,주거시설,송현영남아파트 지하주차장 1층,안동시 합전3길 33-22 (송현동),안동시 송현동 298-9,641,641
240,안동시,태화동,공공용,주거시설,우성아파트 지하1층,안동시 어가골윗길10-3,안동시 태화동 578-1,2330,2330
241,안동시,중구동,공공용,복지시설,백암재단 지하1층 주차장,안동시 서동문로 217,안동시 법흥동 131,330,330
242,안동시,명륜동,공공용,주거시설,안막동현대아파트 지하주차장 1층,안동시 퇴계로220-16,안동시 안막동 71-9,2122,2122
243,안동시,안기동,공공용,주거시설,안기동아아파트 지하주차장 1층,안동시 제비원로 268-7,안동시 이천동 223-34,1808,1808
244,안동시,용상동,공공용,학교시설,안동대학교 공과대학 1호관 지하1층,안동시 경동로 1375(송천동),안동시 송천동 388,1576,1576
245,안동시,옥동,공공용,주거시설,옥동삼성1차 (1주차장 지하1층),안동시 옥광1길 17,안동시 옥동 638-1,3788,3788
246,안동시,옥동,공공용,주거시설,옥동삼성1차 (2주차장 지하1층),안동시 옥광1길 17,안동시 옥동 638-1,2102,2102
247,안동시,용상동,공공용,주거시설,용상주공5아파트 503동 지하주차장 1층,안동시 경동로 977-6(용상동),안동시 용상동 1625,9130,9130
248,안동시,서구동,공공용,주거시설,태성아파트 지하주차장 1층,안동시 제비원로 172 (금곡동),안동시 금곡동124-1,2370,2370
249,안동시,용상동,공공용,주거시설,용상주공6아파트 5동 지하주차장 1층,안동시 경동로 977-5(용상동),안동시 용상동 1629,3348,3348
250,안동시,옥동,공공용,주거시설,옥동세영아파트 지하주차장 1층,안동시 복주1길 15,안동시 옥동 368-1,2102,2102
251,안동시,태화동,공공용,주거시설,태화태성아파트 지하1층,안동시 말구리길87,안동시 태화동 656,1160,1160
252,안동시,안기동,공공용,주거시설,안기경동아파트 전체동 지하1층,안동시 안기1길 40-62,안동시 안기동 240,1322,1322
253,안동시,안기동,공공용,주거시설,안기우성아파트 전체동 지하1층,안동시 영남길 32,안동시 안기동190,1110,1110
254,안동시,풍산읍,공공용,관공서,풍산행정복지센터(지하 1층),안동시 풍산중앙길99,안동시 풍산읍 130,190,190
255,안동시,안기동,공공용,주거시설,안기대원아파트 지하주차장 1층,안동시 안기1길 39,안동시 안기동 168-6,2975,2975
256,안동시,옥동,공공용,주거시설,옥동세영두레마을 지하주차장 1층,안동시 복주2길 25,안동시 옥동 766-1,1223,1223
257,안동시,서구동,공공용,관공서,안동교육지원청 지하1층 식당,안동시 배움길 76-5 (당북동),안동시 당북동 333-158,429,429
258,안동시,용상동,공공용,기타시설,농업기술센터 본관 1층,안동시 경동로 1484-10(송천동),안동시 송천동 1319-54,178,178
259,안동시,용상동,공공용,의료시설,안동병원재활센터 지하주차장 1층,안동시 경동로 830(용상동),안동시 용상동 1445-54,1804,1804
260,안동시,송하동,공공용,주거시설,삼성명가아파트 지하주차장 1층, 안동시 송현길 154-19,안동시 송현동 516-5,1739,1739
261,안동시,태화동,공공용,상업시설,수산궁빌딩 지하주차장 1층,안동시 대안로18,안동시 태화동 60-2,198,198
262,안동시,중구동,공공용,상업시설,두리원웨딩 지하1층 주차장,안동시 육사로267,안동시 운흥동 300-7,2753,2753
263,안동시,강남동,공공용,교육연구시설,경북교육과학연구원 지하1층,안동시 강남로152,안동시 정하동 385,235,235
264,안동시,남후면,공공용,의료시설,경북도립안동노인전문요양병원(유리한방병원)신관 지하 1층,안동시 남일로1463,안동시 남후면 363-2,707,707
265,안동시,옥동,공공용,주거시설,옥동7주공 (703~705동 지하 1층),안동시 옥서1길 25,안동시 옥동 927,2556,2556
266,안동시,강남동,공공용,주거시설,현진에버빌아파트 지하주차장 1층,안동시 강남5길92,안동시 정하동 240-2,7356,7356
267,안동시,명륜동,공공용,주거시설,화성아파트 1동 지하주차장 1층,안동시 퇴계로259,안동시 안막동 77-15,888,888
268,안동시,옥동,공공용,주거시설,옥동세영첼시빌 지하1층,안동시 광명로 133,안동시 옥동 784-1,2382,2382
269,안동시,평화동,공공용,주거시설,명성한마음타운 전동 지하1층,안동시 단원로81-8,안동시 운안동 354,2526,2526
270,안동시,서구동,공공용,문화·집회시설,문화예술회관(지하 2층),안동시 축제장길 66 (안흥동),안동시 안흥동 373-4,3159,3159
271,안동시,평화동,공공용,주거시설,대원한숲타운 전동 지하1층,안동시 한화길37,안동시 운안동 331,1344,1344
272,안동시,안기동,공공용,주거시설,안기세영아파트 지하주차장 1층,안동시 제비원로 373,안동시 이천동 285,1526,1526
273,안동시,중구동,공공용,상업시설,홈플러스 안동점 지하1층 주차장,안동시 경동로 656,안동시 남문동247-28,9122,9122
274,안동시,서구동,공공용,주거시설,센트럴자이아파트 전체 동의 지하1층 주차장,안동시 배움길77,안동시 당북동 446,19144,19144
275,안동시,옥동,공공용,주거시설,호반베르디움 전동 지하1층,안동시 옥서1길70,안동시 옥동 920-4,19755,19755
276,안동시,옥동,공공용,주거시설,옥동 효성해링턴플레이스 전동 지하1층,안동시 경북대로438,안동시 옥동 1443,11892,11892
277,안동시,용상동,공공용,주거시설,용상세영아파트 103동 지하주차장 1층,안동시 중평길39,안동시 용상동 1632,20154,20154
278,안동시,명륜동,공공용,주거시설,계림플러스아파트 지하주차장 1층,안동시 퇴계로233-22,안동시 안막동 69-11,995,995
279,안동시,태화동,공공용,주거시설,안동롯데캐슬아파트 지하주차장 1층,안동시 경북대로 340,안동시 태화동 920,7800,7800
280,안동시,강남동,공공용,의료시설,안동병원전문요양센터 본관 지하1층,안동시 안동시 뒨지게길 69,안동시 정하동 396-2,165,165
281,안동시,송하동,공공용,주거시설,청구하이츠1차 지하주차장 1층,안동시  송현길84-28 ,안동시 송현동 516-2,5425,5425
282,안동시,송하동,공공용,주거시설,청구하이츠2차 지하주차장 1층, 안동시 송현길 84-8,안동시 송현동 515,495,495
283,안동시,태화동,공공용,종교시설,동안교회 지하1층,안동시 태화1길13-10(태화동),안동시 태화동 267-19,165,165
284,안동시,풍천면,공공용,주거시설,"안동상록아파트 지하주차장 1층, 2층",안동시 풍천면 갈전리 1178,안동시 풍천면 검무로 41,15405,15405
285,안동시,풍천면,공공용,주거시설,"경북도청신도시 코오롱하늘채 지하주차장 1층, 2층",안동시 풍천면 갈전리 1177,안동시 풍천면 검무로 35-14,31203,31203
286,안동시,풍천면,공공용,주거시설,코아루프라임시티 1차 지하주차장,안동시  풍천면 갈전리 1658,안동시 풍천면 천년숲동로 46,5877,5877
287,구미시,도량동,공공용,주거시설,도산휴먼시아 지하주차장 1층,"경상북도 구미시 문장로12길 45 (도량동, 도산휴먼시아)",경상북도 구미시 도량동 754번지,1485,1485
288,구미시,선주원남동,공공용,주거시설,동방주택6차 지하주차장 1층,경상북도 구미시 원남로2길 9 (남통동),경상북도 구미시 남통동 23번지 84호,172,172
289,구미시,형곡1동,공공용,주거시설,반석드림파크 9차 지하주차장 1층,경상북도 구미시 경은로 100 (형곡동),경상북도 구미시 형곡동 143번지 1호,962,962
290,구미시,상모사곡동,공공용,주거시설,보성황실2차아파트 지하주차장1~4층,"경상북도 구미시 상사동로28길 11 (사곡동, 보성2차황실타운)",경상북도 구미시 사곡동 656번지 9호,6088,6088
291,구미시,상모사곡동,공공용,주거시설,상모한신휴플러스 지하주차장1~4층,"경상북도 구미시 박정희로 76(상모동, 상모한신휴플러스)",경상북도 구미시 상모동 541번지,4050,4050
292,구미시,송정동,공공용,주거시설,푸르지오캐슬B단지 지하주차장1층,"경상북도 구미시 산책길7(송정동, 푸르지오캐슬B단지아파트)",경상북도 구미시 송정동 1번지,19015,19015
293,구미시,상모사곡동,공공용,주거시설,화성파크프레지던트1단지아파트 지하주차장1~4층,"경상북도 구미시 상모로10길 40 (상모동, 화성파크프레지던트1단지)",경상북도 구미시 상모동 72번지,4535,4535
294,구미시,양포동,공공용,주거시설,구미옥계휴먼시아 2단지 지하주차장 1층~3층,"경상북도 구미시 옥계북로 43-52 (옥계동, 옥계휴먼시아2단지)",경상북도 구미시 옥계동 905번지,20760,20760
295,구미시,선산읍,공공용,관공서,농업기술센터 지하 1층,경상북도 구미시 선산읍 김선로 963 (구미시농업기술센터),경상북도 구미시 선산읍 509번지,358,358
296,구미시,선산읍,공공용,주거시설,동우아파트 지하 1층 주차장,경상북도 구미시 선산읍 동교3길 20-1,경상북도 구미시 선산읍 교리 1165번지,479,479
297,구미시,선산읍,공공용,관공서,선산읍 행정복지센터 지하1층,경상북도 구미시 선산읍 선산중앙로 71-1 (선산읍사무소),경상북도 구미시 선산읍 59번지 10호,110,110
298,구미시,선산읍,공공용,관공서,선산출장소 지하1층,경상북도 구미시 선산읍 선산중앙로 83-2,경상북도 구미시 선산읍 동부리 542번지 3호,302,302
299,구미시,선산읍,공공용,주거시설,세원아파트 지하 1층 주차장,경상북도 구미시 선산읍 선주로 15-0,경상북도 구미시 선산읍 이문리 455번지,512,512
300,구미시,선산읍,공공용,주거시설,이편한세상 구미교리 지하 1층 주차장,경상북도 구미시 구미시 선산읍 선산향교길 14,경상북도 구미시 선산읍 교리 1172,7178.68,7178
301,구미시,고아읍,공공용,주거시설,청솔타운 지하주차장 1층,경상북도 구미시 고아읍 들성로11길 46-7 (청솔타운),경상북도 구미시 고아읍 42번지,2182,2182
302,구미시,고아읍,공공용,주거시설,원호한누리타운3단지 지하주차장 1층,경상북도 구미시 고아읍 문장로22길 33 (원호한누리타운3단지),경상북도 구미시 고아읍 447번지,5381,5381
303,구미시,고아읍,공공용,주거시설,구미원호대우아파트 지하주차장 1층,경상북도 구미시 고아읍 문장로26길 11 (구미원호대우아파트),경상북도 구미시 고아읍 449번지,13942,13942
304,구미시,고아읍,공공용,주거시설,고아에덴타운 지하주차장 1층,경상북도 구미시 고아읍 선산대로 1218 (고아에덴타운),경상북도 구미시 고아읍 460번지 1호,5289,5289
305,구미시,고아읍,공공용,주거시설,삼우힐타운 지하주차장 1층,경상북도 구미시 고아읍 선산대로 608 (삼우힐타운),경상북도 구미시 고아읍 911번지 114호,3177,3177
306,구미시,고아읍,공공용,주거시설,괴평무지개아파트 지하주차장 1층,경상북도 구미시 고아읍 송평구길 62 (괴평무지개아파트),경상북도 구미시 고아읍 377번지,2182,2182
307,구미시,고아읍,공공용,주거시설,금오골든타워 지하주차장 1층,경상북도 구미시 고아읍 지산25길 8 (금오골든타워),경상북도 구미시 고아읍 814번지 1호,1904,1904
308,구미시,옥성면,공공용,관공서,옥성면행정복지센터 지하1층,경상북도 구미시 옥성면 주아령로 415 (옥성면사무소),경상북도 구미시 옥성면 965번지 19호,149,149
309,구미시,해평면,공공용,주거시설,삼우궁전맨션 지하 1층,경상북도 구미시 해평면 강동로 1655 (삼우궁전맨션),경상북도 구미시 해평면 307번지,916,916
310,구미시,산동읍,공공용,학교시설,경운대학교 2호관 학생식당 지하 2층,경상북도 구미시 산동읍 강동로 730 (경운대학교),경상북도 구미시 산동읍 171번지 3호,2236,2236
311,구미시,장천면,공공용,주거시설,한울아파트 지하주차장 1층,경상북도 구미시 장천면 강동로 207-9 (창덕아파트),경상북도 구미시 장천면 915번지 1호,661,661
312,구미시,송정동,공공용,주거시설,우방2차아파트 지하주차장 1층,"경상북도 구미시 박정희로 511 (송정동, 우방타운)",경상북도 구미시 송정동 38번지 5호,1025,1025
313,구미시,송정동,공공용,주거시설,혜성아파트 지하주차장 1층,"경상북도 구미시 박정희로 525 (송정동, 혜성골드타운)",경상북도 구미시 송정동 38번지 4호,430,430
314,구미시,송정동,공공용,주거시설,혜성아파트 3동 지하 1층,"경상북도 구미시 박정희로 525, 3동 (송정동, 혜성골드타운)",경상북도 구미시 송정동 38번지 4호,496,496
315,구미시,송정동,공공용,주거시설,한솔아파트 지하주차장 1층,"경상북도 구미시 박정희로 545 (송정동, 한솔아파트)",경상북도 구미시 송정동 38번지,2975,2975
316,구미시,송정동,공공용,주거시설,동양한신아파트 지하주차장 1층,"경상북도 구미시 백산로 153 (송정동, 동양한신아파트)",경상북도 구미시 송정동 183번지,3636,3636
317,구미시,송정동,공공용,교통시설,송정지하도 지하 1층,"경상북도 구미시 백산로 지하 84 (송정동, 송정지하도)",경상북도 구미시 송정동 9번지 10호,321,321
318,구미시,송정동,공공용,주거시설,한가람빌리지 가동 지하 1층,"경상북도 구미시 백산로5길 6, 가동 (송정동, 한가람빌리지)",경상북도 구미시 송정동 45번지,350,350
319,구미시,송정동,공공용,상업시설,KT구미지사 지하주차장 1층,경상북도 구미시 송원서로 14 (송정동),경상북도 구미시 송정동 48번지,251,251
320,구미시,송정동,공공용,관공서,구미우체국 지하 1층,경상북도 구미시 송원서로 6 (송정동),경상북도 구미시 송정동 49번지,198,198
321,구미시,송정동,공공용,관공서,구미상공회의소 지하 1층,"경상북도 구미시 송정대로 120 (송정동, 구미상공회의소)",경상북도 구미시 송정동 454번지,859,859
322,구미시,송정동,공공용,관공서,구미시청 민방위대피소 지하1층,경상북도 구미시 송정대로 55 (송정동),경상북도 구미시 송정동 50번지,985,985
323,구미시,송정동,공공용,관공서,문화예술회관 지하1층,경상북도 구미시 송정대로 89 (송정동),경상북도 구미시 송정동 75번지,2508,2508
324,구미시,원평동,공공용,주거시설,삼우궁전맨션 지하주차장 1층,"경상북도 구미시 구미중앙로27길 24 (원평동, 삼우궁전맨션)",경상북도 구미시 원평동 1035번지 7호,165,165
325,구미시,원평동,공공용,금융시설,대원빌딩 지하주차장 1층,"경상북도 구미시 금오시장로1길 4 (원평동, 대원빌딩)",경상북도 구미시 원평동 1029번지 11호,155,155
326,구미시,원평동,공공용,주거시설,두산맨션 지하주차장 1층,"경상북도 구미시 산업로 320-12 (원평동, 두산맨션)",경상북도 구미시 원평동 1076번지 1호,331,331
327,구미시,원평동,공공용,교통시설,구미종합터미널 지하 1층,"경상북도 구미시 송원동로 72 (원평동, 종합버스터미널)",경상북도 구미시 원평동 1073번지 1호,661,661
328,구미시,원평동,공공용,상업시설,리마트구미점 지하주차장 1층,경상북도 구미시 구미중앙로11길 18 (원평동),경상북도 구미시 원평동 125번지 1호,1580,1580
329,구미시,지산동,공공용,관공서,구미보건소(지하 1층),"경상북도 구미시 선산대로 111 (지산동, 구미시의료센터)",경상북도 구미시 지산동 853번지 12호,1193,1193
330,구미시,지산동,공공용,금융시설,지산새마을금고 본점(지하 1층),경상북도 구미시 선산대로 163-1 (지산동),경상북도 구미시 지산동 104번지 1호,153,153
331,구미시,도량동,공공용,주거시설,구미도량 휴먼시아아파트(403동 지하주차장 1층),"경상북도 구미시 도봉로 62, 403동 (도량동)",경상북도 구미시 도량동 224번지,1420,1420
332,구미시,도량동,공공용,주거시설,뜨란채아파트(504동 지하주차장 1층),"경상북도 구미시 도봉로 67, 504동 (도량동, 구미도량뜨란채5단지)",경상북도 구미시 도량동 222번지,1420,1420
333,구미시,도량동,공공용,주거시설,두산맨션(지하주차장 1층),"경상북도 구미시 문장로 121-14 (도량동, 도량두산맨션)",경상북도 구미시 도량동 659번지,742,742
334,구미시,도량동,공공용,주거시설,파크맨션(P-3지하주차장) 1층,"경상북도 구미시 송동로 154 (도량동, 파크맨션)",경상북도 구미시 도량동 77번지,1880,1880
335,구미시,선주원남동,공공용,주거시설,현진에버빌 지하 3주차장 지하 1층,"경상북도 구미시 도봉로 10 (봉곡동, 현진에버빌)",경상북도 구미시 봉곡동 22번지,5422,5422
336,구미시,선주원남동,공공용,주거시설,봉곡뜨란채104동앞 지하주차장 1층,"경상북도 구미시 도봉로5길 13 (봉곡동, 구미봉곡뜨란채)",경상북도 구미시 봉곡동 5번지,1547,1547
337,구미시,송정동,공공용,주거시설,푸르지오캐슬A단지 104동 지하주차장 1~2층,"경상북도 구미시 박정희로 599-0 (송정동, 푸르지오캐슬A단지)",경상북도 구미시 송정동 3번지,10939,10939
338,구미시,선주원남동,공공용,주거시설,봉곡현대아파트 106동 앞 지하주차장 1층,경상북도 구미시 봉곡남로 148-0 (봉곡동),경상북도 구미시 봉곡동 391번지,684,684
339,구미시,선주원남동,공공용,교육연구시설,경상북도교육청 구미도서관 지하1층,경상북도 구미시 산책길 41-0 (원평동),경상북도 구미시 원평동 468번지 1호,661,661
340,구미시,선주원남동,공공용,운동시설,올림픽기념국민생활관 지하1층,경상북도 구미시 산책길 63-0 (원평동),경상북도 구미시 원평동 964번지 451호,2539,2539
341,구미시,선주원남동,공공용,주거시설,두산그린맨션 지하주차장 1층,"경상북도 구미시 선기로1길 21 (남통동, 그린두산맨션)",경상북도 구미시 남통동 20번지 1호,3411,3411
342,구미시,선주원남동,공공용,주거시설,금오청구타운 지하주자창 1~2층,경상북도 구미시 원남로 12-13 (남통동),경상북도 구미시 남통동 4번지 5호,10716,10716
343,구미시,선주원남동,공공용,주거시설,청산빌라 지하주차장 1층,경상북도 구미시 원남로 51 (원평동),경상북도 구미시 원평동 77번지 60호,668,668
344,구미시,선주원남동,공공용,주거시설,원평대동아파트 지하주차장 1층,"경상북도 구미시 원남로4길 5-0 (원평동, 대동타운)",경상북도 구미시 원평동 83번지 13호,2562,2562
345,구미시,선주원남동,공공용,주거시설,남통e편한세상 지하주차장(후문) 1~2층,"경상북도 구미시 선기로77(남통동, 남통e편한세상)",경상북도 구미시 남통동 415번지,34848,34848
346,구미시,형곡1동,공공용,관공서,형곡1동행정복지센터 지하 1층,경상북도 구미시 경은로 52 (형곡동),경상북도 구미시 형곡동 141번지 5호,139,139
347,구미시,형곡1동,공공용,주거시설,삼우형구타운 지하주차장 1층,경상북도 구미시 경은로 8-5 (형곡동),경상북도 구미시 형곡동 106번지 1호,1223,1223
348,구미시,형곡1동,공공용,관공서,시립중앙도서관 지하 1층,경상북도 구미시 경은로 85-0 (형곡동),경상북도 구미시 형곡동 142번지,1577,1577
349,구미시,형곡1동,공공용,주거시설,구미차병원(장례식장) 지하 1층,경상북도 구미시 신시로10길 12-0 (형곡동),경상북도 구미시 형곡동 855번지,4879,4879
350,구미시,형곡1동,공공용,주거시설,대동빌라트 지하주차장 1~2층,경상북도 구미시 신시로8길 7-6 (형곡동),경상북도 구미시 형곡동 855번지 1호,1851,1851
351,구미시,형곡1동,공공용,주거시설,전원리빙필 지하주차장 1층,경상북도 구미시 형곡동로 103-0 (형곡동),경상북도 구미시 형곡동 146번지 7호,1362,1362
352,구미시,형곡1동,공공용,주거시설,동부늘푸른아파트 지하주차장 1층,경상북도 구미시 형곡로 53 (형곡동),경상북도 구미시 형곡동 117번지 3호,529,529
353,구미시,형곡1동,공공용,주거시설,무궁화아파트 지하주차장 1층,경상북도 구미시 형곡로10길 39-16 (형곡동),경상북도 구미시 형곡동 126번지 7호,562,562
354,구미시,형곡1동,공공용,주거시설,신세계아파트 지하주차장 1층,경상북도 구미시 형곡중앙로 51-0 (형곡동),경상북도 구미시 형곡동 145번지 22호,1137,1137
355,구미시,형곡2동,공공용,주거시설,형곡4주공아파트 지하 1층,경상북도 구미시 신시로 37 (형곡동),경상북도 구미시 형곡동 169번지,235,235
356,구미시,형곡2동,공공용,주거시설,협진골든맨션 지하주차장 1층,"경상북도 구미시 신시로4길 9 (형곡동, 골든맨션)",경상북도 구미시 형곡동 174번지 6호,443,443
357,구미시,형곡2동,공공용,주거시설,이구로얄2차맨션 지하주차장 1층,"경상북도 구미시 형곡동로 81 (형곡동, 이구로얄2차아파트)",경상북도 구미시 형곡동 168번지 6호,1783,1783
358,구미시,형곡2동,공공용,주거시설,진주맨션2차 지하주차장 2층,"경상북도 구미시 형곡동로2길 5-7 (형곡동, 도시주택진주맨션2차)",경상북도 구미시 형곡동 345번지,3046,3046
359,구미시,형곡2동,공공용,주거시설,두산맨션 지하주차장 1층,경상북도 구미시 형곡동로4길 5-3 (형곡동),경상북도 구미시 형곡동 318번지 4호,664,664
360,구미시,형곡2동,공공용,주거시설,동산그린빌라 지하주차장 1층,"경상북도 구미시 형곡동로6길 16-9 (형곡동, 동산그린빌라)",경상북도 구미시 형곡동 336번지 6호,184,184
361,구미시,형곡2동,공공용,주거시설,대성맨션 지하 1층,"경상북도 구미시 형곡로19길 10 (형곡동, 대성맨션)",경상북도 구미시 형곡동 165번지,168,168
362,구미시,형곡2동,공공용,주거시설,"다원빌라(A,B,C동) 지하 1층",경상북도 구미시 형곡로19길 8-15 (형곡동),경상북도 구미시 형곡동 164번지 4호,400,400
363,구미시,형곡2동,공공용,주거시설,태성맨션 102동 지하 1층,"경상북도 구미시 형곡로27길 18 (형곡동, 태성맨션)",경상북도 구미시 형곡동 237번지,163,163
364,구미시,형곡2동,공공용,주거시설,"미성빌라 A,B동 지하 1층",경상북도 구미시 형곡로28길 5-17 (형곡동),경상북도 구미시 형곡동 304번지 9호,114,114
365,구미시,형곡2동,공공용,주거시설,정우공원맨션 14차 지하주차장 1층,경상북도 구미시 형곡로32길 17 (형곡동),경상북도 구미시 형곡동 331번지,286,286
366,구미시,형곡2동,공공용,주거시설,형곡삼우타운 지하주자창 1층,"경상북도 구미시 형곡로33길 46 (형곡동, 형곡삼우타운)",경상북도 구미시 형곡동 170번지 1호,3869,3869
367,구미시,형곡2동,공공용,주거시설,대원로얄타운 지하주차장 1층,"경상북도 구미시 형곡로39길 4 (형곡동, 대원로얄타운)",경상북도 구미시 형곡동 184번지,1597,1597
368,구미시,형곡2동,공공용,주거시설,삼우맨션(902동) 지하 1층,경상북도 구미시 형곡로41길 16-1 (형곡동),경상북도 구미시 형곡동 176번지,259,259
369,구미시,형곡2동,공공용,주거시설,무지개2차 지하 1층,"경상북도 구미시 형곡서로1길 17 (형곡동, 무지개2차APT)",경상북도 구미시 형곡동 308번지 1호,163,163
370,구미시,신평2동,공공용,주거시설,e편한세상구미파크밸리 전 동 지하주차장 1~2층,e편한세상구미파크밸리 전 동 지하주차장 1~2층,경상북도 구미시 공단동 601,19481,19481
371,구미시,신평2동,공공용,관공서,신평2동행정복지센터 지하1층,"경상북도 구미시 신비로7길 9 (신평동, 신평2동 주민센터)",경상북도 구미시 신평동 17번지 7호,245,245
372,구미시,비산동,공공용,주거시설,전원리빙필(비산) (지하1층주차장),"경상북도 구미시 비산로1길 4 (비산동, 비산전원리빙필)",경상북도 구미시 비산동 489번지 1호,719,719
373,구미시,비산동,공공용,주거시설,벽산아파트(지하1층 주차장),"경상북도 구미시 비산로5길 19 (비산동, 벽산아파트)",경상북도 구미시 비산동 368번지,2718,2718
374,구미시,비산동,공공용,주거시설,"강변보성타운(301,302,303동 지하1층주차장)","경상북도 구미시 산호대로 423 (비산동, 강변보성타운)",경상북도 구미시 비산동 28번지,3643,3643
375,구미시,비산동,공공용,관공서,비산동 행정복지센터(지하1층대피소),경상북도 구미시 비산로 4 비산동행정복지센터(공단동),경상북도 구미시 공단동 112번지 2호,122,122
376,구미시,비산동,공공용,상업시설,오성전자(지하1층 식당),"경상북도 구미시 산호대로 335-4 (공단동, (주)오성전자)",경상북도 구미시 공단동 181번지,826,826
377,구미시,비산동,공공용,상업시설,한국산업단지공단 대구경북지역본부(지하1층식당),경상북도 구미시 수출대로 127 (공단동),경상북도 구미시 공단동 164번지,972,972
378,구미시,비산동,공공용,관공서,구미세무서(지하1층),"경상북도 구미시 수출대로 179 (공단동, 구미세무서)",경상북도 구미시 공단동 174번지,370,370
379,구미시,비산동,공공용,상업시설,엘지유니참㈜ (4동 지하1층),경상북도 구미시 수출대로 97 (공단동),경상북도 구미시 공단동 155번지,595,595
380,구미시,비산동,공공용,주거시설,우림필유아파트(지하1층주차장),경상북도 구미시 수출대로3길 130 (공단동),경상북도 구미시 공단동 758번지,27666,27666
381,구미시,비산동,공공용,상업시설,㈜피앤큐텍 2공장(지하1층),경상북도 구미시 수출대로9길 16 (공단동),경상북도 구미시 공단동 171번지,132,132
382,구미시,공단동,공공용,주거시설,순천향대학교 구미병원 본관 지하1층,"경상북도 구미시 1공단로 179 (공단동, 구미순천향병원)",경상북도 구미시 공단동 250번지,1734,1734
383,구미시,공단동,공공용,교통시설,공단지하도 지하1층,경상북도 구미시 1공단로 196 (공단동),경상북도 구미시 공단동 264번지 19호,215,215
384,구미시,공단동,공공용,관공서,공단동행정복지센터 지하1층,경상북도 구미시 1공단로 198-8 공단동 행정복지센터(공단동),경상북도 구미시 공단동 265번지 27호,350,350
385,구미시,공단동,공공용,상업시설,한화시스템 본관동 지하1층,경상북도 구미시 1공단로 244 (공단동),경상북도 구미시 공단동 259번지,1381,1381
386,구미시,공단동,공공용,상업시설,블루큐브케미칼코리아유한회사(사무동) 지하1층,"경상북도 구미시 1공단로4길 96 (공단동, 블루큐브케미칼코리아(유)구미공장)",경상북도 구미시 공단동 288번지 11호,299,299
387,구미시,공단동,공공용,상업시설,삼성SDI 구미사업장(24동 물류동 지하 1층),"경상북도 구미시 구미대로 58 (공단동, 삼성SDI구미사업장)",경상북도 구미시 공단동 290번지,764,764
388,구미시,공단동,공공용,복지시설,근로자종합복지회관 지하1층,경상북도 구미시 산호대로 239 (공단동),경상북도 구미시 공단동 256번지 18호,571,571
389,구미시,공단동,공공용,상업시설,"엘지이노텍 구미4공장 지하1,2층 주차장","경상북도 구미시 산호대로 77 (공단동, LG전자구미3공장)",경상북도 구미시 공단동 299번지,4765,4765
390,구미시,공단동,공공용,상업시설,코오롱인더스트리 1식당 지하1층,"경상북도 구미시 수출대로 48 (공단동, 코오롱)",경상북도 구미시 공단동 212번지,1005,1005
391,구미시,광평동,공공용,관공서,광평동 행정복지센터(지하 1층),경상북도 구미시 광평길 55 (광평동),경상북도 구미시 광평동 532번지 7호,480,480
392,구미시,광평동,공공용,주거시설,광평푸르지오 1차아파트 지하주차장(지하1~2층),"경상북도 구미시 구미대로 186-20(광평동,구미광평푸르지오1차)",경상북도 구미시 광평동 792-15,19078,19078
393,구미시,광평동,공공용,관공서,시민운동장 지하주차장(지하 1층),"경상북도 구미시 박정희로 375-20,시민운동장(광평동)",경상북도 구미시 광평동 216,13797,13797
394,구미시,상모사곡동,공공용,주거시설,세양청마루아파트 지하주차장 1~4층,"경상북도 구미시 박정희로 90-14 (상모동, 세양청마루아파트)",경상북도 구미시 상모동 271번지,5171,5171
395,구미시,상모사곡동,공공용,주거시설,상모두산맨션아파트지하주차장1~2층,"경상북도 구미시 상모로 6 (상모동, 상모두산맨션)",경상북도 구미시 상모동 197번지 3호,744,744
396,구미시,상모사곡동,공공용,주거시설,보성황실1차아파트 지하주차장 1~4층,"경상북도 구미시 상사서로 128 (사곡동, 보성1차황실타운)",경상북도 구미시 사곡동 697번지 1호,5440,5440
397,구미시,상모사곡동,공공용,주거시설,우방신세계아파트2단지 지하주차장1~4층,"경상북도 구미시 상사서로 17 (상모동, 우방신세계타운2단지)",경상북도 구미시 상모동 76번지 1호,4684,4684
398,구미시,임오동,공공용,주거시설,대동2차행복타운 지하주차장 1층,"경상북도 구미시 금오대로10길 47 (오태동, 행복타운)",경상북도 구미시 오태동 776번지,364,364
399,구미시,임오동,공공용,주거시설,신한그린타운 지하주차장 1층,"경상북도 구미시 금오대로12길 43 (오태동, 오태신한그린타운2차)",경상북도 구미시 오태동 771번지,1487,1487
400,구미시,임오동,공공용,주거시설,대동타운3차 지하주차장 1층,"경상북도 구미시 금오대로14길 12 (오태동, 오태3차대동타운)",경상북도 구미시 오태동 744번지 1호,1752,1752
401,구미시,임오동,공공용,주거시설,대원가든타운2차 지하주차장 1층,"경상북도 구미시 금오대로14길 29 (오태동, 대원가든타운2차)",경상북도 구미시 오태동 758번지 1호,661,661
402,구미시,임오동,공공용,주거시설,대동타운1차 지하주차장 1층,"경상북도 구미시 금오대로20길 33 (오태동, 대동타운1차)",경상북도 구미시 오태동 761번지,264,264
403,구미시,임오동,공공용,주거시설,대원가든타운1차 지하주차장 1층,"경상북도 구미시 금오대로22길 29-26 (오태동, 대원가든타운1차)",경상북도 구미시 오태동 764번지,264,264
404,구미시,임오동,공공용,주거시설,오태늘푸른아파트 지하주차장 1층,"경상북도 구미시 금오대로5길 8-7 (오태동, 오태늘푸른아파트)",경상북도 구미시 오태동 738번지,926,926
405,구미시,임오동,공공용,주거시설,임은대동타운 지하주차장 1층,"경상북도 구미시 임은길 55-2 (임은동, 대동타운)",경상북도 구미시 임은동 371번지 2호,628,628
406,구미시,임오동,공공용,주거시설,구미임은삼도뷰엔빌아파트 지하주차장 1층~2층,"경상북도 구미시 왕산로28-12(임은동,구미임은삼도뷰엔빌W)",경상북도 구미시 임은동 822번지,36215,36215
407,구미시,임오동,공공용,주거시설,임은코오롱하늘채 지하주차장 1층~2층,"경상북도 구미시 왕산로28-13(임은동,임은코오롱하늘채)",경상북도 구미시 임은동 818번지,30741,30741
408,구미시,임오동,공공용,주거시설,임은태왕아너스파크 지하주차장 1층,"경상북도 구미시 왕산로70-9(임은동,임은태왕아너스파크)",경상북도 구미시 임은동 173번지,2383,2383
409,구미시,인동동,공공용,주거시설,화진금봉4차아파트 지하주차장 1층,"경상북도 구미시 검성로 103-40 (황상동, 금봉타운4차)",경상북도 구미시 황상동 149번지 6호,496,496
410,구미시,인동동,공공용,주거시설,화진금봉3차아파트 지하주차장 1층,"경상북도 구미시 검성로 103-48 (황상동, 금봉타운3차)",경상북도 구미시 황상동 149번지 3호,992,992
411,구미시,인동동,공공용,주거시설,화진금봉5차아파트 지하주차장 1층,"경상북도 구미시 검성로 103-53 (황상동, 금봉타운5차)",경상북도 구미시 황상동 118번지 5호,706,706
412,구미시,인동동,공공용,주거시설,서한이다음1차아파트 지하주차장 1층,"경상북도 구미시 여헌로 15 (인의동, 인동서한이다음)",경상북도 구미시 인의동 578번지,6060,6060
413,구미시,인동동,공공용,주거시설,인의대동다숲아파트 지하주차장 1~5층,"경상북도 구미시 인동17길 36 (인의동, 인의대동다숲아파트)",경상북도 구미시 인의동 651번지,4787,4787
414,구미시,인동동,공공용,주거시설,청구하이츠아파트 지하주차장 1~2층,"경상북도 구미시 인동19길 36-11 (인의동, 구미청구하이츠)",경상북도 구미시 인의동 652번지,7801,7801
415,구미시,인동동,공공용,주거시설,인의푸르지오아파트 지하주차장 1층,"경상북도 구미시 인동35길 33 (인의동, 구미인의푸르지오)",경상북도 구미시 인의동 986번지,2288,2288
416,구미시,진미동,공공용,주거시설,케이브머티리얼즈㈜ 기숙사 지하1층,"경상북도 구미시 3공단3로 242 (진평동, 케이브이머티리얼즈(주))",경상북도 구미시 진평동 644번지 1호,4628,4628
417,구미시,양포동,공공용,주거시설,부영2차아파트 지하주차장 1층,"경상북도 구미시 산호대로25길 39 (옥계동, 부영아파트)",경상북도 구미시 옥계동 617번지,3378,3378
418,구미시,양포동,공공용,주거시설,부영1차아파트 지하주차장 1층,"경상북도 구미시 산호대로25길 53 (옥계동, 부영아파트)",경상북도 구미시 옥계동 616번지 1호,3256,3256
419,구미시,양포동,공공용,주거시설,구미옥계 e편한세상 지하주차장 1층,"경상북도 구미시 산호대로39길 25 (옥계동, e-편한세상)",경상북도 구미시 옥계동 935번지,13200,13200
420,구미시,양포동,공공용,공장·창고시설,엘지이노텍(주)구미2공장 본관동(A동) 지하1층,"경상북도 구미시 옥계2공단로 221 (구포동, 엘지이노텍(주)구미2공장)",경상북도 구미시 구포동 624번지,1876,1876
421,구미시,양포동,공공용,주거시설,성원아파트 지하주차장 1층~3층,"경상북도 구미시 옥계2공단로 264-11 (구포동, 성원아파트)",경상북도 구미시 구포동 528번지,5474,5474
422,구미시,양포동,공공용,주거시설,삼구트리니엔 지하주차장 1층~2층,"경상북도 구미시 옥계북로 33 (옥계동, 삼구트리니엔)",경상북도 구미시 옥계동 907번지,3064,3064
423,구미시,양포동,공공용,주거시설,구미옥계현진에버빌엠파이어 지하주차장 1층~2층,"경상북도 구미시 옥계북로 69 (옥계동, 현진에버빌)",경상북도 구미시 옥계동 909번지,40923,40923
424,구미시,양포동,공공용,주거시설,구미옥계우미린 지하주차장 1층,"경상북도 구미시 해마루공원로 111 (옥계동, 우미린)",경상북도 구미시 옥계동 906번지,37757,37757
425,구미시,양포동,공공용,주거시설,에덴타운 지하주차장 1층~2층,"경상북도 구미시 흥안로 46 (옥계동, 에덴타운)",경상북도 구미시 옥계동 543번지,1190,1190
426,구미시,양포동,공공용,주거시설,대백타운 지하주차장 1층,"경상북도 구미시 흥안로 63 (옥계동, 대백타운)",경상북도 구미시 옥계동 540번지,2185,2185
427,구미시,양포동,공공용,주거시설,옥계 대동 한마음타운 지하주차장 1층,"경상북도 구미시 흥안로 75 (옥계동, 한마음타운)",경상북도 구미시 옥계동 539번지,1983,1983
428,구미시,양포동,공공용,주거시설,옥계 더힐 아파트 지하주차장 1층~2층,"경상북도 구미시 옥계북로 43-48 (옥계동, 옥계 더힐 아파트)",경상북도 구미시 옥계동 905-1 옥계 더힐 아파트,13918,13918
429,구미시,진미동,공공용,주거시설,인의주공 202동옆 지하1층주차장,"경상북도 구미시 인동16길 47-4 (진평동, 구미인의주공아파트)",경상북도 구미시 진평동 180번지,2787,2787
430,구미시,진미동,공공용,주거시설,인의주공 206동옆 지하1층주차장,"경상북도 구미시 인동16길 47-4 (진평동, 구미인의주공아파트)",경상북도 구미시 진평동 180번지,2621,2621
431,구미시,진미동,공공용,주거시설,진평주공 101동앞 지하1층주차장,"경상북도 구미시 인동26길 65 (진평동, 구미진평주공미래타운)",경상북도 구미시 진평동 1063번지,6913,6913
432,구미시,진미동,공공용,주거시설,진평주공 106동앞 지하1층주차장,"경상북도 구미시 인동26길 65 (진평동, 구미진평주공미래타운)",경상북도 구미시 진평동 1063번지,4305,4305
433,구미시,진미동,공공용,주거시설,진평주공 108동앞 지하1층주차장,"경상북도 구미시 인동26길 65 (진평동, 구미진평주공미래타운)",경상북도 구미시 진평동 1063번지,3283,3283
434,구미시,원평동,공공용,상업시설,S타워 지하주차장 1층,"경상북도 구미시 구미중앙로 149, S타워 (원평동)",경상북도 구미시 원평동 518-1,1256,1256
435,구미시,송정동,공공용,주거시설,대웅솔랜드101동 지하주차장 1층,"경상북도 구미시 화신로 166-6 (송정동, 대웅솔랜드)",경상북도 구미시 송정동 300-7 대웅솔랜드,1282,1282
436,구미시,송정동,공공용,주거시설,대웅솔랜드 103동 지하주차장 1층,"경상북도 구미시 화신로 166-8, 103동 (송정동, 대웅솔랜드)",경상북도 구미시 송정동 300-6 대웅솔랜드 103동,910,910
437,구미시,도량동,공공용,주거시설,도량롯데캐슬골드파크 지하주차장 2층,"경상북도 구미시 문장로 111 (도량동, 도량 롯데캐슬 골드파크)",경상북도 구미시 도량동 868 도량 롯데캐슬 골드파크,26037,26037
438,구미시,산동읍,공공용,주거시설,중흥S클래스에코시티 지하주차장 1층~2층,경상북도 구미시 산동읍 신당인덕1로 135 (중흥에스-클래스에코시티),경상북도 구미시 산동읍 인덕리 1107 중흥에스-클래스에코시티,86855.9,86855
439,구미시,산동읍,공공용,주거시설,우미린풀하우스 지하주차장 1층,경상북도 구미시 산동읍 신당인덕3로 1 (우미린풀하우스),경상북도 구미시 산동읍 인덕리 1102 우미린풀하우스,49335,49335
440,구미시,산동읍,공공용,주거시설,쌍용예가더파크 지하주차장 1층~2층,경상북도 구미시 산동읍 신당4로 56 (쌍용예가 더파크),경상북도 구미시 산동읍 신당리 1790 쌍용예가 더파크,27824.45,27824
441,구미시,산동읍,공공용,주거시설,우미린센트럴파크 지하주차장 1층~2층,경상북도 구미시 산동읍 신당3로 16 (우미린센트럴파크),경상북도 구미시 산동읍 신당리 1383 우미린센트럴파크,58860,58860
442,구미시,산동읍,공공용,주거시설,구미확장단지 골드클래스 지하주차장 1층~2층,경상북도 구미시 산동읍 신당3로 43 (구미확장단지골드클래스),경상북도 구미시 산동읍 신당리 1388 구미확장단지골드클래스,34823.17,34823
443,구미시,산동읍,공공용,주거시설,구미확장단지 골드디움 지하주차장 1층~2층,경상북도 구미시 산동읍 신당3로 15 (구미확장단지골드디움),경상북도 구미시 산동읍 신당리 1391 구미확장단지골드디움,27984,27984
444,구미시,산동읍,공공용,주거시설,구미호반베르디움 엘리트시티 지하주차장 1층~2층,경상북도 구미시 산동읍 해마루공원로 115 (구미호반베르디움엘리트시티),경상북도 구미시 산동읍 신당리 1474 구미호반베르디움엘리트시티,64503,64503
445,구미시,비산동,공공용,주거시설,강변뉴타운 효성해링턴플레이스(지하1층주차장),"경상북도 구미시 신비로 100(공단동, 강변효성해링턴)",경상북도 구미시 공단동 761 강변효성해링턴,22763.15,22763
446,구미시,송정동,공공용,주거시설,힐스테이트송정아파트 1단지 지하주차장 1~2층,"경상북도 구미시 백산로5길 9(송정동, 힐스테이트 송정 1단지)",경상북도 구미시 송정동 529 힐스테이트 송정 1단지,16411,16411
447,구미시,송정동,공공용,주거시설,힐스테이트송정아파트 2단지 지하주차장 1~2층,"경상북도 구미시 백산로5길 20(송정동, 힐스테이트 송정 2단지)",경상북도 구미시 송정동 531 힐스테이트 송정 2단지,4494,4494
448,구미시,신평1동,공공용,주거시설,광신프로그레스 구미 1단지 지하 1~2층,"경상북도 구미시 칠성로2길 12(원평동, 광신프로그레스)",경상북도 구미시 원평동 1128 광신 프로그레스 구미,8383,8383
449,구미시,신평1동,공공용,주거시설,광신프로그레스 구미 2단지 지하 1~2층,"경상북도 구미시 칠성로2길 11(원평동, 광신프로그레스)",경상북도 구미시 원평동 1127 광신 프로그레스 구미,12117,12117
450,구미시,선주원남동,공공용,주거시설,구미봉곡코아루아파트 지하주차장 1~2층,"경상북도 구미시 봉곡북로7길 25(봉곡동, 구미 봉곡 코아루)",경상북도 구미시 봉곡동 657 구미 봉곡 코아루,13292,13292
451,구미시,선주원남동,공공용,주거시설,영남네오빌시티2단지 지하주차장 1층,"경상북도 구미시 봉곡로23길6-20(봉곡동, 영남네오빌시티2단지)",경상북도 구미시 봉ㄱ속동 528 영남네오빌시티 2단지,6430,6430
452,구미시,선주원남동,공공용,주거시설,봉곡아이파크2차 지하주차장 1층,"경상북도 구미시 봉곡남로20길 15(봉곡동, 봉곡2차아이파크)",경상북도 구미시 봉곡동 392 봉곡2차아이파크,9244,9244
453,구미시,선주원남동,공공용,주거시설,봉곡e편한세상아파트 지하주차장 1~2층,"경상북도 구미시 봉곡로24길 33-11(봉곡동, 봉곡e편한세상)",경상북도 구미시 봉곡동 764 봉곡e편한세상,57636,57636
454,영주시,휴천1동,공공용,주거시설,세영첼시빌 아파트 지하주차장 1층,"경상북도 영주시 남간로 71번길 10 (휴천동, 세영첼시빌)",경상북도 영주시 휴천동 1213번지,1220,1220
455,영주시,영주2동,공공용,종교시설,신영주교회 지하교육관1층,경상북도 영주시 원당로 30 (가흥동),경상북도 영주시 가흥동 1450번지 1호,250,250
456,영주시,가흥1동,공공용,주거시설,가흥주공아파트 지하대피소 1층,경상북도 영주시 대학로 130 (가흥동),경상북도 영주시 가흥동 1385번지,3292,3292
457,영주시,가흥1동,공공용,주거시설,현대2차강변아파트 101동 지하주차장 1층,"경상북도 영주시 대동로 98 (가흥동, 현대2차강변아파트)",경상북도 영주시 가흥동 331번지 2호,2611,2611
458,영주시,가흥1동,공공용,주거시설,부영아파트 지하주차장 1~2층,"경상북도 영주시 대동로 7 (가흥동, 영주가흥사랑으로부영아파트)",경상북도 영주시 가흥동 1620번지,57305,57305
459,영주시,가흥1동,공공용,주거시설,세영리첼아파트 지하주차장 1~2층,"경상북도 영주시 대동로 2 (가흥동, 세영리첼아파트)",경상북도 영주시 가흥동 1796번지,22843,22843
460,영주시,가흥1동,공공용,학교시설,영주폴리텍VI대학 본관 지하1층,경상북도 영주시 가흥로 2 (문정동),경상북도 영주시 문정동 580번지,327,327
461,영주시,가흥1동,공공용,관공서,영주교육지원청 지하공공업무시설 1층,경상북도 영주시 가흥로 165 (가흥동),경상북도 영주시 가흥동 279번지 2호,391,391
462,영주시,가흥1동,공공용,주거시설,코아루노블아파트 지하주차장 1층,경상북도 영주시 대학로261번길 27(가흥동),경상북도 영주시 가흥동 1619번지,4442,4442
463,영주시,가흥2동,공공용,학교시설,영주여자중학교 기계실 지하1층,"경상북도 영주시 신재로 14 (가흥동, 영주여자중학교)",경상북도 영주시 가흥동 521번지 12호,268,268
464,영주시,가흥2동,공공용,주거시설,가흥동 현대아파트 지하대피소 1층,"경상북도 영주시 신재로 12번길 67 (가흥동, 현대아파트)",경상북도 영주시 가흥동 520번지 3호,2099,2099
465,영주시,가흥2동,공공용,주거시설,가흥동 3주공아파트 주민복지관 지하1층,경상북도 영주시 가흥로 343 (가흥동),경상북도 영주시 가흥동 1488번지,438,438
466,영주시,상망동,공공용,주거시설,코아루아파트 지하주차장 1층,"경상북도 영주시 원당로 225번길 67 (상망동, 코아루아파트)",경상북도 영주시 상망동 834번지,15012,15012
467,영주시,상망동,공공용,주거시설,영남동산아파트 1동 지하추자장 1층,"경상북도 영주시 원당로 223번길 지하 57 (하망동, 영남동산아파트 1동 지하주차장에 대피소가 위치함)",경상북도 영주시 하망동 88번지 1동 지하주차장에 대피소가 위치함,1150,1150
468,영주시,상망동,공공용,주거시설,경일미래타운아파트 지하주차장 1층,"경상북도 영주시 웃무리로 13번길 15 (상망동, 경일미래타운)",경상북도 영주시 상망동 562번지 2호,2457,2457
469,영주시,상망동,공공용,관공서,상망동 행정복지센터 지하주차장 1층,경상북도 영주시 광복로 87,경상북도 영주시 하망동 154번지 3호,779,779
470,영주시,영주1동,공공용,의료시설,영주기독병원 지하1층,경상북도 영주시 구성로 380 (영주동),경상북도 영주시 영주동 547번지 4호,132,132
471,영주시,영주1동,공공용,종교시설,영주제일교회 지하1층,경상북도 영주시 광복로 37 (영주동),경상북도 영주시 영주동 42번지 11호,188,188
472,영주시,영주1동,공공용,상업시설,남서울예식장 지하식당 1층,경상북도 영주시 광복로 32번길 16 (영주동),경상북도 영주시 영주동 352번지 4호,298,298
473,영주시,영주2동,공공용,관공서,영주우체국 지하주차장 1~2층,"경상북도 영주시 중앙로 49 (영주동, 영주우체국)",경상북도 영주시 영주동 423번지 1호,1193,1193
474,영주시,영주2동,공공용,주거시설,동진타워아파트 지하주차장 1~2층,"경상북도 영주시 선비로 223 (영주동, 동진타워아파트)",경상북도 영주시 영주동 513번지 3호,2605,2605
475,영주시,영주2동,공공용,관공서,시민회관 지하1층,"경상북도 영주시 선비로 213 (영주동, 시민회관)",경상북도 영주시 영주동 470번지 62호,278,278
476,영주시,풍기읍,공공용,금융시설,농협풍기지점 사무소 지하1층,경상북도 영주시 풍기읍 풍기로 65 (농협풍기지점),경상북도 영주시 풍기읍 26번지 1호,100,100
477,영주시,풍기읍,공공용,상업시설,풍기호텔 지하1층,경상북도 영주시 풍기읍 풍기로 53 (풍기호텔),경상북도 영주시 풍기읍 51번지 15호,826,826
478,영주시,풍기읍,공공용,교육연구시설,풍기우정교육센터 지하교육원 1층,경상북도 영주시 풍기읍 죽령로 1396 (풍기온천수련원우체국),경상북도 영주시 풍기읍 438번지,616,616
479,영주시,풍기읍,공공용,학교시설,동양대학교 현암관 지하1층,경상북도 영주시 풍기읍 동양대로 145 (동양대학교),경상북도 영주시 풍기읍 574번지,130,130
480,영주시,풍기읍,공공용,학교시설,동양대학교 신재1관 지하1층,경상북도 영주시 풍기읍 동양대로 145 (동양대학교),경상북도 영주시 풍기읍 574번지,165,165
481,영주시,풍기읍,공공용,관공서,풍기읍 주민자치센터 지하1층,경상북도 영주시 풍기읍 동성로 18 (풍기문화의집),경상북도 영주시 풍기읍 463번지 1호,100,100
482,영주시,하망동,공공용,상업시설,농협중앙회 지하주차장 1층,경상북도 영주시 중앙로 100 (하망동),경상북도 영주시 하망동 343번지 12호 농협중앙회,443,443
483,영주시,하망동,공공용,주거시설,코오롱2차아파트 지상1층 주차장,"경상북도 영주시 영주로 303 (하망동, 코오롱2차아파트)",경상북도 영주시 하망동 276번지 23호 코오롱2차아파트,410,410
484,영주시,하망동,공공용,주거시설,코오롱2차아파트 보일러실 1층,"경상북도 영주시 영주로 303 (하망동, 코오롱2차아파트)",경상북도 영주시 하망동 276번지 23호 코오롱2차아파트,965,965
485,영주시,영주1동,공공용,금융시설,대구은행 지하주차장 1층,경상북도 영주시 번영로 149 (하망동),경상북도 영주시 하망동 344번지 34호 대구은행,298,298
486,영주시,하망동,공공용,주거시설,스카이타운 아파트 지하주차장 1층,"경상북도 영주시 번영로 128 (하망동, 스카이타운)",경상북도 영주시 하망동 366번지 1호 스카이타운,2249,2249
487,영주시,휴천1동,공공용,주거시설,현대동산아파트 지하주차장 1층,"경상북도 영주시 남간로 38-10 (휴천동, 현대동산아파트)",경상북도 영주시 휴천동 168번지,3461,3461
488,영주시,휴천2동,공공용,주거시설,현대2차 아파트 203동 지하주차장 1층,"경상북도 영주시 지천로50번길 38 (휴천동, 휴천2차현대아파트)",경상북도 영주시 휴천동 452번지,1179,1179
489,영주시,휴천2동,공공용,관공서,영주시청 구내식당 지하1층,"경상북도 영주시 시청로 1 (휴천동, 영주시청)",경상북도 영주시 휴천동 470번지,256,256
490,영주시,휴천2동,공공용,관공서,영주시청 대피소 주차장 지하1층,"경상북도 영주시 시청로 1 (휴천동, 영주시청)",경상북도 영주시 휴천동 470번지,661,661
491,영주시,휴천2동,공공용,상업시설,벨리나웨딩홀 지하식당 1층,경상북도 영주시 선비로 104 (휴천동),경상북도 영주시 휴천동 302번지 1호,787,787
492,영주시,휴천2동,공공용,학교시설,경북전문대 학생군사교육단 지하1층,"경상북도 영주시 대학로 77 (휴천동, 경북전문대학교)",경상북도 영주시 휴천동 630번지,529,529
493,영주시,휴천3동,공공용,방송통신시설,KT영주지사 지하주차장 1층,"경상북도 영주시 구성로 269 (휴천동, 한국통신)",경상북도 영주시 휴천동 677번지,119,119
494,영주시,휴천3동,공공용,상업시설,농협파머스마켓 지하주차장 1층,"경상북도 영주시 구성로 25 (휴천동, GS25 편의점)",경상북도 영주시 휴천동 962번지 5호,4438,4438
495,영주시,휴천3동,공공용,주거시설,남산현대아파트 지하주차장 1~2층,"경상북도 영주시 구성로 142번길 20 (휴천동, 남산현대아파트)",경상북도 영주시 휴천동 1777번지,5769,5769
496,영주시,가흥2동,공공용,상업시설,로컬푸드직매장 지하주차장 1층,경상북도 영주시 대학로284번길 5(가흥동),경상북도 영주시 가흥동 1530번지,830.72,830
497,영주시,휴천1동,공공용,주거시설,화성라온빌아파트 지하주차장 1층,"경상북도 영주시 남간로 71번길 46 (휴천동, 화성라온빌)",경상북도 영주시 휴천동 1980번지,557,557
498,영주시,가흥2동,공공용,주거시설,영주가흥더리브스위트엠아파트 지하주차장,"경상북도 영주시 대학로 324 (가흥동, 영주가흥더리브스위트엠)",경상북도 영주시 가흥동 2057번지,9240,9240
499,영천시, 금호읍,공공용,주거시설,윤성모닝타운,영천시 금호읍 원제2길 16-8,영천시 금호읍 원제리 20,4950,4950
500,영천시, 금호읍,공공용,주거시설,금호우방타운,영천시 금호읍 덕성길 12,영천시 금호읍 교대리 410,2640,2640
501,영천시, 금호읍,공공용,주거시설,태성맨션,영천시 금호읍 금호로 88,영천시 금호읍 덕성리 101-4,1120,1120
502,영천시,동부동,공공용,주거시설,한신더휴아파트,영천시 망정1길 171,영천시 야사동 671,39704,39704
503,영천시,동부동,공공용,운동시설,효성볼링장,영천시 호국로 27(야사동),영천시 야사동 290-1,990,990
504,영천시,동부동,공공용,금융시설,영동새마을금고,영천시 호국로 36-1(야사동),영천시 야사동 295-1,320,320
505,영천시,동부동,공공용,주거시설,영천망정1.2단지1주공,영천시 동부로 40(망정동),영천시 망정동 129,855,855
506,영천시,동부동,공공용,주거시설,영천망정1.2단지2주공,영천시 동부로 40(망정동),영천시 망정동 129,2010,2010
507,영천시,동부동,공공용,주거시설,청구1차아파트,영천시 모란1길 18(야사동),영천시 야사동 350-1,2081,2081
508,영천시,동부동,공공용,주거시설,청구2차아파트,영천시 모란1길 18(야사동),영천시 야사동 350-1,1758,1758
509,영천시,동부동,공공용,주거시설,영천창신타운,영천시 창신1길 21,영천시 망정동 471,7326,7326
510,영천시,동부동,공공용,주거시설,영천우방타운,영천시 동부로 15(야사동),영천시 야사동 202,3014,3014
511,영천시,동부동,공공용,주거시설,영천망정3.4단지4주공,영천시 동부로 14(망정동),영천시 망정동 116,4314,4314
512,영천시,동부동,공공용,주거시설,망정휴먼시아5단지,영천시 망정로 80(망정동),영천시 망정동 378-1,6570,6570
513,영천시,동부동,공공용,주거시설,청솔 아파트,영천시 창신1길 42,영천시 망정동 461,3568,3568
514,영천시,동부동,공공용,주거시설,보성스타팰리스,영천시 망정1길 138,영천시 망정동 309-2,4109,4109
515,영천시,중앙동,공공용,관공서,영천시청,영천시 시청로 16(문외동),영천시 문외동 16,1007,1007
516,영천시,중앙동,공공용,관공서,영천시보건소,영천시 옛군청1길 31(문내동),영천시 문내동 152-1,250,250
517,영천시,중앙동,공공용,주거시설,무궁화타운,영천시 충효로 97(문외동),영천시 문외동 49,989,989
518,영천시,중앙동,공공용,주거시설,삼산무지개타운,영천시 청산길 29(문외동),영천시 문외동 200,2281,2281
519,영천시,중앙동,공공용,관공서,농업기술센터,영천시 천문로 622-13(오미동),영천시 오미동 1146-2,99,99
520,영천시,중앙동,공공용,주거시설,대동다숲 아파트,"영천시 중앙동1길 102-10,11",영천시 문외동 143,3120,3120
521,영천시,서부동,공공용,의료시설,영남대학교부속영천병원,영천시 오수1길 10(오수동),영천시 오수동 307,495,495
522,영천시,서부동,공공용,관공서,영천교육청,영천시 장수로 18-2(화룡동),영천시 화룡동 203,147,147
523,영천시,서부동,공공용,금융시설,교동새마을금고,영천시 최무선로 214(성내동),영천시 성내동 193-1,258,258
524,영천시,서부동,공공용,관공서,청소년수련관,영천시 운동장로 92(교촌동),영천시 교촌동 336-2,330,330
525,영천시,완산동,공공용,금융시설,농협중앙회영천시지회,영천시 완산로 48(완산동),영천시 완산동 974-18,512,512
526,영천시,완산동,공공용,상업시설,스타컨벤션웨딩,영천시 구읍 1길 9(완산동),영천시 완산동 1100,793,793
527,영천시,완산동,공공용,금융시설,대구은행영천지점,영천시 시장로 45(완산동),영천시 완산동 1072-5,990,990
528,영천시,완산동,공공용,상업시설,SD웨딩컨벤션,영천시 완산로 68(완산동),영천시 완산동 100-19,627,627
529,영천시,완산동,공공용,주거시설,완산청구하이츠 아파트,영천시 강남길 31,영천시 완산동 988-4,4195,4195
530,영천시,완산동,공공용,주거시설,완산 미소지움(1차),영천시 완산5길 25,영천시 완산동 1460,16846,16846
531,영천시,완산동,공공용,주거시설,완산 미소지움(2차),영천시 완산5길 111,영천시 완산동 1470,25714,25714
532,영천시,완산동,공공용,주거시설,e편한세상 센텀스타시티 1블럭,영천시 완산9길 15,영천시 완산동 1436,21837,21837
533,영천시,완산동,공공용,주거시설,e편한세상 센텀스타시티 2블럭,영천시 완산9길 16,영천시 완산동 1437,23481,23481
534,영천시,완산동,공공용,관공서,완산동행정복지센터,영천시 시장로 151,영천시 완산동 502,698,698
535,영천시,완산동,공공용,상업시설,고은스퀘어 지하주차장,영천시 시장로 106,영천시 완산동 1403,871,871
536,영천시,완산동,공공용,상업시설,완산골드타워지하주차장,영천시 시장로 120,영천시 완산동 1411,1054,1054
537,영천시,남부동,공공용,관공서,한전영천지점,영천시 천문로 199(금노동),영천시 금노동 388-16,105,105
538,영천시,남부동,공공용,주거시설,가와인 아파트,영천시 봉동1길 51,영천시 봉동 805,9224,9224
539,영천시,동부동,공공용,주거시설,인터불고코아루아파트,영천시 창신1길 42,영천시 망정동 461,12569.35,12569
540,영천시,동부동,공공용,주거시설,아이존빌스타아파트,영천시 창신1길 35,영천시 망정동 468,24383.89,24383
541,상주시,남원동,공공용,주차장,상주시공영유료주차장 지하 1층,상산로 256-5(남성동),경상북도 상주시 남성동 85번지 49호,1424,1424
542,상주시,남원동,공공용,주거시설,대림아크로빌아파트 지하주차장 1층,상서문로 5(낙양동),경상북도 상주시 낙양동 171번지 3호,1593,1593
543,상주시,북문동,공공용,주거시설,상주 무양엘에이치천년나무아파트 지하주차장 1층,상주시 동수4길 33(무양동),경상북도 상주시 무양동 299번지,13518,13518
544,상주시,북문동,공공용,주거시설,상주 무양엘에이치7단지아파트 지하주차장 1층,상주시 동수4길 55(무양동),경상북도 상주시 무양동 300번지,12411,12411
545,상주시,계림동,공공용,주거시설,진주맨션2차 지하주차장 1층,상주시 냉림안길 52(냉림동),경상북도 냉림동 155번지,1834,1834
546,상주시,계림동,공공용,상업시설,KT 상주지사 지하 1층,상산로389(냉림동),경상북도 상주시 냉림동 373번지 1호,432,432
547,상주시,계림동,공공용,주차장,부민강변타운 지하주차장 1층,상주시 복룡냉림길 37(냉림동),경상북도 상주시 냉림동 42번지 1호,1390,1390
548,상주시,계림동,공공용,의료시설,성모병원 지하 1층,상주시 냉림서성길 7(냉림동),경상북도 상주시 냉림동 350번지 5호,1502,1502
549,상주시,계림동,공공용,주거시설,지엘리더스파크골드 1단지아파트 지하주차장 1층,상주시 영남제일로1651(냉림동),경상북도 상주시 냉림동 111번지,787,787
550,상주시,계림동,공공용,주거시설,지엘리더스파크골드 2단지아파트 지하주차장 1층,상주시 영남제일로 1649(냉림동),경상북도 상주시 냉림동 111번지 5호,720,720
551,상주시,남원동,공공용,주거시설,경희삼백2차아파트 지하주차장 1층,상주시 낙양3길 29(낙양동),경상북도 상주시 낙양동 145번지 1호,1897,1897
552,상주시,남원동,공공용,주차장,국민은행 상주지점 지하주차장 1층,상산로269(남성동),경상북도 상주시 남성동 12번지 10호,370,370
553,상주시,남원동,공공용,주거시설,명지1차아파트 지하주차장 1층,상주시 경상대로 2930-10(낙양동),경상북도 상주시 낙양동 199번지 1호,3451,3451
554,상주시,남원동,공공용,주거시설,명지2차아파트 지하주차장 1층,상주시 경상대로 2930-9(낙양동 명지2차아파트),경상북도 상주시 낙양동 199번지 39호,998,998
555,상주시,남원동,공공용,주거시설,무지개타운 지하주차장 1층,상서문2길 114-11(남성동),경상북도 상주시 남성동 120번지 5호,1570,1570
556,상주시,남원동,공공용,의료시설,상주적십자병원 지하 1층,상주시 상서문로 53(남성동),경상북도 상주시 남성동 33번지 27호,1256,1256
557,상주시,남원동,공공용,관공서,상주시청(시 청사) 지하 1층,상산로 223(남성동),경상북도 상주시 남성동 140번지 3호,327,327
558,상주시,북문동,공공용,주거시설,상주무양태왕아너스 아파트 지하주차장 1층,상주시 동수4길 42-7(무양동),경상북도 상주시 무양동 318,6988,6988
559,상주시,동문동,공공용,주거시설,우방아파트 지하주차장 1층,상주시 복룡3길 7(복룡동),경상북도 상주시 복룡동 230번지 11호,4070,4070
560,상주시,동성동,공공용,주거시설,경희삼백1차아파트 지하주차장 1층,상주시 성동1길 74,경상북도 상주시 성동동 63번지,2198,2198
561,상주시,동성동,공공용,관공서,상주경찰서 지하 1층,상주시 중앙로 230(성하동),경상북도 상주시 성하동 13번지 2호,408,408
562,상주시,북문동,공공용,주거시설,지엘리베라움아파트 지하주차장 1층,상주시 봉양1길 126(무양동),경상북도 상주시 무양동 315번지,9396,9396
563,상주시,사벌국면,공공용,관공서,사벌국면행정복지센터 지하 1층,상주시 사벌국면 덕담1길 39,경상북도 상주시 사벌국면 덕담리 391번지3,76,76
564,상주시,신흥동,공공용,주거시설,동아아파트 상가 지하 1층,상주시 상산로 145(신봉동),경상북도 상주시 신봉동 179번지 4호,582,582
565,상주시,신흥동,공공용,주거시설,명지3차아파트 지하주차장 1층,상주시 경상대로2749-10(신봉동),경상북도 상주시 신봉동 603번지 1호,3270,3270
566,상주시,신흥동,공공용,학교시설,상주고등학교 지하 1층,"상주시 상산로 117 (신봉동, 상주고등학교)",경상북도 상주시 신봉동 258번지,173,173
567,상주시,신흥동,공공용,학교시설,경북대학교 상주캠퍼스 8호관 지하 1층,상주시 경상대로 2559(가장동),경상북도 상주시 가장동 386번지,1126,1126
568,상주시,신흥동,공공용,학교시설,경북대학교 상주캠퍼스 생활관 지하 1층,상주시 경상대로 2559(가장동),경상북도 상주시 가장동 386번지,130,130
569,상주시,신흥동,공공용,학교시설,경북대학교 상주캠퍼스 학생회관 지하 1층,상주시 경상대로 2559(가장동),경상북도 상주시 가장동 386번지,127,127
570,상주시,신흥동,공공용,학교시설,경북대학교 상주캠퍼스 1호관 지하 1층,상주시 경상대로 2559(가장동),경상북도 상주시 가장동 386번지,116,116
571,상주시,신흥동,공공용,학교시설,경북대학교 상주캠퍼스 2호관 지하 1층,상주시 경상대로 2559(가장동),경상북도 상주시 가장동 386번지,129,129
572,상주시,신흥동,공공용,학교시설,경북대학교 상주캠퍼스 3호관 지하 1층,상주시 경상대로 2559(가장동),경상북도 상주시 가장동 386번지,128,128
573,상주시,신흥동,공공용,학교시설,경북대학교 상주캠퍼스 4호관 지하 1층,상주시 경상대로 2559(가장동),경상북도 상주시 가장동 386번지,443,443
574,상주시,신흥동,공공용,학교시설,경북대학교 상주캠퍼스 5호관 지하 1층,상주시 경상대로 2559(가장동),경상북도 상주시 가장동 386번지,283,283
575,상주시,신흥동,공공용,학교시설,경북대학교 상주캠퍼스 도서관 지하 1층,상주시 경상대로 2559(가장동),경상북도 상주시 가장동 386번지,750,750
576,상주시,신흥동,공공용,주거시설,청구타운아파트 지하주차장 1층,상주시 경상대로 2811(신봉동),경상북도 상주시 신봉동 537번지 1호,2123,2123
577,상주시,신흥동,공공용,주거시설,현대아파트 지하주차장 1층,상주시 상산로 174(신봉동),경상북도 상주시 신봉동 165번지 2호,3061,3061
578,상주시,함창읍,공공용,주거시설,함창LH천년나무 1단지 아파트 지하주차장 1층,상주시 함창읍 구향4길 15,경상북도 상주시 함창읍 구향리 609,4866,4866
579,상주시,북문동,공공용,관공서,상주시 의회청사 지하 1층,상주시 중앙로 111(무양동),경상북도 상주시 무양동 33-4,294.22,294
580,상주시,함창읍,공공용,종교시설,함창장로교회 지하 1층,상주시 함창시장2길 37-15,경상북도 상주시 함창읍 구향리 130,60,60
581,상주시,외남면,공공용,관공서,외남면행정복지센터 지하 1층,상주시 외남면 석단로 932,경상북도 상주시 외남면 신상리 283-2,85,85
582,상주시,이안면,공공용,관공서,이안면행정복지센터 지하 1층,상주시 이안면 양범안룡길 46,경상북도 상주시 이안면 양범리 281-1,88,88
583,문경시,문경읍,공공용,의료시설,문경시립요양병원 지하1층,경북 문경시 문경읍 여우목로 31,경북 문경시 문경읍 하리 360,235,235
584,문경시,가은읍,공공용,문화·집회시설,문경석탄박물관 갱도체험장 지하1층,경북 문경시 가은읍 왕능길 112,경북 문경시 가은읍 왕능리 432-5,1805,1805
585,문경시,점촌1동,공공용,주거시설,에이스아파트 지하주차장 1층,경북 문경시 돈달산길 13,경북 문경시 점촌동 594,1533,1533
586,문경시,점촌1동,공공용,복지시설,문경시 노인복지관 지하주차장 1층,경북 문경시 점촌5길 20,경북 문경시 점촌동 224,2513,2513
587,문경시,점촌2동,공공용,상업시설,중앙시장상가 지하주차장 1층,경북 문경시 중앙로 87,경북 문경시 점촌동 197-14,1253,1253
588,문경시,점촌3동,공공용,주거시설,푸른숲아파트 지하주차장 1층,경북 문경시 돈달로 199,경북 문경시 흥덕동 631-1,6063,6063
589,문경시,점촌3동,공공용,주거시설,e-편한세상 상무아파트 지하주차장 1층,경북 문경시 호서로 177,경북 문경시 흥덕동 827,4303,4303
590,문경시,점촌4동,공공용,주거시설,신평마을아파트 지하1층,경북 문경시 공평로 58-9,경북 문경시 공평동 404-13,113.65,113
591,문경시,점촌5동,공공용,주거시설,현대아파트 지하주차장 1층,경북 문경시 시청3길 10,경북 문경시 모전동 264,1147,1147
592,문경시,점촌5동,공공용,주거시설,대동아파트 지하주차장 1층,경북 문경시 매봉4길 15,경북 문경시 모전동 869,5920,5920
593,문경시,점촌5동,공공용,주거시설,남도맨션 지하주차장 1층,경북 문경시 모전로 94,경북 문경시 모전동 118-4,3262,3262
594,문경시,점촌5동,공공용,관공서,문경시청 지하 1층,경북 문경시 당교로 225,경북 문경시 모전동 220,661,661
595,문경시,점촌5동,공공용,주거시설,브리티시 지하주차장 1층,경북 문경시 당교로 231,경북 문경시 모전동 860-11,1156,1156
596,문경시,점촌5동,공공용,주거시설,신원아침도시아파트 지하주차장 1층,경북 문경시 여중1길 30,경북 문경시 모전동 949,7586,7586
597,문경시,점촌5동,공공용,주거시설,문경코아루아파트 지하주차장 1층,경북 문경시 당교6길 25,경북 문경시 모전동 1150,15317,15317
598,문경시,점촌1동,공공용,주거시설,점촌코아루아파트 지하주차장 1층,경북 문경시 상신로 115,경북 문경시 모전동 948,2865,2865
599,경산시,서부2동,공공용,주거시설,경남신성아파트(110동 1-2호라인앞지하주차장 1층),경산시 성암로21길 69(중산동),경산시 중산동 35번지 3호,14344,14344
600,경산시,진량읍,공공용,주거시설,"보국웰리치(지하주차장 1층,2층)",경산시 진량읍 해든길 11,경산시 진량읍 205번지 1호,10035,10035
601,경산시,동부동,공공용,주거시설,부영6차사랑으로 아파트 (지하주차장 1층),경산시 백자로 10길 11,경산시 사동 148번지,57316,57316
602,경산시,압량읍,공공용,주거시설,"신대팰리스(104,5,6,7,8동 지하1층 주차장)",경산시 압독2로 45,경산시 압량면 485번지,8648,8648
603,경산시,진량읍,공공용,주거시설,"삼주1차봉황타운(101,2,3동 지하1층 주차장)",경산시 진량읍 봉황길 31,경산시 진량읍 71번지 1호,4621,4621
604,경산시,진량읍,공공용,주거시설,삼주봉황3차아파트(지하주차장 1층),경산시 진량읍 봉황길 21,경산시 진량읍 62번지 16호,3148,3148
605,경산시,진량읍,공공용,주거시설,"삼주봉황4차아파트(501,6동 지하1층주차장)",경산시 진량읍 봉황길 72,경산시 진량읍 100번지,7759,7759
606,경산시,진량읍,공공용,주거시설,선화청구타운(지하주차장 1층),경산시 진량읍 영청길 22,경산시 진량읍 731번지,2876,2876
607,경산시,서부1동,공공용,주거시설,성암산신동아파밀리에(110동대 지하주차장 1층),경산시 장산로4길 10,경산시 옥곡동 85번지 1호,45849,45849
608,경산시,하양읍,공공용,주거시설,우방3차아파트(지하주차장 1층),경산시 하양읍 문화로 3,경산시 하양읍 130번지 8호,3478,3478
609,경산시,하양읍,공공용,주거시설,청구아파트(지하주차장 1층),경산시 하양읍 하양로33길 6,경산시 하양읍 1082번지 1호,4486,4486
610,경산시,하양읍,공공용,주거시설,청구2차아파트(지하주차장 1층),경산시 하양읍 하양로 202-8,경산시 하양읍 740번지 1호,3398,3398
611,경산시,하양읍,공공용,주거시설,"하양롯데아파트(지하주차장 1층,2층)",경산시 하양읍 대학로298길 20-9,경산시 하양읍 392번지 1호,4747,4747
612,경산시,하양읍,공공용,주거시설,"2차롯데낙천대아파트(지하주차장 1층,2층)",경산시 하양읍 대학로295길 26,경산시 하양읍 407번지 1호,10248,10248
613,경산시,하양읍,공공용,주거시설,동신타운(지하주차장 1층),경산시 하양읍 무학로 6,경산시 하양읍 112번지 6호,3022,3022
614,경산시,하양읍,공공용,상업시설,"크레용시티(지하주차장 1층,2층,3층,4층)",경산시 하양읍 하양로 69,경산시 하양읍 117번지 20호,4408,4408
615,경산시,와촌면,공공용,주거시설,예다인아파트(지하주차장 1층),경산시 금송로 325,경산시 와촌면 594번지 1호,2006,2006
616,경산시,압량읍,공공용,주거시설,"부적주공아파트(106동,107동 지하1층 주차장)",경산시 압량면 조산로 26,경산시 압량면 777번지,1521,1521
617,경산시,압량읍,공공용,주거시설,"윤성3차아파트(101동,102동 지하1층 주차장)",경산시 압량면 연지길 152,경산시 압량면 47번지,1421,1421
618,경산시,압량읍,공공용,주거시설,한라빌라트(101동 지하1층 주차장),경산시 압량면 화랑로63길 3,경산시 압량면 537번지,376,376
619,경산시,서부2동,공공용,교통시설,옥산2지구공영주차장(지하주차장 1층),경산시 강변서로 51길 49,경산시 옥산동 725번지 1호,9167,9167
620,경산시,서부1동,공공용,주거시설,"옥산청구타운(103,105동 지하주차장 1층)",경산시 성암로8길 24,경산시 옥산동 884번지 2호,5721,5721
621,경산시,서부1동,공공용,주거시설,"부영우리마을(205,207동 지하주차장 1층)",경산시 경산로 26,경산시 옥곡동 829번지 1호,2003,2003
622,경산시,북부동,공공용,복지시설,영남대학교중앙도서관(지하1층),경산시 대학로 280(대동),경산시 대동 214번지 1호,1717,1717
623,경산시,북부동,공공용,상업시설,조아아울렛(지하1층),경산시 강변동로 278(대평동),경산시 대평동 439번지 7호,4632,4632
624,경산시,북부동,공공용,교통시설,영남대역(지하1층),경산시 대학로 지하 270(대동),경산시 대동 201번지 1호,8900,8900
625,경산시,서부2동,공공용,주거시설,"귀빈타운(104, 105동 앞 지하주차장 1층)",경산시 대학로12길 24(정평동),경산시 정평동 222번지,5395,5395
626,경산시,서부2동,공공용,주거시설,우방맨션1차(101동 102동 사이 지하주차장 1층),경산시 대학로16길 6(정평동),경산시 정평동 138번지 6호,1729,1729
627,경산시,서부2동,공공용,주거시설,"현대타운(109동, 110동 사이 지하1층주차장)",경산시 대학로9길 8(정평동),경산시 정평동 130번지,8509,8509
628,경산시,남부동,공공용,주거시설,부영초록마을(106동 지하1층 주차장),경산시 백천동로 5(백천동),경산시 백천동 571번지 1호,10080,10080
629,경산시,남부동,공공용,주거시설,"신나리아파트(101,102동 지하1층 주차장)",경산시 경청로222길 8(백천동),경산시 백천동 588번지 1호,11009,11009
630,경산시,남부동,공공용,주거시설,"상방주공아파트(105,107동 지하1층 주차장)",경산시 남매로6길 7(상방동),경산시 상방동 292번지,3016,3016
631,경산시,중앙동,공공용,관공서,경산시청(본관 지하1층),경산시 남매로 159(중방동),경산시 중방동 701번지 17호,281,281
632,경산시,중앙동,공공용,주거시설,"삼북주공아파트(106동,107동 지하1층 주차장)",경산시 장산로 152(삼북동),경산시 삼북동 27번지,529,529
633,경산시,중방동,공공용,교통시설,"임당역(지하 1층, 2층, 3층)",경산시 대학로 지하 170,경산시 중방동 50번지 4호,9607,9607
634,경산시,진량읍,공공용,주거시설,"창신황제타운(102,4,6,7동 지하1층주차장)",경산시 진량읍 황제1길 86-31,경산시 진량읍 70번지 1호,2836,2836
635,경산시,진량읍,공공용,주거시설,"우방힐타운(지하주차장 1층,2층)",경산시 진량읍 공단로 527,경산시 진량읍 868번지,8288,8288
636,경산시,남산면,공공용,관공서,남산면 행정복지센터(지하1층),경산시 남산면 하남로 323,경산시 남산면 57번지,91,91
637,경산시,진량읍,공공용,주거시설,우림필유(지하주차장 1층),경산시 진량읍 봉황길 53,경산시 진량읍 122번지 3호,3157,3157
638,경산시,서부1동,공공용,주거시설,경산우방유쉘(지하주차장 1층),경산시 강변서로 111,경산시 옥곡동 3번지 1호,9629,9629
639,경산시,서부1동,공공용,주거시설,웰리치성암(지하주차장 1층),경산시 삼성현로 203,경산시 옥곡동 80번지,6732,6732
640,경산시,진량읍,공공용,주거시설,진량휴먼시아(지하주차장 1층),경산시 진량읍 금호강변로 830-3,경산시 진량읍 715번지,3857,3857
641,경산시,동부동,공공용,주거시설,"태왕드림하이츠 아파트 (지하주차장 1층, 2층)",경산시 삼풍로13-7(삼풍동),경산시 삼풍동 500번지 1호,20949,20949
642,경산시,서부2동,공공용,주거시설,펜타힐즈더샵1차(지하주차장 1층),경산시 펜타힐즈2로 60,경산시 중산동 643번지,39130,39130
643,경산시,서부2동,공공용,주거시설,한서신혼하이츠(아파트정문 앞 지하주차장 1층),경산시 대학로13길 26(정평동),경산시 정평동 255번지 39호,7914,7914
644,경산시,중방동,공공용,주거시설,e편한세상2단지(지하주차장 1층),경산시 대학로28길 31(중방동),경산시 중방동 894번지,19071,19071
645,의성군,의성읍,공공용,주거시설,미진이지비아(전동지하) 지하 1층,경상북도 의성군 의성읍 홍술로 192,경상북도 의성군 의성읍 중리리 536번지 1호,4092,4092
646,의성군,의성읍,공공용,주거시설,상리휴먼시아(전동지하) 지하 1층,경상북도 의성군 의성읍 동서1길 114,경상북도 의성군 의성읍 상리리 767번지,2779,2779
647,의성군,의성읍,공공용,주거시설,우성아파트(전동지하) 지하 1층,경상북도 의성군 의성읍 의성사곡로 10(우성아파트),경상북도 의성군 의성읍 상리리 554번지 3호,661,661
648,의성군,안계면,공공용,주거시설,대경아파트(전동지하) 지하 1층,경상북도 의성군 안계면 안계길 80(대경아파트),경상북도 의성군 안계면 용기리 1116번지 35호,1072,1072
649,청송군,청송읍,공공용,관공서,청송군청(지하1층),청송읍 군청로 51,청송읍 월막리 330,210,210
650,청송군,청송읍,공공용,의료시설,청송군보건의료원(지하1층),청송읍 의료원길 19,청송읍 금곡리 1056-54,661.1,661
651,청송군,청송읍,공공용,상업시설,주왕산온천관광호텔(지하1층),청송읍 중앙로 315,청송읍 월막리 73-2,850.1,850
652,청송군,청송읍,공공용,복지시설,청송군종합문화복지타운(지하1층),청송읍 금월로 244-30,청송읍 금곡리 813,409.9,409
653,청송군,진보면,공공용,운동시설,진보문화체육센터(지하1층),진보면 진보로 187,진보면 각산리 508-9,216,216
654,영양군,영양읍,공공용,관공서,영양군청,영양군 영양읍 군청길 37,영양군 영양읍 서부리 379-1,2016,2016
655,영양군,영양읍,공공용,기타시설,영양군문화체육센터,영양군 영양읍 군민회관길 50,영양군 영양읍 서부리 141-1,149,149
656,영양군,영양읍,공공용,관공서,영양읍행정복지센터,영양군 영양읍 군청길 53,영양군 영양읍 서부리 550-10,78,78
657,영양군,영양읍,공공용,상업시설,영양객주,영양군 영양읍 시장3길 11,영양군 영양읍 서부리 292-4,111,111
658,영양군,영양읍,공공용,관공서,영양군교육지원청,영양군 영양읍 영양창수로 83,영양군 영양읍 동부리 96,278,278
659,영양군,영양읍,공공용,상업시설,청소년수련관,영양군 영양읍 동서대로 92,영양군 영양읍 동부리 184,245,245
660,영양군,영양읍,공공용,기타시설,영양문화원,영양군 영양읍 군민회관길 7,영양군 영양읍 서부리 2-15,35,35
661,영양군,석보면,공공용,기타시설,두들마을역사체험관,영양군 석보면 두들마을길 28,영양군 석보면 원리리 386-11,406,406
662,영덕군,영덕읍,공공용,관공서,영덕군청 지하 1층,영덕읍 군청길 116,영덕읍 남석리 310-3,514,514
663,영덕군,영덕읍,공공용,관공서,영덕경찰서 지하 1층,영덕읍 남산1길 14,영덕읍 남산리 59-3,717,717
664,영덕군,영덕읍,공공용,관공서,영덕교육지원청 지하 1층,영덕읍 읍사무소1길 32-15,영덕읍 우곡리 524,215,215
665,영덕군,영덕읍,공공용,관공서,영덕세무서 지하 1층,영덕읍 영덕로 35-11,영덕읍 남산리 61-1,152,152
666,영덕군,영덕읍,공공용,주거시설,마이다스빌 지하주차장 1층,영덕읍 영덕로 163,영덕읍 우곡리 217,1507,1507
667,영덕군,영덕읍,공공용,주거시설,혜광신세계타운 지하주차장 1층,영덕읍 중앙길 20,영덕읍 우곡리 283,2014,2014
668,영덕군,영덕읍,공공용,주거시설,태양맨숀 지하주차장 1층,영덕읍 강영로 504,영덕읍 우곡리 360-9,407,407
669,영덕군,영덕읍,공공용,관공서,대구지방검찰청 영덕지청 지하 1층,영덕읍 경동로 8335,영덕읍 화개리 265,988,988
670,영덕군,영덕읍,공공용,관공서,대구지방법원 영덕지원 지하 1층,영덕읍 경동로 8337,영덕읍 화개리 226-1,601,601
671,영덕군,영덕읍,공공용,주거시설,맘애듬아파트 지하주차장 1층,영덕읍 덕곡천길 34,영덕읍 덕곡리 150-26,678,678
672,영덕군,영덕읍,공공용,주거시설,우진센트럴하임 지하주차장 1층,영덕읍 읍사무소1길 42-21,영덕읍 우곡리 522,3712,3712
673,영덕군,영덕읍,공공용,학교시설,영덕야성초등학교 지하 1층,영덕읍 덕곡길 96,영덕읍 덕곡리 170,463,463
674,영덕군,강구면,공공용,학교시설,강구중학교 지하 1층,강구면 신강구1길 45-5,강구면 삼사리 15-1,82,82
675,영덕군,영해면,공공용,문화·집회시설,예주문화예술회관 지하 1층,영해면 318만세길 36,영해면 성내리 860,1784,1784
676,청도군,청도읍,공공용,관공서,청도군 노인복지관,청도군 청도읍 한내길 68,청도군 청도읍 고수리 3,478,478
677,청도군,청도읍,공공용,운동시설,재향군인회 청호체육관 지하 체력단련실,청도군 청도읍 고수동5길 21,청도군 청도읍 고수리 834-4,213,213
678,청도군,청도읍,공공용,주차장,일송빌딩 지하주차장,청도군 청도읍 냉정길 1,청도군 청도읍 고수리 152-77,165,165
679,청도군,청도읍,공공용,주거시설,성조아파트 101동 지하주차장,청도군 청도읍 고수뒷길 74-16,청도군 청도읍 고수리 656,1430,1430
680,청도군,청도읍,공공용,주거시설,성조아파트 102동 지하주차장,청도군 청도읍 고수산복길 86,청도군 청도읍 고수리 630,1369,1369
681,청도군,청도읍,공공용,의료시설,하나병원 지하시설,청도군 청도읍 청도신기길 78-10,청도군 청도읍 고수리 15-1,963,963
682,청도군,화양읍,공공용,관공서,화양읍사무소 창고,청도군 화양읍 도주관로 159,청도군 화양읍 동상리 58,101,101
683,청도군,화양읍,공공용,관공서,청도군청 지하식당,청도군 화양읍 청화로 70,청도군 화양읍 범곡리 133,2181,2181
684,청도군,화양읍,공공용,관공서,청도군 보건소 수영장,청도군 화양읍 청화로 79-15,청도군 화양읍 범곡리 96-2,1416,1416
685,청도군,화양읍,공공용,의료시설,청도대남병원 장례식장,청도군 화양읍 청화로 79-7,청도군 화양읍 범곡리 100-1,927,927
686,청도군,화양읍,공공용,관공서,화양우체국 창고,청도군 화양읍 도주관로 151,청도군 화양읍 서상리 7-2,134,134
687,청도군,화양읍,공공용,학교시설,모계중학교 지하 소강당,청도군 화양읍 청화로 67,청도군 화양읍 범곡리 117,576,576
688,청도군,화양읍,공공용,주거시설,청도코아루블루핀아파트 지하주차장 1층,경상북도 청도군 화양읍 청화로 26-1 ,청도군 화양읍 범곡리 438,4019,4019
689,고령군,대가야읍,공공용,관공서,군청 지파대피시설 지하 1층,경상북도 고령군 대가야읍 왕릉로 55,경상북도 고령군 대가야읍 지산리 190,1150,1150
690,고령군,대가야읍,공공용,관공서,문화누리관 지하 1층,경상북도 고령군 대가야읍 왕릉로 30,경상북도 고령군 대가야읍 지산리 337,5900,5900
691,고령군,대가야읍,공공용,관공서,고령교육지원청 지하 1층,경상북도 고령군 대가야읍 가야금길 34,경상북도 고령군 대가야읍 쾌빈리 106-1,109.2,109
692,성주군,성주읍,공공용,관공서,성주군청 지하 1층,경상북도 성주군 성주읍 성주로3200,경상북도 성주군 성주읍 283번지1호,152,152
693,성주군,성주읍,공공용,관공서,성주교육청 지하 1층,경상북도 성주군 성주읍 주산로 71-4,경상북도 성주군 성주읍 432번지 3호,407,407
694,성주군,성주읍,공공용,관공서,성주우체국 지하주차장 1층,경상북도 성주군 성주읍 성주로3210,경상북도 성주군 성주읍 660번지 3호,825,825
695,성주군,성주읍,공공용,주거시설,청일가야아파트 지하주차장 1층,경상북도 성주군 성주읍1길 20,경상북도 성주군 성주읍 2094번지,1658,1658
696,성주군,성주읍,공공용,주거시설,청구신호타운 지하주차장 1층,경상북도 성주군 성주읍 경산2길 19-8,경상북도 성주군 성주읍 762번지 5호,760.7,760
697,성주군,성주읍,공공용,주거시설,성주우방타운 지하주차장 1층,경상북도 성주군 성주읍 성주순환로 14,경상북도 성주군 성주읍 426번지,1223,1223
698,성주군,성주읍,공공용,주거시설,신성강변타운 지하주차장 1층,경상북도 성주군 성주읍 성밖숲길 43,경상북도 성주군 성주읍 496번지,1325,1325
699,성주군,성주읍,공공용,관공서,성주문화예술회관 대강당 지하 1층,경상북도 성주군 성주읍 성산9길 45,경상북도 성주군 성주읍 161번지 1호,406,406
700,성주군,성주읍,공공용,관공서,성주창의문화센터 지하주차장 1층,"경상북도 성주군 성주읍 경산길 15, 성주창의문화센터",경상북도 성주군 성주읍 경산리 597-2,3790,3790
701,칠곡군,북삼읍,공공용,주거시설,북삼휴먼시아 지하주차장 ,경상북도 칠곡군 북삼읍 북삼로 200,경상북도 칠곡군 북삼읍 31번지 1호,1800,1800
702,칠곡군,북삼읍,공공용,주거시설,숭오화성파크지하주차장 ,경상북도 칠곡군 북삼읍 북삼로 193-5,경상북도 칠곡군 북삼읍 26번지 1호,5477,5477
703,칠곡군,왜관읍,공공용,주거시설,왜관휴먼시아4단지 지하주차장,경상북도 칠곡군 왜관읍 관문로1길 24,경상북도 칠곡군 왜관읍 883번지,4028,4028
704,칠곡군,왜관읍,공공용,주거시설,왜관한빛타운 지하주차장,경상북도 칠곡군 왜관읍 석전로 77,경상북도 칠곡군 왜관읍 561번지,3430,3430
705,칠곡군,왜관읍,공공용,주거시설,왜관삼성아파트 지하주차장,경상북도 칠곡군 왜관읍 구상길 180,경상북도 칠곡군 왜관읍 780번지 33호,4421,4421
706,칠곡군,왜관읍,공공용,주거시설,대동다숲아파트 지하주차장,경상북도 칠곡군 왜관읍 평장3길 50,경상북도 칠곡군 왜관읍 661번지 4호,6600,6600
707,칠곡군,약목면,공공용,주거시설,약목오성타워맨션 지하주차장,경상북도 칠곡군 약목면 복성13길 24,경상북도 칠곡군 약목면 복성리 701,1667,1667
708,칠곡군,석적읍,공공용,주거시설,칠곡남율효성해링턴플레이스1단지 지하주차장,경상북도 칠곡군 석적읍 남율로9길 33,경상북도 칠곡군 석적읍 1087번지,8250,8250
709,칠곡군,석적읍,공공용,주거시설,3공단부영아파트 지하주차장,경상북도 칠곡군 석적읍 북중리3길 70,경상북도 칠곡군 석적읍 141번지,9592,9592
710,칠곡군,석적읍,공공용,주거시설,우방신천지아파트 지하주차장,경상북도 칠곡군 석적읍 석적로 955-19,경상북도 칠곡군 석적읍 710번지,8250,8250
711,칠곡군,북삼읍,공공용,주거시설,전원대동타운 지하주차장,경상북도 칠곡군 북삼읍 외율1길 9,경상북도 칠곡군 북삼읍 830번지 47호,2144,2144
712,칠곡군,북삼읍,공공용,주거시설,금오현대아파트 지하주차장,경상북도 칠곡군 북삼읍 안산2길 37-9,경상북도 칠곡군 북삼읍 18번지 1호,7842,7842
713,칠곡군,북삼읍,공공용,주거시설,인평창신아파트 지하주차장,경상북도 칠곡군 북삼읍 금오대로6길 9-6,경상북도 칠곡군 북삼읍 1090번지,2994,2994
714,칠곡군,북삼읍,공공용,주거시설,동부늘푸른타운 지하주차장,경상북도 칠곡군 북삼읍 북삼로8길 19,경상북도 칠곡군 북삼읍 271번지 1호,2242,2242
715,칠곡군,북삼읍,공공용,주거시설,숭오대동타운 지하주차장,경상북도 칠곡군 북삼읍 인강5길 59,경상북도 칠곡군 북삼읍 678번지 1호,1033,1033
716,칠곡군,북삼읍,공공용,주거시설,숭오화진금봉타운1차 지하주차장,경상북도 칠곡군 북삼읍 안산2길 6-4,경상북도 칠곡군 북삼읍 690번지 1호,2110,2110
717,칠곡군,왜관읍,공공용,주거시설,이원리버빌 지하주차장,경상북도 칠곡군 왜관읍 2번도로길 105,경상북도 칠곡군 왜관읍 208번지 16호,1384,1384
718,칠곡군,석적읍,공공용,주거시설,중리금호어울림 지하주차장,경상북도 칠곡군 석적읍 서중리5길 66-6,경상북도 칠곡군 석적읍 171번지,8250,8250
719,예천군,예천읍,공공용,주거시설,세아아파트 101동 지하주차장(지하1층),경북 예천군 예천읍 양궁로 83 세아아파트,경북 예천군 예천읍 청복리 383-4번지,501,501
720,예천군,예천읍,공공용,주거시설,세아아파트 102동 지하주차장(지하1층),경북 예천군 예천읍 양궁로 83 세아아파트,경북 예천군 예천읍 청복리 383-2번지,483,483
721,예천군,예천읍,공공용,주거시설,장미마을아파트 101동 지하주차장(지하1층),경북 예천군 예천읍 대심1길 19 장미마을아파트,경북 예천군 예천읍 대심리 78-1번지,513,513
722,예천군,예천읍,공공용,주거시설,장미마을아파트 103동 지하주차장(지하1층),경북 예천군 예천읍 대심1길 19 장미마을아파트,경북 예천군 예천읍 대심리 78-1번지,775,775
723,예천군,예천읍,공공용,관공서,예천우체국 지하공간(지하1층),경북 예천군 예천읍 군청길 27(예천우체국),경북 예천군 예천읍 서본리 1-8번지,69,69
724,예천군,예천읍,공공용,주거시설,삼우목련아파트 지하주차장(지하1층),경북 예천군 예천읍 대심3길 35-19 삼우목련아파트,경북 예천군 예천읍 대심리 17-8번지,1035,1035
725,예천군,예천읍,공공용,주거시설,세종타운 지하주차장(지하1층),경북 예천군 예천읍 효자로 40 세종타운,경북 예천군 예천읍 남본리 237-2번지,487,487
726,예천군,예천읍,공공용,주거시설,두영서부빌라트 지하주차장(지하1층),경북 예천군 예천읍 효자로 31 두영서부빌라트,경북 예천군 예천읍 서본리 64-3번지,617,617
727,예천군,예천읍,공공용,주거시설,무궁화아파트 지하주차장(지하1층),경북 예천군 예천읍 군청길 44 무궁화아파트,경북 예천군 예천읍 노하리 68-4번지,92,92
728,예천군,예천읍,공공용,관공서,예천읍행정복지센터 지하공간(지하1층),경북 예천군 예천읍 군청앞길 2 ,경북 예천군 예천읍 서본리 1-6,224,224
729,예천군,예천읍,공공용,주거시설,대심주공아파트 101동 지하주차장(지하1층),경북 예천군 예천읍 봉덕로 52(주공아파트),경북 예천군 예천읍 대심리 430번지,877,877
730,예천군,예천읍,공공용,주거시설,조일리버빌 지하주차장(지하1층),경북 예천군 예천읍 한천길 21 조일리버빌,경북 예천군 예천읍 동본리 442-1번지,901,901
731,예천군,호명읍,공공용,주거시설,경북도청아이파크 1지하주차장(106~109동/지하1층),경북 예천군 호명면 새움3로 7 경북도청아이파크,경북 예천군 호명면 1382번지,5991,5991
732,예천군,호명읍,공공용,주거시설,경북도청아이파크 2지하주차장(101~105동/지하1층),경북 예천군 호명면 새움3로 7 경북도청아이파크,경북 예천군 호명면 1382번지,6555,6555
733,예천군,호명읍,공공용,주거시설,우방아이유쉘1차 지하주차장(101~108동/지하1층),경북 예천군 호명면 검무로 17 우방아이유쉘1차,경북 예천군 호명면 1401번지,15195,15195
734,예천군,호명읍,공공용,주거시설,우방아이유쉘2차 지하주차장(201~206동/지하1층),경북 예천군 호명면 행복로 230 우방아이유쉘2차,경북 예천군 호명면 1383번지,13332,13332
735,예천군,호명읍,공공용,주거시설,우방아이유쉘센텀 지하주차장(301~311동/지하1층),경북 예천군 호명면 검무로 27 우방아이유쉘센텀,경북 예천군 호명면 1400번지,38830,38830
736,예천군,호명읍,공공용,주거시설,우방아이유쉘센트럴 지하주차장(501~510동/지하1층),경북 예천군 호명면 행복로 229 우방아이유쉘센트럴,경북 예천군 호명면 1398번지,26522,26522
737,예천군,호명읍,공공용,주거시설,호반 2차 지하주차장(201~222동/지하1층),경북 예천군 호명면 양지로 14 호반베르디움2차,경북 예천군 호명면 1381번지,39579,39579
738,예천군,호명읍,공공용,주거시설,트레젠웰가 오피스텔 지하주차장(지하1층),경북 예천군 호명면 행복4길 25 트레젠웰가,경북 예천군 호명면 769번지,3082,3082
739,예천군,호명읍,공공용,주거시설,에비뉴시티 오피스텔 지하주차장(지하1층),경북 예천군 호명면 양지9길 18 에비뉴시티,경북 예천군 호명면 1151번지,2129,2129
740,예천군,예천읍,공공용,주거시설,이테크코아루 지하주차장(101~104동/지하1층),경북 예천군 예천읍 양궁로 60-20(예천이테크코아루),경북 예천군 예천읍 남본리 319 예천이테크코아루,5362,5362
741,예천군,예천읍,공공용,관공서,예천군청 지하주차장(지하1층),"경북 예천군 예천읍 충효로 111, 예천군청",경북 예천군 예천읍 대심리 353 예천군청,6436,6436
742,봉화군,봉화읍,공공용,상업시설,봉화새마을금고 지하주차장 1층,경상북도 봉화군 봉화읍 봉화로 1146,경상북도 봉화군 봉화읍 내성리 419-30,474.9,474
743,봉화군,봉화읍,공공용,관공서,군민회관 지하 1층,경상북도 봉화군 봉화읍 내성로4길 6-44,경상북도 봉화군 봉화읍 내성리 42-1,323.3,323
744,봉화군,봉화읍,공공용,관공서,봉화군청 지하주차장 1층,경상북도 봉화군 봉화읍 봉화로 1111,경상북도 봉화군 봉화읍 내성리 537,699.3,699
745,봉화군,봉화읍,공공용,주거시설,톱텍시티파크 지하주차장 1층,경상북도 봉화군 봉화읍 교통1길 2,경상북도 봉화군 봉화읍 내성리 490-4,1067,1067
746,울진군,울진읍,공공용,관공서,울진교육지원청 지하1층,울진군 울진읍 월변7길17,울진군 울진읍 읍내리 290-6,300,300
747,울진군,울진읍,공공용,방송통신시설,KT울진지사 지하주차창 1층,울진군 울진읍 읍내8길25,울진군 울진읍 읍내리513-1,787,787
748,울진군,울진읍,공공용,주거시설,현대아파트 지하주차창 1층,울진군 울진읍 월변9길26,울진군 울진읍 읍내리 196-4,2671,2671
749,울진군,울진읍,공공용,주거시설,명지렉스빌 지하주차창 1층,울진군 을진읍 읍내로 70,울진군 울진읍 읍내리 521-3,337,337
750,울진군,북면,공공용,주거시설,한울원자력본부직원사택 3상록관 지하주차장 1층,울진군 북면 울진북로 2149,울진군 북면 나곡리 165,3487,3487
751,울진군,북면,공공용,주거시설,한울원자력본부직원사택 2단지 지하주차장 1층,울진군 북면 울진북로 2149,울진군 북면 나곡리 148,6034,6034
752,울진군,북면,공공용,주거시설,한울원자력본부직원사택 4단지 지하주차장 1층,울진군 북면 울진북로 2149,울진군 북면 부구리 235,19151,19151
753,울진군,울진읍,공공용,주거시설,금광베네스타 지하주차장 1층,울진군 울진읍 울진북로 602,울진군 울진읍 고성리 14,1732,1732
754,울진군,울진읍,공공용,주거시설,삼성생명빌딩 지하주차장 1층,울진군 울진읍 울진중앙로 144,울진군 울진읍 읍내리 516-15,200,200
755,울진군,울진읍,공공용,주거시설,석호마을아파트 지하주차장 1층,울진군 북면 울진북로 2234,울진군 북면 나곡리 62-1,941,941
756,울진군,울진읍,공공용,주거시설,윤준비치아트빌 지하주차장 1층,울진군 죽변면 죽변북로 87,울진군 죽변면 후정리 188-3,88,88
757,울릉군,울릉읍,공공용,주차장,도동공영주차장,경북 울릉군 울릉읍 도동2길 23,경북 울릉군 울릉읍 56,468,468
758,울릉군,울릉읍,공공용,관공서,울릉군청,경북 울릉군 울릉읍 도동2길 66,경북 울릉군 울릉읍 206-1,227,227
759,울릉군,울릉읍,공공용,관공서,울릉군의회,경북 울릉군 울릉읍 도동길 143,경북 울릉군 울릉읍 176-2,314,314
760,울릉군,울릉읍,공공용,문화·집회시설,한마음회관,경북 울릉군 울릉읍 울릉순환로 286,경북 울릉군 울릉읍 408,83,83
761,울릉군,울릉읍,공공용,의료시설,울릉군 보건의료원,경북 울릉군 울릉읍 울릉순환로 396-18,경북 울릉군 울릉읍 571-24,1012,1012
762,울릉군,울릉읍,공공용,상업시설,KT울릉지사,경북 울릉군 울릉읍 도동길 193,경북 울릉군 울릉읍 223-10,400,400
763,울릉군,울릉읍,공공용,관공서,농업기술센터,경북 울릉군 울릉읍 간령길 83-18,경북 울릉군 울릉읍 541-8,75,75
764,울릉군,울릉읍,공공용,주거시설,울릉군 휴먼시아 아파트,경북 울릉군 울릉읍 봉래길 176,경북 울릉군 울릉읍 463,40,40
